{
  "@context": "https://w3id.org/ro/crate/1.1/context",
  "@graph": [
    {
      "@id": "ro-crate-metadata.json",
      "@type": "CreativeWork",
      "about": {
        "@id": "./"
      },
      "conformsTo": [
        {
          "@id": "https://w3id.org/ro/crate/1.1"
        },
        {
          "@id": "https://about.workflowhub.eu/Workflow-RO-Crate/"
        }
      ]
    },
    {
      "@id": "./",
      "@type": "Dataset",
      "datePublished": "2024-01-03T00:32:35.063+00:00",
      "mainEntity": {
        "@id": "main_workflow.ga"
      }
    },
    {
      "@id": "main_workflow.ga",
      "@type": [
        "File",
        "SoftwareSourceCode",
        "ComputationalWorkflow"
      ],
      "author": [
        {
          "@id": "#b77c660e-235b-4a9e-ab62-edfe9037b287"
        },
        {
          "@id": "#fdbd4c2f-8266-4f2f-b1fd-5de38ae31248"
        },
        {
          "@id": "#ee2ea8d7-fd04-49c3-82b1-c7fb27bd8f93"
        },
        {
          "@id": "#65a406c9-917c-478e-9129-994d0c1579f1"
        }
      ],
      "license": {
        "@id": "https://spdx.org/licenses/GPL-3.0-or-later"
      },
      "name": "Genome Assembly using PacBio data",
      "version": 4,
      "programmingLanguage": {
        "@id": "https://w3id.org/workflowhub/workflow-ro-crate#galaxy"
      }
    },
    {
      "@id": "https://spdx.org/licenses/GPL-3.0-or-later",
      "@type": "CreativeWork",
      "name": "GPL-3.0-or-later"
    },
    {
      "@id": "https://w3id.org/workflowhub/workflow-ro-crate#galaxy",
      "@type": "ComputerLanguage",
      "identifier": {
        "@id": "https://galaxyproject.org/"
      },
      "name": "Galaxy",
      "url": {
        "@id": "https://galaxyproject.org/"
      },
      "version": "23.1"
    },
    {
      "@id": "#b77c660e-235b-4a9e-ab62-edfe9037b287",
      "@type": "Person",
      "name": "Erwan Corre"
    },
    {
      "@id": "#fdbd4c2f-8266-4f2f-b1fd-5de38ae31248",
      "@type": "Person",
      "name": "Stéphanie Robin"
    },
    {
      "@id": "#ee2ea8d7-fd04-49c3-82b1-c7fb27bd8f93",
      "@type": "Person",
      "name": "Anthony Bretaudeau"
    },
    {
      "@id": "#65a406c9-917c-478e-9129-994d0c1579f1",
      "@type": "Person",
      "name": "Alexandre Cormier"
    }
  ]
}