{
  "@context": "https://w3id.org/ro/crate/1.1/context",
  "@graph": [
    {
      "@id": "ro-crate-metadata.json",
      "@type": "CreativeWork",
      "about": {
        "@id": "./"
      },
      "conformsTo": [
        {
          "@id": "https://w3id.org/ro/crate/1.1"
        },
        {
          "@id": "https://about.workflowhub.eu/Workflow-RO-Crate/"
        }
      ]
    },
    {
      "@id": "./",
      "@type": "Dataset",
      "datePublished": "2024-03-08T00:31:52.162+00:00",
      "mainEntity": {
        "@id": "main_workflow.ga"
      }
    },
    {
      "@id": "main_workflow.ga",
      "@type": [
        "File",
        "SoftwareSourceCode",
        "ComputationalWorkflow"
      ],
      "author": [
        {
          "@id": "#f46973c2-9d33-4975-891a-1ca59b1415a5"
        },
        {
          "@id": "#88656c54-e946-4846-81ef-b9aea5ac54d5"
        },
        {
          "@id": "#d8ca0b0b-4f5d-4a4b-8024-dc3789d1f3d3"
        },
        {
          "@id": "#800e51a6-0e4d-4004-806e-57310afc2890"
        }
      ],
      "license": {
        "@id": "https://spdx.org/licenses/GPL-3.0-or-later"
      },
      "name": "Genome Assembly using PacBio data",
      "version": 4,
      "programmingLanguage": {
        "@id": "https://w3id.org/workflowhub/workflow-ro-crate#galaxy"
      }
    },
    {
      "@id": "https://spdx.org/licenses/GPL-3.0-or-later",
      "@type": "CreativeWork",
      "name": "GPL-3.0-or-later"
    },
    {
      "@id": "https://w3id.org/workflowhub/workflow-ro-crate#galaxy",
      "@type": "ComputerLanguage",
      "identifier": {
        "@id": "https://galaxyproject.org/"
      },
      "name": "Galaxy",
      "url": {
        "@id": "https://galaxyproject.org/"
      },
      "version": "23.1"
    },
    {
      "@id": "#f46973c2-9d33-4975-891a-1ca59b1415a5",
      "@type": "Person",
      "name": "Erwan Corre"
    },
    {
      "@id": "#88656c54-e946-4846-81ef-b9aea5ac54d5",
      "@type": "Person",
      "name": "Stéphanie Robin"
    },
    {
      "@id": "#d8ca0b0b-4f5d-4a4b-8024-dc3789d1f3d3",
      "@type": "Person",
      "name": "Anthony Bretaudeau"
    },
    {
      "@id": "#800e51a6-0e4d-4004-806e-57310afc2890",
      "@type": "Person",
      "name": "Alexandre Cormier"
    }
  ]
}