{
  "@context": "https://w3id.org/ro/crate/1.1/context",
  "@graph": [
    {
      "@id": "ro-crate-metadata.json",
      "@type": "CreativeWork",
      "about": {
        "@id": "./"
      },
      "conformsTo": [
        {
          "@id": "https://w3id.org/ro/crate/1.1"
        },
        {
          "@id": "https://about.workflowhub.eu/Workflow-RO-Crate/"
        }
      ]
    },
    {
      "@id": "./",
      "@type": "Dataset",
      "datePublished": "2024-01-22T00:35:26.356+00:00",
      "mainEntity": {
        "@id": "main_workflow.ga"
      }
    },
    {
      "@id": "main_workflow.ga",
      "@type": [
        "File",
        "SoftwareSourceCode",
        "ComputationalWorkflow"
      ],
      "author": [
        {
          "@id": "#7f02a64f-737a-40a1-936c-f5885aa3b32c"
        },
        {
          "@id": "#cdf0a4df-300e-4604-9c55-5dddc0e9c107"
        },
        {
          "@id": "#f36a36aa-60d4-4640-a25a-f2a7a678b4c6"
        },
        {
          "@id": "#7fc69fdb-7b1d-4871-967d-90926d0cfa41"
        }
      ],
      "license": {
        "@id": "https://spdx.org/licenses/GPL-3.0-or-later"
      },
      "name": "Genome Assembly using PacBio data",
      "version": 4,
      "programmingLanguage": {
        "@id": "https://w3id.org/workflowhub/workflow-ro-crate#galaxy"
      }
    },
    {
      "@id": "https://spdx.org/licenses/GPL-3.0-or-later",
      "@type": "CreativeWork",
      "name": "GPL-3.0-or-later"
    },
    {
      "@id": "https://w3id.org/workflowhub/workflow-ro-crate#galaxy",
      "@type": "ComputerLanguage",
      "identifier": {
        "@id": "https://galaxyproject.org/"
      },
      "name": "Galaxy",
      "url": {
        "@id": "https://galaxyproject.org/"
      },
      "version": "23.1"
    },
    {
      "@id": "#7f02a64f-737a-40a1-936c-f5885aa3b32c",
      "@type": "Person",
      "name": "Erwan Corre"
    },
    {
      "@id": "#cdf0a4df-300e-4604-9c55-5dddc0e9c107",
      "@type": "Person",
      "name": "Stéphanie Robin"
    },
    {
      "@id": "#f36a36aa-60d4-4640-a25a-f2a7a678b4c6",
      "@type": "Person",
      "name": "Anthony Bretaudeau"
    },
    {
      "@id": "#7fc69fdb-7b1d-4871-967d-90926d0cfa41",
      "@type": "Person",
      "name": "Alexandre Cormier"
    }
  ]
}