{
  "@context": "https://w3id.org/ro/crate/1.1/context",
  "@graph": [
    {
      "@id": "ro-crate-metadata.json",
      "@type": "CreativeWork",
      "about": {
        "@id": "./"
      },
      "conformsTo": [
        {
          "@id": "https://w3id.org/ro/crate/1.1"
        },
        {
          "@id": "https://about.workflowhub.eu/Workflow-RO-Crate/"
        }
      ]
    },
    {
      "@id": "./",
      "@type": "Dataset",
      "datePublished": "2024-03-29T00:32:06.511+00:00",
      "mainEntity": {
        "@id": "main_workflow.ga"
      }
    },
    {
      "@id": "main_workflow.ga",
      "@type": [
        "File",
        "SoftwareSourceCode",
        "ComputationalWorkflow"
      ],
      "author": [
        {
          "@id": "#19d0bce1-619d-410a-a8e4-73a4e20751f5"
        },
        {
          "@id": "#4d969b7f-b413-44e8-9772-341414e47ce9"
        },
        {
          "@id": "#81f61539-8890-44fa-b4ad-fdf5a5354db2"
        },
        {
          "@id": "#90eadef4-8268-46a0-81df-aab3b2b22474"
        }
      ],
      "license": {
        "@id": "https://spdx.org/licenses/GPL-3.0-or-later"
      },
      "name": "Genome Assembly using PacBio data",
      "version": 4,
      "programmingLanguage": {
        "@id": "https://w3id.org/workflowhub/workflow-ro-crate#galaxy"
      }
    },
    {
      "@id": "https://spdx.org/licenses/GPL-3.0-or-later",
      "@type": "CreativeWork",
      "name": "GPL-3.0-or-later"
    },
    {
      "@id": "https://w3id.org/workflowhub/workflow-ro-crate#galaxy",
      "@type": "ComputerLanguage",
      "identifier": {
        "@id": "https://galaxyproject.org/"
      },
      "name": "Galaxy",
      "url": {
        "@id": "https://galaxyproject.org/"
      },
      "version": "23.1"
    },
    {
      "@id": "#19d0bce1-619d-410a-a8e4-73a4e20751f5",
      "@type": "Person",
      "name": "Erwan Corre"
    },
    {
      "@id": "#4d969b7f-b413-44e8-9772-341414e47ce9",
      "@type": "Person",
      "name": "Stéphanie Robin"
    },
    {
      "@id": "#81f61539-8890-44fa-b4ad-fdf5a5354db2",
      "@type": "Person",
      "name": "Anthony Bretaudeau"
    },
    {
      "@id": "#90eadef4-8268-46a0-81df-aab3b2b22474",
      "@type": "Person",
      "name": "Alexandre Cormier"
    }
  ]
}