{
  "@context": "https://w3id.org/ro/crate/1.1/context",
  "@graph": [
    {
      "@id": "ro-crate-metadata.json",
      "@type": "CreativeWork",
      "about": {
        "@id": "./"
      },
      "conformsTo": [
        {
          "@id": "https://w3id.org/ro/crate/1.1"
        },
        {
          "@id": "https://about.workflowhub.eu/Workflow-RO-Crate/"
        }
      ]
    },
    {
      "@id": "./",
      "@type": "Dataset",
      "datePublished": "2024-02-01T00:32:53.874+00:00",
      "mainEntity": {
        "@id": "main_workflow.ga"
      }
    },
    {
      "@id": "main_workflow.ga",
      "@type": [
        "File",
        "SoftwareSourceCode",
        "ComputationalWorkflow"
      ],
      "author": [
        {
          "@id": "#ba40f09f-ab6c-49b2-b338-50175e70a7cf"
        },
        {
          "@id": "#13fd6c4b-5327-4e0b-ad1b-dc42922821a0"
        },
        {
          "@id": "#ae1d2f81-6618-4b95-823d-32b3be91fd3f"
        },
        {
          "@id": "#2d0afd51-a194-41a4-9387-a26e0562d173"
        }
      ],
      "license": {
        "@id": "https://spdx.org/licenses/GPL-3.0-or-later"
      },
      "name": "Genome Assembly using PacBio data",
      "version": 4,
      "programmingLanguage": {
        "@id": "https://w3id.org/workflowhub/workflow-ro-crate#galaxy"
      }
    },
    {
      "@id": "https://spdx.org/licenses/GPL-3.0-or-later",
      "@type": "CreativeWork",
      "name": "GPL-3.0-or-later"
    },
    {
      "@id": "https://w3id.org/workflowhub/workflow-ro-crate#galaxy",
      "@type": "ComputerLanguage",
      "identifier": {
        "@id": "https://galaxyproject.org/"
      },
      "name": "Galaxy",
      "url": {
        "@id": "https://galaxyproject.org/"
      },
      "version": "23.1"
    },
    {
      "@id": "#ba40f09f-ab6c-49b2-b338-50175e70a7cf",
      "@type": "Person",
      "name": "Erwan Corre"
    },
    {
      "@id": "#13fd6c4b-5327-4e0b-ad1b-dc42922821a0",
      "@type": "Person",
      "name": "Stéphanie Robin"
    },
    {
      "@id": "#ae1d2f81-6618-4b95-823d-32b3be91fd3f",
      "@type": "Person",
      "name": "Anthony Bretaudeau"
    },
    {
      "@id": "#2d0afd51-a194-41a4-9387-a26e0562d173",
      "@type": "Person",
      "name": "Alexandre Cormier"
    }
  ]
}