{
  "@context": "https://w3id.org/ro/crate/1.1/context",
  "@graph": [
    {
      "@id": "ro-crate-metadata.json",
      "@type": "CreativeWork",
      "about": {
        "@id": "./"
      },
      "conformsTo": [
        {
          "@id": "https://w3id.org/ro/crate/1.1"
        },
        {
          "@id": "https://about.workflowhub.eu/Workflow-RO-Crate/"
        }
      ]
    },
    {
      "@id": "./",
      "@type": "Dataset",
      "datePublished": "2024-01-25T00:36:20.702+00:00",
      "mainEntity": {
        "@id": "main_workflow.ga"
      }
    },
    {
      "@id": "main_workflow.ga",
      "@type": [
        "File",
        "SoftwareSourceCode",
        "ComputationalWorkflow"
      ],
      "author": [
        {
          "@id": "#ff84f24a-1b8a-400e-a077-6982ac1bbdb4"
        },
        {
          "@id": "#0be713a1-446f-4c72-8057-755922c983b9"
        },
        {
          "@id": "#bc0a9d4a-5a9e-409a-8b33-7cf376f081c9"
        },
        {
          "@id": "#b045d699-d130-4805-b478-3c0859cfa4eb"
        }
      ],
      "license": {
        "@id": "https://spdx.org/licenses/GPL-3.0-or-later"
      },
      "name": "Genome Assembly using PacBio data",
      "version": 4,
      "programmingLanguage": {
        "@id": "https://w3id.org/workflowhub/workflow-ro-crate#galaxy"
      }
    },
    {
      "@id": "https://spdx.org/licenses/GPL-3.0-or-later",
      "@type": "CreativeWork",
      "name": "GPL-3.0-or-later"
    },
    {
      "@id": "https://w3id.org/workflowhub/workflow-ro-crate#galaxy",
      "@type": "ComputerLanguage",
      "identifier": {
        "@id": "https://galaxyproject.org/"
      },
      "name": "Galaxy",
      "url": {
        "@id": "https://galaxyproject.org/"
      },
      "version": "23.1"
    },
    {
      "@id": "#ff84f24a-1b8a-400e-a077-6982ac1bbdb4",
      "@type": "Person",
      "name": "Erwan Corre"
    },
    {
      "@id": "#0be713a1-446f-4c72-8057-755922c983b9",
      "@type": "Person",
      "name": "Stéphanie Robin"
    },
    {
      "@id": "#bc0a9d4a-5a9e-409a-8b33-7cf376f081c9",
      "@type": "Person",
      "name": "Anthony Bretaudeau"
    },
    {
      "@id": "#b045d699-d130-4805-b478-3c0859cfa4eb",
      "@type": "Person",
      "name": "Alexandre Cormier"
    }
  ]
}