{
  "@context": "https://w3id.org/ro/crate/1.1/context",
  "@graph": [
    {
      "@id": "ro-crate-metadata.json",
      "@type": "CreativeWork",
      "about": {
        "@id": "./"
      },
      "conformsTo": [
        {
          "@id": "https://w3id.org/ro/crate/1.1"
        },
        {
          "@id": "https://about.workflowhub.eu/Workflow-RO-Crate/"
        }
      ]
    },
    {
      "@id": "./",
      "@type": "Dataset",
      "datePublished": "2024-05-07T00:33:35.246+00:00",
      "mainEntity": {
        "@id": "main_workflow.ga"
      }
    },
    {
      "@id": "main_workflow.ga",
      "@type": [
        "File",
        "SoftwareSourceCode",
        "ComputationalWorkflow"
      ],
      "author": [
        {
          "@id": "#73dc41b7-2d9e-47a6-b99c-8a1a24044dc6"
        },
        {
          "@id": "#88b931c6-7a2d-4f27-93a3-972b8f4ef54c"
        },
        {
          "@id": "#0ab6b763-06dc-455a-87f8-a26d5220c63c"
        },
        {
          "@id": "#69f84b15-3123-4571-9c02-f371871749c0"
        }
      ],
      "license": {
        "@id": "https://spdx.org/licenses/GPL-3.0-or-later"
      },
      "name": "Genome Assembly using PacBio data",
      "version": 4,
      "programmingLanguage": {
        "@id": "https://w3id.org/workflowhub/workflow-ro-crate#galaxy"
      }
    },
    {
      "@id": "https://spdx.org/licenses/GPL-3.0-or-later",
      "@type": "CreativeWork",
      "name": "GPL-3.0-or-later"
    },
    {
      "@id": "https://w3id.org/workflowhub/workflow-ro-crate#galaxy",
      "@type": "ComputerLanguage",
      "identifier": {
        "@id": "https://galaxyproject.org/"
      },
      "name": "Galaxy",
      "url": {
        "@id": "https://galaxyproject.org/"
      },
      "version": "23.1"
    },
    {
      "@id": "#73dc41b7-2d9e-47a6-b99c-8a1a24044dc6",
      "@type": "Person",
      "name": "Erwan Corre"
    },
    {
      "@id": "#88b931c6-7a2d-4f27-93a3-972b8f4ef54c",
      "@type": "Person",
      "name": "Stéphanie Robin"
    },
    {
      "@id": "#0ab6b763-06dc-455a-87f8-a26d5220c63c",
      "@type": "Person",
      "name": "Anthony Bretaudeau"
    },
    {
      "@id": "#69f84b15-3123-4571-9c02-f371871749c0",
      "@type": "Person",
      "name": "Alexandre Cormier"
    }
  ]
}