{
  "@context": "https://w3id.org/ro/crate/1.1/context",
  "@graph": [
    {
      "@id": "ro-crate-metadata.json",
      "@type": "CreativeWork",
      "about": {
        "@id": "./"
      },
      "conformsTo": [
        {
          "@id": "https://w3id.org/ro/crate/1.1"
        },
        {
          "@id": "https://about.workflowhub.eu/Workflow-RO-Crate/"
        }
      ]
    },
    {
      "@id": "./",
      "@type": "Dataset",
      "datePublished": "2024-06-05T00:35:06.834+00:00",
      "mainEntity": {
        "@id": "main_workflow.ga"
      }
    },
    {
      "@id": "main_workflow.ga",
      "@type": [
        "File",
        "SoftwareSourceCode",
        "ComputationalWorkflow"
      ],
      "author": [
        {
          "@id": "#cb1615df-6546-4077-b556-9c6039cbd7a7"
        },
        {
          "@id": "#7d4a6efe-a0ee-4311-b49d-c701f8f900f2"
        },
        {
          "@id": "#50c1748f-031c-446b-957c-96d454d1d0fe"
        },
        {
          "@id": "#b985f56d-7791-4557-b7ca-c18110213499"
        }
      ],
      "license": {
        "@id": "https://spdx.org/licenses/GPL-3.0-or-later"
      },
      "name": "Genome Assembly using PacBio data",
      "version": 4,
      "programmingLanguage": {
        "@id": "https://w3id.org/workflowhub/workflow-ro-crate#galaxy"
      }
    },
    {
      "@id": "https://spdx.org/licenses/GPL-3.0-or-later",
      "@type": "CreativeWork",
      "name": "GPL-3.0-or-later"
    },
    {
      "@id": "https://w3id.org/workflowhub/workflow-ro-crate#galaxy",
      "@type": "ComputerLanguage",
      "identifier": {
        "@id": "https://galaxyproject.org/"
      },
      "name": "Galaxy",
      "url": {
        "@id": "https://galaxyproject.org/"
      },
      "version": "23.1"
    },
    {
      "@id": "#cb1615df-6546-4077-b556-9c6039cbd7a7",
      "@type": "Person",
      "name": "Erwan Corre"
    },
    {
      "@id": "#7d4a6efe-a0ee-4311-b49d-c701f8f900f2",
      "@type": "Person",
      "name": "Stéphanie Robin"
    },
    {
      "@id": "#50c1748f-031c-446b-957c-96d454d1d0fe",
      "@type": "Person",
      "name": "Anthony Bretaudeau"
    },
    {
      "@id": "#b985f56d-7791-4557-b7ca-c18110213499",
      "@type": "Person",
      "name": "Alexandre Cormier"
    }
  ]
}