{
  "@context": "https://w3id.org/ro/crate/1.1/context",
  "@graph": [
    {
      "@id": "ro-crate-metadata.json",
      "@type": "CreativeWork",
      "about": {
        "@id": "./"
      },
      "conformsTo": [
        {
          "@id": "https://w3id.org/ro/crate/1.1"
        },
        {
          "@id": "https://about.workflowhub.eu/Workflow-RO-Crate/"
        }
      ]
    },
    {
      "@id": "./",
      "@type": "Dataset",
      "datePublished": "2023-11-19T00:34:57.514+00:00",
      "mainEntity": {
        "@id": "main_workflow.ga"
      }
    },
    {
      "@id": "main_workflow.ga",
      "@type": [
        "File",
        "SoftwareSourceCode",
        "ComputationalWorkflow"
      ],
      "author": [
        {
          "@id": "#bb729fe9-3472-44f6-8919-fa3f429e90da"
        },
        {
          "@id": "#52ee410f-46f8-44a3-af98-36252eaf6152"
        },
        {
          "@id": "#2a4b6079-cb1d-4b17-ad93-3aa247fe1504"
        },
        {
          "@id": "#edb0b4ca-9930-4a08-a9f5-f0a100c881dc"
        }
      ],
      "license": {
        "@id": "https://spdx.org/licenses/GPL-3.0-or-later"
      },
      "name": "Genome Assembly using PacBio data",
      "version": 4,
      "programmingLanguage": {
        "@id": "https://w3id.org/workflowhub/workflow-ro-crate#galaxy"
      }
    },
    {
      "@id": "https://spdx.org/licenses/GPL-3.0-or-later",
      "@type": "CreativeWork",
      "name": "GPL-3.0-or-later"
    },
    {
      "@id": "https://w3id.org/workflowhub/workflow-ro-crate#galaxy",
      "@type": "ComputerLanguage",
      "identifier": {
        "@id": "https://galaxyproject.org/"
      },
      "name": "Galaxy",
      "url": {
        "@id": "https://galaxyproject.org/"
      },
      "version": "23.1"
    },
    {
      "@id": "#bb729fe9-3472-44f6-8919-fa3f429e90da",
      "@type": "Person",
      "name": "Erwan Corre"
    },
    {
      "@id": "#52ee410f-46f8-44a3-af98-36252eaf6152",
      "@type": "Person",
      "name": "Stéphanie Robin"
    },
    {
      "@id": "#2a4b6079-cb1d-4b17-ad93-3aa247fe1504",
      "@type": "Person",
      "name": "Anthony Bretaudeau"
    },
    {
      "@id": "#edb0b4ca-9930-4a08-a9f5-f0a100c881dc",
      "@type": "Person",
      "name": "Alexandre Cormier"
    }
  ]
}