{
  "@context": "https://w3id.org/ro/crate/1.1/context",
  "@graph": [
    {
      "@id": "ro-crate-metadata.json",
      "@type": "CreativeWork",
      "about": {
        "@id": "./"
      },
      "conformsTo": [
        {
          "@id": "https://w3id.org/ro/crate/1.1"
        },
        {
          "@id": "https://about.workflowhub.eu/Workflow-RO-Crate/"
        }
      ]
    },
    {
      "@id": "./",
      "@type": "Dataset",
      "datePublished": "2024-05-28T00:34:49.502+00:00",
      "mainEntity": {
        "@id": "main_workflow.ga"
      }
    },
    {
      "@id": "main_workflow.ga",
      "@type": [
        "File",
        "SoftwareSourceCode",
        "ComputationalWorkflow"
      ],
      "author": [
        {
          "@id": "#85ba5cc9-ce0e-4bba-ba14-87863046c740"
        },
        {
          "@id": "#dab03443-052b-462f-bc9d-82513fe85f94"
        },
        {
          "@id": "#37a668d0-63ca-4380-bf74-97e32647fff0"
        },
        {
          "@id": "#ea537046-27dc-4093-bf92-238d6bd55938"
        }
      ],
      "license": {
        "@id": "https://spdx.org/licenses/GPL-3.0-or-later"
      },
      "name": "Genome Assembly using PacBio data",
      "version": 4,
      "programmingLanguage": {
        "@id": "https://w3id.org/workflowhub/workflow-ro-crate#galaxy"
      }
    },
    {
      "@id": "https://spdx.org/licenses/GPL-3.0-or-later",
      "@type": "CreativeWork",
      "name": "GPL-3.0-or-later"
    },
    {
      "@id": "https://w3id.org/workflowhub/workflow-ro-crate#galaxy",
      "@type": "ComputerLanguage",
      "identifier": {
        "@id": "https://galaxyproject.org/"
      },
      "name": "Galaxy",
      "url": {
        "@id": "https://galaxyproject.org/"
      },
      "version": "23.1"
    },
    {
      "@id": "#85ba5cc9-ce0e-4bba-ba14-87863046c740",
      "@type": "Person",
      "name": "Erwan Corre"
    },
    {
      "@id": "#dab03443-052b-462f-bc9d-82513fe85f94",
      "@type": "Person",
      "name": "Stéphanie Robin"
    },
    {
      "@id": "#37a668d0-63ca-4380-bf74-97e32647fff0",
      "@type": "Person",
      "name": "Anthony Bretaudeau"
    },
    {
      "@id": "#ea537046-27dc-4093-bf92-238d6bd55938",
      "@type": "Person",
      "name": "Alexandre Cormier"
    }
  ]
}