{
  "@context": "https://w3id.org/ro/crate/1.1/context",
  "@graph": [
    {
      "@id": "ro-crate-metadata.json",
      "@type": "CreativeWork",
      "about": {
        "@id": "./"
      },
      "conformsTo": [
        {
          "@id": "https://w3id.org/ro/crate/1.1"
        },
        {
          "@id": "https://about.workflowhub.eu/Workflow-RO-Crate/"
        }
      ]
    },
    {
      "@id": "./",
      "@type": "Dataset",
      "datePublished": "2024-02-23T00:31:23.316+00:00",
      "mainEntity": {
        "@id": "main_workflow.ga"
      }
    },
    {
      "@id": "main_workflow.ga",
      "@type": [
        "File",
        "SoftwareSourceCode",
        "ComputationalWorkflow"
      ],
      "author": [
        {
          "@id": "#b9c64b5e-30ec-40c3-99c1-053b3166a0ce"
        },
        {
          "@id": "#30e173d1-6937-4c5c-a66d-fb9b91302c21"
        },
        {
          "@id": "#9fb96e60-3c0f-431e-aa76-c992e17c77ff"
        },
        {
          "@id": "#841adb0d-fe60-4f7c-98b6-b22954c09791"
        }
      ],
      "license": {
        "@id": "https://spdx.org/licenses/GPL-3.0-or-later"
      },
      "name": "Genome Assembly using PacBio data",
      "version": 4,
      "programmingLanguage": {
        "@id": "https://w3id.org/workflowhub/workflow-ro-crate#galaxy"
      }
    },
    {
      "@id": "https://spdx.org/licenses/GPL-3.0-or-later",
      "@type": "CreativeWork",
      "name": "GPL-3.0-or-later"
    },
    {
      "@id": "https://w3id.org/workflowhub/workflow-ro-crate#galaxy",
      "@type": "ComputerLanguage",
      "identifier": {
        "@id": "https://galaxyproject.org/"
      },
      "name": "Galaxy",
      "url": {
        "@id": "https://galaxyproject.org/"
      },
      "version": "23.1"
    },
    {
      "@id": "#b9c64b5e-30ec-40c3-99c1-053b3166a0ce",
      "@type": "Person",
      "name": "Erwan Corre"
    },
    {
      "@id": "#30e173d1-6937-4c5c-a66d-fb9b91302c21",
      "@type": "Person",
      "name": "Stéphanie Robin"
    },
    {
      "@id": "#9fb96e60-3c0f-431e-aa76-c992e17c77ff",
      "@type": "Person",
      "name": "Anthony Bretaudeau"
    },
    {
      "@id": "#841adb0d-fe60-4f7c-98b6-b22954c09791",
      "@type": "Person",
      "name": "Alexandre Cormier"
    }
  ]
}