{
  "@context": "https://w3id.org/ro/crate/1.1/context",
  "@graph": [
    {
      "@id": "ro-crate-metadata.json",
      "@type": "CreativeWork",
      "about": {
        "@id": "./"
      },
      "conformsTo": [
        {
          "@id": "https://w3id.org/ro/crate/1.1"
        },
        {
          "@id": "https://about.workflowhub.eu/Workflow-RO-Crate/"
        }
      ]
    },
    {
      "@id": "./",
      "@type": "Dataset",
      "datePublished": "2024-02-17T00:31:03.235+00:00",
      "mainEntity": {
        "@id": "main_workflow.ga"
      }
    },
    {
      "@id": "main_workflow.ga",
      "@type": [
        "File",
        "SoftwareSourceCode",
        "ComputationalWorkflow"
      ],
      "author": [
        {
          "@id": "#1416997f-d234-49f4-a083-1320ca4bbffc"
        },
        {
          "@id": "#39ba8dc0-f9bd-44e3-8298-70a257478dd0"
        },
        {
          "@id": "#53fcd762-b228-46de-9757-dc484797eddc"
        },
        {
          "@id": "#842f8b92-cdcd-45d7-b5fd-9f1984b3d3ee"
        }
      ],
      "license": {
        "@id": "https://spdx.org/licenses/GPL-3.0-or-later"
      },
      "name": "Genome Assembly using PacBio data",
      "version": 4,
      "programmingLanguage": {
        "@id": "https://w3id.org/workflowhub/workflow-ro-crate#galaxy"
      }
    },
    {
      "@id": "https://spdx.org/licenses/GPL-3.0-or-later",
      "@type": "CreativeWork",
      "name": "GPL-3.0-or-later"
    },
    {
      "@id": "https://w3id.org/workflowhub/workflow-ro-crate#galaxy",
      "@type": "ComputerLanguage",
      "identifier": {
        "@id": "https://galaxyproject.org/"
      },
      "name": "Galaxy",
      "url": {
        "@id": "https://galaxyproject.org/"
      },
      "version": "23.1"
    },
    {
      "@id": "#1416997f-d234-49f4-a083-1320ca4bbffc",
      "@type": "Person",
      "name": "Erwan Corre"
    },
    {
      "@id": "#39ba8dc0-f9bd-44e3-8298-70a257478dd0",
      "@type": "Person",
      "name": "Stéphanie Robin"
    },
    {
      "@id": "#53fcd762-b228-46de-9757-dc484797eddc",
      "@type": "Person",
      "name": "Anthony Bretaudeau"
    },
    {
      "@id": "#842f8b92-cdcd-45d7-b5fd-9f1984b3d3ee",
      "@type": "Person",
      "name": "Alexandre Cormier"
    }
  ]
}