{
  "@context": "https://w3id.org/ro/crate/1.1/context",
  "@graph": [
    {
      "@id": "ro-crate-metadata.json",
      "@type": "CreativeWork",
      "about": {
        "@id": "./"
      },
      "conformsTo": [
        {
          "@id": "https://w3id.org/ro/crate/1.1"
        },
        {
          "@id": "https://about.workflowhub.eu/Workflow-RO-Crate/"
        }
      ]
    },
    {
      "@id": "./",
      "@type": "Dataset",
      "datePublished": "2024-04-04T00:33:16.397+00:00",
      "mainEntity": {
        "@id": "main_workflow.ga"
      }
    },
    {
      "@id": "main_workflow.ga",
      "@type": [
        "File",
        "SoftwareSourceCode",
        "ComputationalWorkflow"
      ],
      "author": [
        {
          "@id": "#97b0fc30-39bc-4714-ba79-d0b80771b8ea"
        },
        {
          "@id": "#b291151d-31cd-42a3-815a-59e785cb3990"
        },
        {
          "@id": "#a693087d-21c1-40a6-93bb-77acc2dbde01"
        },
        {
          "@id": "#002f2c8a-93a5-46a4-8f30-601cd8b0a096"
        }
      ],
      "license": {
        "@id": "https://spdx.org/licenses/GPL-3.0-or-later"
      },
      "name": "Genome Assembly using PacBio data",
      "version": 4,
      "programmingLanguage": {
        "@id": "https://w3id.org/workflowhub/workflow-ro-crate#galaxy"
      }
    },
    {
      "@id": "https://spdx.org/licenses/GPL-3.0-or-later",
      "@type": "CreativeWork",
      "name": "GPL-3.0-or-later"
    },
    {
      "@id": "https://w3id.org/workflowhub/workflow-ro-crate#galaxy",
      "@type": "ComputerLanguage",
      "identifier": {
        "@id": "https://galaxyproject.org/"
      },
      "name": "Galaxy",
      "url": {
        "@id": "https://galaxyproject.org/"
      },
      "version": "23.1"
    },
    {
      "@id": "#97b0fc30-39bc-4714-ba79-d0b80771b8ea",
      "@type": "Person",
      "name": "Erwan Corre"
    },
    {
      "@id": "#b291151d-31cd-42a3-815a-59e785cb3990",
      "@type": "Person",
      "name": "Stéphanie Robin"
    },
    {
      "@id": "#a693087d-21c1-40a6-93bb-77acc2dbde01",
      "@type": "Person",
      "name": "Anthony Bretaudeau"
    },
    {
      "@id": "#002f2c8a-93a5-46a4-8f30-601cd8b0a096",
      "@type": "Person",
      "name": "Alexandre Cormier"
    }
  ]
}