{
  "@context": "https://w3id.org/ro/crate/1.1/context",
  "@graph": [
    {
      "@id": "ro-crate-metadata.json",
      "@type": "CreativeWork",
      "about": {
        "@id": "./"
      },
      "conformsTo": [
        {
          "@id": "https://w3id.org/ro/crate/1.1"
        },
        {
          "@id": "https://about.workflowhub.eu/Workflow-RO-Crate/"
        }
      ]
    },
    {
      "@id": "./",
      "@type": "Dataset",
      "datePublished": "2024-05-26T00:37:41.607+00:00",
      "mainEntity": {
        "@id": "main_workflow.ga"
      }
    },
    {
      "@id": "main_workflow.ga",
      "@type": [
        "File",
        "SoftwareSourceCode",
        "ComputationalWorkflow"
      ],
      "author": [
        {
          "@id": "#5bad597c-8a31-4dc5-be7e-d5e503aef165"
        },
        {
          "@id": "#93041464-b4f3-414a-b510-8aa8222be72b"
        },
        {
          "@id": "#8dd4813a-5603-426f-a609-f504f86e67ed"
        },
        {
          "@id": "#09fef83a-75d0-4697-8020-2077b931a514"
        }
      ],
      "license": {
        "@id": "https://spdx.org/licenses/GPL-3.0-or-later"
      },
      "name": "Genome Assembly using PacBio data",
      "version": 4,
      "programmingLanguage": {
        "@id": "https://w3id.org/workflowhub/workflow-ro-crate#galaxy"
      }
    },
    {
      "@id": "https://spdx.org/licenses/GPL-3.0-or-later",
      "@type": "CreativeWork",
      "name": "GPL-3.0-or-later"
    },
    {
      "@id": "https://w3id.org/workflowhub/workflow-ro-crate#galaxy",
      "@type": "ComputerLanguage",
      "identifier": {
        "@id": "https://galaxyproject.org/"
      },
      "name": "Galaxy",
      "url": {
        "@id": "https://galaxyproject.org/"
      },
      "version": "23.1"
    },
    {
      "@id": "#5bad597c-8a31-4dc5-be7e-d5e503aef165",
      "@type": "Person",
      "name": "Erwan Corre"
    },
    {
      "@id": "#93041464-b4f3-414a-b510-8aa8222be72b",
      "@type": "Person",
      "name": "Stéphanie Robin"
    },
    {
      "@id": "#8dd4813a-5603-426f-a609-f504f86e67ed",
      "@type": "Person",
      "name": "Anthony Bretaudeau"
    },
    {
      "@id": "#09fef83a-75d0-4697-8020-2077b931a514",
      "@type": "Person",
      "name": "Alexandre Cormier"
    }
  ]
}