{
  "@context": "https://w3id.org/ro/crate/1.1/context",
  "@graph": [
    {
      "@id": "ro-crate-metadata.json",
      "@type": "CreativeWork",
      "about": {
        "@id": "./"
      },
      "conformsTo": [
        {
          "@id": "https://w3id.org/ro/crate/1.1"
        },
        {
          "@id": "https://about.workflowhub.eu/Workflow-RO-Crate/"
        }
      ]
    },
    {
      "@id": "./",
      "@type": "Dataset",
      "datePublished": "2023-12-01T00:35:49.635+00:00",
      "mainEntity": {
        "@id": "main_workflow.ga"
      }
    },
    {
      "@id": "main_workflow.ga",
      "@type": [
        "File",
        "SoftwareSourceCode",
        "ComputationalWorkflow"
      ],
      "author": [
        {
          "@id": "#f553d546-b156-48ac-9c41-d1c220580b79"
        },
        {
          "@id": "#9f3218a2-8d56-478f-8827-d407e2b2cd7f"
        },
        {
          "@id": "#0474912c-9dc5-4ace-a37e-3097e75f855a"
        },
        {
          "@id": "#3486d0f8-6141-4304-99de-7601fa80774c"
        }
      ],
      "license": {
        "@id": "https://spdx.org/licenses/GPL-3.0-or-later"
      },
      "name": "Genome Assembly using PacBio data",
      "version": 4,
      "programmingLanguage": {
        "@id": "https://w3id.org/workflowhub/workflow-ro-crate#galaxy"
      }
    },
    {
      "@id": "https://spdx.org/licenses/GPL-3.0-or-later",
      "@type": "CreativeWork",
      "name": "GPL-3.0-or-later"
    },
    {
      "@id": "https://w3id.org/workflowhub/workflow-ro-crate#galaxy",
      "@type": "ComputerLanguage",
      "identifier": {
        "@id": "https://galaxyproject.org/"
      },
      "name": "Galaxy",
      "url": {
        "@id": "https://galaxyproject.org/"
      },
      "version": "23.1"
    },
    {
      "@id": "#f553d546-b156-48ac-9c41-d1c220580b79",
      "@type": "Person",
      "name": "Erwan Corre"
    },
    {
      "@id": "#9f3218a2-8d56-478f-8827-d407e2b2cd7f",
      "@type": "Person",
      "name": "Stéphanie Robin"
    },
    {
      "@id": "#0474912c-9dc5-4ace-a37e-3097e75f855a",
      "@type": "Person",
      "name": "Anthony Bretaudeau"
    },
    {
      "@id": "#3486d0f8-6141-4304-99de-7601fa80774c",
      "@type": "Person",
      "name": "Alexandre Cormier"
    }
  ]
}