{
  "@context": "https://w3id.org/ro/crate/1.1/context",
  "@graph": [
    {
      "@id": "ro-crate-metadata.json",
      "@type": "CreativeWork",
      "about": {
        "@id": "./"
      },
      "conformsTo": [
        {
          "@id": "https://w3id.org/ro/crate/1.1"
        },
        {
          "@id": "https://about.workflowhub.eu/Workflow-RO-Crate/"
        }
      ]
    },
    {
      "@id": "./",
      "@type": "Dataset",
      "datePublished": "2024-01-21T00:37:05.202+00:00",
      "mainEntity": {
        "@id": "main_workflow.ga"
      }
    },
    {
      "@id": "main_workflow.ga",
      "@type": [
        "File",
        "SoftwareSourceCode",
        "ComputationalWorkflow"
      ],
      "author": [
        {
          "@id": "#6fb6ae88-8397-4355-8da5-c923619a965d"
        },
        {
          "@id": "#1b0c3e5e-46b9-4c33-b1f3-ff03cd2fdbba"
        },
        {
          "@id": "#4671f617-b205-4087-ae2c-fd3d85f046e0"
        },
        {
          "@id": "#25af6627-10ff-4e2b-b308-96b7acf192b7"
        }
      ],
      "license": {
        "@id": "https://spdx.org/licenses/GPL-3.0-or-later"
      },
      "name": "Genome Assembly using PacBio data",
      "version": 4,
      "programmingLanguage": {
        "@id": "https://w3id.org/workflowhub/workflow-ro-crate#galaxy"
      }
    },
    {
      "@id": "https://spdx.org/licenses/GPL-3.0-or-later",
      "@type": "CreativeWork",
      "name": "GPL-3.0-or-later"
    },
    {
      "@id": "https://w3id.org/workflowhub/workflow-ro-crate#galaxy",
      "@type": "ComputerLanguage",
      "identifier": {
        "@id": "https://galaxyproject.org/"
      },
      "name": "Galaxy",
      "url": {
        "@id": "https://galaxyproject.org/"
      },
      "version": "23.1"
    },
    {
      "@id": "#6fb6ae88-8397-4355-8da5-c923619a965d",
      "@type": "Person",
      "name": "Erwan Corre"
    },
    {
      "@id": "#1b0c3e5e-46b9-4c33-b1f3-ff03cd2fdbba",
      "@type": "Person",
      "name": "Stéphanie Robin"
    },
    {
      "@id": "#4671f617-b205-4087-ae2c-fd3d85f046e0",
      "@type": "Person",
      "name": "Anthony Bretaudeau"
    },
    {
      "@id": "#25af6627-10ff-4e2b-b308-96b7acf192b7",
      "@type": "Person",
      "name": "Alexandre Cormier"
    }
  ]
}