{
  "@context": "https://w3id.org/ro/crate/1.1/context",
  "@graph": [
    {
      "@id": "ro-crate-metadata.json",
      "@type": "CreativeWork",
      "about": {
        "@id": "./"
      },
      "conformsTo": [
        {
          "@id": "https://w3id.org/ro/crate/1.1"
        },
        {
          "@id": "https://about.workflowhub.eu/Workflow-RO-Crate/"
        }
      ]
    },
    {
      "@id": "./",
      "@type": "Dataset",
      "datePublished": "2024-02-21T00:31:14.048+00:00",
      "mainEntity": {
        "@id": "main_workflow.ga"
      }
    },
    {
      "@id": "main_workflow.ga",
      "@type": [
        "File",
        "SoftwareSourceCode",
        "ComputationalWorkflow"
      ],
      "author": [
        {
          "@id": "#4fde647a-44dd-42e0-bff3-264fa9854a5b"
        },
        {
          "@id": "#ae4b45f1-326f-482a-99d7-0234b74ef864"
        },
        {
          "@id": "#a50dcf58-2818-40e9-962d-51f3c0e2196b"
        },
        {
          "@id": "#b2f0d638-5489-4d81-b64e-470cbfaaf705"
        }
      ],
      "license": {
        "@id": "https://spdx.org/licenses/GPL-3.0-or-later"
      },
      "name": "Genome Assembly using PacBio data",
      "version": 4,
      "programmingLanguage": {
        "@id": "https://w3id.org/workflowhub/workflow-ro-crate#galaxy"
      }
    },
    {
      "@id": "https://spdx.org/licenses/GPL-3.0-or-later",
      "@type": "CreativeWork",
      "name": "GPL-3.0-or-later"
    },
    {
      "@id": "https://w3id.org/workflowhub/workflow-ro-crate#galaxy",
      "@type": "ComputerLanguage",
      "identifier": {
        "@id": "https://galaxyproject.org/"
      },
      "name": "Galaxy",
      "url": {
        "@id": "https://galaxyproject.org/"
      },
      "version": "23.1"
    },
    {
      "@id": "#4fde647a-44dd-42e0-bff3-264fa9854a5b",
      "@type": "Person",
      "name": "Erwan Corre"
    },
    {
      "@id": "#ae4b45f1-326f-482a-99d7-0234b74ef864",
      "@type": "Person",
      "name": "Stéphanie Robin"
    },
    {
      "@id": "#a50dcf58-2818-40e9-962d-51f3c0e2196b",
      "@type": "Person",
      "name": "Anthony Bretaudeau"
    },
    {
      "@id": "#b2f0d638-5489-4d81-b64e-470cbfaaf705",
      "@type": "Person",
      "name": "Alexandre Cormier"
    }
  ]
}