{
  "@context": "https://w3id.org/ro/crate/1.1/context",
  "@graph": [
    {
      "@id": "ro-crate-metadata.json",
      "@type": "CreativeWork",
      "about": {
        "@id": "./"
      },
      "conformsTo": [
        {
          "@id": "https://w3id.org/ro/crate/1.1"
        },
        {
          "@id": "https://about.workflowhub.eu/Workflow-RO-Crate/"
        }
      ]
    },
    {
      "@id": "./",
      "@type": "Dataset",
      "datePublished": "2024-02-15T00:31:27.955+00:00",
      "mainEntity": {
        "@id": "main_workflow.ga"
      }
    },
    {
      "@id": "main_workflow.ga",
      "@type": [
        "File",
        "SoftwareSourceCode",
        "ComputationalWorkflow"
      ],
      "author": [
        {
          "@id": "#05a759b9-2ac5-41a2-a782-542593ff899c"
        },
        {
          "@id": "#b8e45411-1f6d-4fdb-87aa-f4d17955f55d"
        },
        {
          "@id": "#7fcefde8-f65c-42c2-ad3c-4944f2e5dfe1"
        },
        {
          "@id": "#900e05db-03d3-4587-bec4-7fd1c64e39b1"
        }
      ],
      "license": {
        "@id": "https://spdx.org/licenses/GPL-3.0-or-later"
      },
      "name": "Genome Assembly using PacBio data",
      "version": 4,
      "programmingLanguage": {
        "@id": "https://w3id.org/workflowhub/workflow-ro-crate#galaxy"
      }
    },
    {
      "@id": "https://spdx.org/licenses/GPL-3.0-or-later",
      "@type": "CreativeWork",
      "name": "GPL-3.0-or-later"
    },
    {
      "@id": "https://w3id.org/workflowhub/workflow-ro-crate#galaxy",
      "@type": "ComputerLanguage",
      "identifier": {
        "@id": "https://galaxyproject.org/"
      },
      "name": "Galaxy",
      "url": {
        "@id": "https://galaxyproject.org/"
      },
      "version": "23.1"
    },
    {
      "@id": "#05a759b9-2ac5-41a2-a782-542593ff899c",
      "@type": "Person",
      "name": "Erwan Corre"
    },
    {
      "@id": "#b8e45411-1f6d-4fdb-87aa-f4d17955f55d",
      "@type": "Person",
      "name": "Stéphanie Robin"
    },
    {
      "@id": "#7fcefde8-f65c-42c2-ad3c-4944f2e5dfe1",
      "@type": "Person",
      "name": "Anthony Bretaudeau"
    },
    {
      "@id": "#900e05db-03d3-4587-bec4-7fd1c64e39b1",
      "@type": "Person",
      "name": "Alexandre Cormier"
    }
  ]
}