{
  "@context": "https://w3id.org/ro/crate/1.1/context",
  "@graph": [
    {
      "@id": "ro-crate-metadata.json",
      "@type": "CreativeWork",
      "about": {
        "@id": "./"
      },
      "conformsTo": [
        {
          "@id": "https://w3id.org/ro/crate/1.1"
        },
        {
          "@id": "https://about.workflowhub.eu/Workflow-RO-Crate/"
        }
      ]
    },
    {
      "@id": "./",
      "@type": "Dataset",
      "datePublished": "2023-11-26T00:35:21.443+00:00",
      "mainEntity": {
        "@id": "main_workflow.ga"
      }
    },
    {
      "@id": "main_workflow.ga",
      "@type": [
        "File",
        "SoftwareSourceCode",
        "ComputationalWorkflow"
      ],
      "author": [
        {
          "@id": "#879595d0-047d-43a0-bbd4-3c959cfd47db"
        },
        {
          "@id": "#ce2655bb-aa2b-4838-a9de-4563c6ce6053"
        },
        {
          "@id": "#62745d34-0c40-4f71-a08c-033cb0816a82"
        },
        {
          "@id": "#23e8f139-a0b1-48a9-8c2c-2ee79d84f1d8"
        }
      ],
      "license": {
        "@id": "https://spdx.org/licenses/GPL-3.0-or-later"
      },
      "name": "Genome Assembly using PacBio data",
      "version": 4,
      "programmingLanguage": {
        "@id": "https://w3id.org/workflowhub/workflow-ro-crate#galaxy"
      }
    },
    {
      "@id": "https://spdx.org/licenses/GPL-3.0-or-later",
      "@type": "CreativeWork",
      "name": "GPL-3.0-or-later"
    },
    {
      "@id": "https://w3id.org/workflowhub/workflow-ro-crate#galaxy",
      "@type": "ComputerLanguage",
      "identifier": {
        "@id": "https://galaxyproject.org/"
      },
      "name": "Galaxy",
      "url": {
        "@id": "https://galaxyproject.org/"
      },
      "version": "23.1"
    },
    {
      "@id": "#879595d0-047d-43a0-bbd4-3c959cfd47db",
      "@type": "Person",
      "name": "Erwan Corre"
    },
    {
      "@id": "#ce2655bb-aa2b-4838-a9de-4563c6ce6053",
      "@type": "Person",
      "name": "Stéphanie Robin"
    },
    {
      "@id": "#62745d34-0c40-4f71-a08c-033cb0816a82",
      "@type": "Person",
      "name": "Anthony Bretaudeau"
    },
    {
      "@id": "#23e8f139-a0b1-48a9-8c2c-2ee79d84f1d8",
      "@type": "Person",
      "name": "Alexandre Cormier"
    }
  ]
}