{
  "@context": "https://w3id.org/ro/crate/1.1/context",
  "@graph": [
    {
      "@id": "ro-crate-metadata.json",
      "@type": "CreativeWork",
      "about": {
        "@id": "./"
      },
      "conformsTo": [
        {
          "@id": "https://w3id.org/ro/crate/1.1"
        },
        {
          "@id": "https://about.workflowhub.eu/Workflow-RO-Crate/"
        }
      ]
    },
    {
      "@id": "./",
      "@type": "Dataset",
      "datePublished": "2024-05-30T00:35:30.018+00:00",
      "mainEntity": {
        "@id": "main_workflow.ga"
      }
    },
    {
      "@id": "main_workflow.ga",
      "@type": [
        "File",
        "SoftwareSourceCode",
        "ComputationalWorkflow"
      ],
      "author": [
        {
          "@id": "#1ec06abb-a332-4ec1-a639-095663b61d8d"
        },
        {
          "@id": "#b458d4e4-7adb-42d7-8f18-2bfa6897abaf"
        },
        {
          "@id": "#0d44fe98-8da5-4dfe-93c9-0888e0797b1b"
        },
        {
          "@id": "#103933d9-a1f9-4c9b-9c49-be0d202430cc"
        }
      ],
      "license": {
        "@id": "https://spdx.org/licenses/GPL-3.0-or-later"
      },
      "name": "Genome Assembly using PacBio data",
      "version": 4,
      "programmingLanguage": {
        "@id": "https://w3id.org/workflowhub/workflow-ro-crate#galaxy"
      }
    },
    {
      "@id": "https://spdx.org/licenses/GPL-3.0-or-later",
      "@type": "CreativeWork",
      "name": "GPL-3.0-or-later"
    },
    {
      "@id": "https://w3id.org/workflowhub/workflow-ro-crate#galaxy",
      "@type": "ComputerLanguage",
      "identifier": {
        "@id": "https://galaxyproject.org/"
      },
      "name": "Galaxy",
      "url": {
        "@id": "https://galaxyproject.org/"
      },
      "version": "23.1"
    },
    {
      "@id": "#1ec06abb-a332-4ec1-a639-095663b61d8d",
      "@type": "Person",
      "name": "Erwan Corre"
    },
    {
      "@id": "#b458d4e4-7adb-42d7-8f18-2bfa6897abaf",
      "@type": "Person",
      "name": "Stéphanie Robin"
    },
    {
      "@id": "#0d44fe98-8da5-4dfe-93c9-0888e0797b1b",
      "@type": "Person",
      "name": "Anthony Bretaudeau"
    },
    {
      "@id": "#103933d9-a1f9-4c9b-9c49-be0d202430cc",
      "@type": "Person",
      "name": "Alexandre Cormier"
    }
  ]
}