{
  "@context": "https://w3id.org/ro/crate/1.1/context",
  "@graph": [
    {
      "@id": "ro-crate-metadata.json",
      "@type": "CreativeWork",
      "about": {
        "@id": "./"
      },
      "conformsTo": [
        {
          "@id": "https://w3id.org/ro/crate/1.1"
        },
        {
          "@id": "https://about.workflowhub.eu/Workflow-RO-Crate/"
        }
      ]
    },
    {
      "@id": "./",
      "@type": "Dataset",
      "datePublished": "2024-02-25T00:34:19.283+00:00",
      "mainEntity": {
        "@id": "main_workflow.ga"
      }
    },
    {
      "@id": "main_workflow.ga",
      "@type": [
        "File",
        "SoftwareSourceCode",
        "ComputationalWorkflow"
      ],
      "author": [
        {
          "@id": "#1c37a8c9-0861-4808-8f8c-81f1d67f86e5"
        },
        {
          "@id": "#a8566f47-6da0-4db0-977d-a942a3e27165"
        },
        {
          "@id": "#d83b2cf9-d9a6-4fa8-a2a7-0b4c9b4671f9"
        },
        {
          "@id": "#a757e762-6fc9-437c-96c8-340a395c8934"
        }
      ],
      "license": {
        "@id": "https://spdx.org/licenses/GPL-3.0-or-later"
      },
      "name": "Genome Assembly using PacBio data",
      "version": 4,
      "programmingLanguage": {
        "@id": "https://w3id.org/workflowhub/workflow-ro-crate#galaxy"
      }
    },
    {
      "@id": "https://spdx.org/licenses/GPL-3.0-or-later",
      "@type": "CreativeWork",
      "name": "GPL-3.0-or-later"
    },
    {
      "@id": "https://w3id.org/workflowhub/workflow-ro-crate#galaxy",
      "@type": "ComputerLanguage",
      "identifier": {
        "@id": "https://galaxyproject.org/"
      },
      "name": "Galaxy",
      "url": {
        "@id": "https://galaxyproject.org/"
      },
      "version": "23.1"
    },
    {
      "@id": "#1c37a8c9-0861-4808-8f8c-81f1d67f86e5",
      "@type": "Person",
      "name": "Erwan Corre"
    },
    {
      "@id": "#a8566f47-6da0-4db0-977d-a942a3e27165",
      "@type": "Person",
      "name": "Stéphanie Robin"
    },
    {
      "@id": "#d83b2cf9-d9a6-4fa8-a2a7-0b4c9b4671f9",
      "@type": "Person",
      "name": "Anthony Bretaudeau"
    },
    {
      "@id": "#a757e762-6fc9-437c-96c8-340a395c8934",
      "@type": "Person",
      "name": "Alexandre Cormier"
    }
  ]
}