{
  "@context": "https://w3id.org/ro/crate/1.1/context",
  "@graph": [
    {
      "@id": "ro-crate-metadata.json",
      "@type": "CreativeWork",
      "about": {
        "@id": "./"
      },
      "conformsTo": [
        {
          "@id": "https://w3id.org/ro/crate/1.1"
        },
        {
          "@id": "https://about.workflowhub.eu/Workflow-RO-Crate/"
        }
      ]
    },
    {
      "@id": "./",
      "@type": "Dataset",
      "datePublished": "2024-01-15T00:35:54.961+00:00",
      "mainEntity": {
        "@id": "main_workflow.ga"
      }
    },
    {
      "@id": "main_workflow.ga",
      "@type": [
        "File",
        "SoftwareSourceCode",
        "ComputationalWorkflow"
      ],
      "author": [
        {
          "@id": "#18fc0222-277e-4503-a2af-4e0b98b2fd3b"
        },
        {
          "@id": "#69afa047-21a8-4aa8-9c55-007905f7085b"
        },
        {
          "@id": "#9855930a-4046-48ba-883f-94ebeea1073a"
        },
        {
          "@id": "#259990d3-a261-42b7-bd84-1b4d074add12"
        }
      ],
      "license": {
        "@id": "https://spdx.org/licenses/GPL-3.0-or-later"
      },
      "name": "Genome Assembly using PacBio data",
      "version": 4,
      "programmingLanguage": {
        "@id": "https://w3id.org/workflowhub/workflow-ro-crate#galaxy"
      }
    },
    {
      "@id": "https://spdx.org/licenses/GPL-3.0-or-later",
      "@type": "CreativeWork",
      "name": "GPL-3.0-or-later"
    },
    {
      "@id": "https://w3id.org/workflowhub/workflow-ro-crate#galaxy",
      "@type": "ComputerLanguage",
      "identifier": {
        "@id": "https://galaxyproject.org/"
      },
      "name": "Galaxy",
      "url": {
        "@id": "https://galaxyproject.org/"
      },
      "version": "23.1"
    },
    {
      "@id": "#18fc0222-277e-4503-a2af-4e0b98b2fd3b",
      "@type": "Person",
      "name": "Erwan Corre"
    },
    {
      "@id": "#69afa047-21a8-4aa8-9c55-007905f7085b",
      "@type": "Person",
      "name": "Stéphanie Robin"
    },
    {
      "@id": "#9855930a-4046-48ba-883f-94ebeea1073a",
      "@type": "Person",
      "name": "Anthony Bretaudeau"
    },
    {
      "@id": "#259990d3-a261-42b7-bd84-1b4d074add12",
      "@type": "Person",
      "name": "Alexandre Cormier"
    }
  ]
}