{
  "@context": "https://w3id.org/ro/crate/1.1/context",
  "@graph": [
    {
      "@id": "ro-crate-metadata.json",
      "@type": "CreativeWork",
      "about": {
        "@id": "./"
      },
      "conformsTo": [
        {
          "@id": "https://w3id.org/ro/crate/1.1"
        },
        {
          "@id": "https://about.workflowhub.eu/Workflow-RO-Crate/"
        }
      ]
    },
    {
      "@id": "./",
      "@type": "Dataset",
      "datePublished": "2023-12-18T00:34:17.170+00:00",
      "mainEntity": {
        "@id": "main_workflow.ga"
      }
    },
    {
      "@id": "main_workflow.ga",
      "@type": [
        "File",
        "SoftwareSourceCode",
        "ComputationalWorkflow"
      ],
      "author": [
        {
          "@id": "#f9930ba5-1c52-43fb-ada4-ecdccfb8ba0a"
        },
        {
          "@id": "#8e9100d0-310f-4259-bae4-72768cc04730"
        },
        {
          "@id": "#c74ccfb4-7e6f-4450-9f70-1213d20ccfbd"
        },
        {
          "@id": "#d132d4b0-d2bf-43e3-9d86-bd801a1701de"
        }
      ],
      "license": {
        "@id": "https://spdx.org/licenses/GPL-3.0-or-later"
      },
      "name": "Genome Assembly using PacBio data",
      "version": 4,
      "programmingLanguage": {
        "@id": "https://w3id.org/workflowhub/workflow-ro-crate#galaxy"
      }
    },
    {
      "@id": "https://spdx.org/licenses/GPL-3.0-or-later",
      "@type": "CreativeWork",
      "name": "GPL-3.0-or-later"
    },
    {
      "@id": "https://w3id.org/workflowhub/workflow-ro-crate#galaxy",
      "@type": "ComputerLanguage",
      "identifier": {
        "@id": "https://galaxyproject.org/"
      },
      "name": "Galaxy",
      "url": {
        "@id": "https://galaxyproject.org/"
      },
      "version": "23.1"
    },
    {
      "@id": "#f9930ba5-1c52-43fb-ada4-ecdccfb8ba0a",
      "@type": "Person",
      "name": "Erwan Corre"
    },
    {
      "@id": "#8e9100d0-310f-4259-bae4-72768cc04730",
      "@type": "Person",
      "name": "Stéphanie Robin"
    },
    {
      "@id": "#c74ccfb4-7e6f-4450-9f70-1213d20ccfbd",
      "@type": "Person",
      "name": "Anthony Bretaudeau"
    },
    {
      "@id": "#d132d4b0-d2bf-43e3-9d86-bd801a1701de",
      "@type": "Person",
      "name": "Alexandre Cormier"
    }
  ]
}