{
  "@context": "https://w3id.org/ro/crate/1.1/context",
  "@graph": [
    {
      "@id": "ro-crate-metadata.json",
      "@type": "CreativeWork",
      "about": {
        "@id": "./"
      },
      "conformsTo": [
        {
          "@id": "https://w3id.org/ro/crate/1.1"
        },
        {
          "@id": "https://about.workflowhub.eu/Workflow-RO-Crate/"
        }
      ]
    },
    {
      "@id": "./",
      "@type": "Dataset",
      "datePublished": "2023-11-23T00:32:55.096+00:00",
      "mainEntity": {
        "@id": "main_workflow.ga"
      }
    },
    {
      "@id": "main_workflow.ga",
      "@type": [
        "File",
        "SoftwareSourceCode",
        "ComputationalWorkflow"
      ],
      "author": [
        {
          "@id": "#7c9acdba-2883-474e-9acb-73411d3d8a44"
        },
        {
          "@id": "#98b0aef9-77f1-469a-b492-51a02a5211d2"
        },
        {
          "@id": "#40016a1a-6d94-40c8-a316-27762483cc09"
        },
        {
          "@id": "#8a5b10ae-ad27-4bb5-8c8b-121707ede446"
        }
      ],
      "license": {
        "@id": "https://spdx.org/licenses/GPL-3.0-or-later"
      },
      "name": "Genome Assembly using PacBio data",
      "version": 4,
      "programmingLanguage": {
        "@id": "https://w3id.org/workflowhub/workflow-ro-crate#galaxy"
      }
    },
    {
      "@id": "https://spdx.org/licenses/GPL-3.0-or-later",
      "@type": "CreativeWork",
      "name": "GPL-3.0-or-later"
    },
    {
      "@id": "https://w3id.org/workflowhub/workflow-ro-crate#galaxy",
      "@type": "ComputerLanguage",
      "identifier": {
        "@id": "https://galaxyproject.org/"
      },
      "name": "Galaxy",
      "url": {
        "@id": "https://galaxyproject.org/"
      },
      "version": "23.1"
    },
    {
      "@id": "#7c9acdba-2883-474e-9acb-73411d3d8a44",
      "@type": "Person",
      "name": "Erwan Corre"
    },
    {
      "@id": "#98b0aef9-77f1-469a-b492-51a02a5211d2",
      "@type": "Person",
      "name": "Stéphanie Robin"
    },
    {
      "@id": "#40016a1a-6d94-40c8-a316-27762483cc09",
      "@type": "Person",
      "name": "Anthony Bretaudeau"
    },
    {
      "@id": "#8a5b10ae-ad27-4bb5-8c8b-121707ede446",
      "@type": "Person",
      "name": "Alexandre Cormier"
    }
  ]
}