{
  "@context": "https://w3id.org/ro/crate/1.1/context",
  "@graph": [
    {
      "@id": "ro-crate-metadata.json",
      "@type": "CreativeWork",
      "about": {
        "@id": "./"
      },
      "conformsTo": [
        {
          "@id": "https://w3id.org/ro/crate/1.1"
        },
        {
          "@id": "https://about.workflowhub.eu/Workflow-RO-Crate/"
        }
      ]
    },
    {
      "@id": "./",
      "@type": "Dataset",
      "datePublished": "2023-12-13T00:32:52.249+00:00",
      "mainEntity": {
        "@id": "main_workflow.ga"
      }
    },
    {
      "@id": "main_workflow.ga",
      "@type": [
        "File",
        "SoftwareSourceCode",
        "ComputationalWorkflow"
      ],
      "author": [
        {
          "@id": "#c05482f3-3398-436d-a671-87fe773f8ebf"
        },
        {
          "@id": "#32716a7b-62f3-430d-8b2c-eead15e45393"
        },
        {
          "@id": "#e84890ed-8df0-40ec-9741-05cedabb8579"
        },
        {
          "@id": "#ec2f1862-d5bb-49ae-bdf7-fe0b27390ec0"
        }
      ],
      "license": {
        "@id": "https://spdx.org/licenses/GPL-3.0-or-later"
      },
      "name": "Genome Assembly using PacBio data",
      "version": 4,
      "programmingLanguage": {
        "@id": "https://w3id.org/workflowhub/workflow-ro-crate#galaxy"
      }
    },
    {
      "@id": "https://spdx.org/licenses/GPL-3.0-or-later",
      "@type": "CreativeWork",
      "name": "GPL-3.0-or-later"
    },
    {
      "@id": "https://w3id.org/workflowhub/workflow-ro-crate#galaxy",
      "@type": "ComputerLanguage",
      "identifier": {
        "@id": "https://galaxyproject.org/"
      },
      "name": "Galaxy",
      "url": {
        "@id": "https://galaxyproject.org/"
      },
      "version": "23.1"
    },
    {
      "@id": "#c05482f3-3398-436d-a671-87fe773f8ebf",
      "@type": "Person",
      "name": "Erwan Corre"
    },
    {
      "@id": "#32716a7b-62f3-430d-8b2c-eead15e45393",
      "@type": "Person",
      "name": "Stéphanie Robin"
    },
    {
      "@id": "#e84890ed-8df0-40ec-9741-05cedabb8579",
      "@type": "Person",
      "name": "Anthony Bretaudeau"
    },
    {
      "@id": "#ec2f1862-d5bb-49ae-bdf7-fe0b27390ec0",
      "@type": "Person",
      "name": "Alexandre Cormier"
    }
  ]
}