{
  "@context": "https://w3id.org/ro/crate/1.1/context",
  "@graph": [
    {
      "@id": "ro-crate-metadata.json",
      "@type": "CreativeWork",
      "about": {
        "@id": "./"
      },
      "conformsTo": [
        {
          "@id": "https://w3id.org/ro/crate/1.1"
        },
        {
          "@id": "https://about.workflowhub.eu/Workflow-RO-Crate/"
        }
      ]
    },
    {
      "@id": "./",
      "@type": "Dataset",
      "datePublished": "2024-05-06T00:34:33.313+00:00",
      "mainEntity": {
        "@id": "main_workflow.ga"
      }
    },
    {
      "@id": "main_workflow.ga",
      "@type": [
        "File",
        "SoftwareSourceCode",
        "ComputationalWorkflow"
      ],
      "author": [
        {
          "@id": "#5189ef91-fc08-4383-b547-c5a3e6ea8c28"
        },
        {
          "@id": "#c0340de8-83a5-4f05-8d13-95e804bd997b"
        },
        {
          "@id": "#6451ec2d-9c0d-42dc-a342-b64125c171e5"
        },
        {
          "@id": "#8c198cdf-9e3b-4e69-8203-e45b53d3e144"
        }
      ],
      "license": {
        "@id": "https://spdx.org/licenses/GPL-3.0-or-later"
      },
      "name": "Genome Assembly using PacBio data",
      "version": 4,
      "programmingLanguage": {
        "@id": "https://w3id.org/workflowhub/workflow-ro-crate#galaxy"
      }
    },
    {
      "@id": "https://spdx.org/licenses/GPL-3.0-or-later",
      "@type": "CreativeWork",
      "name": "GPL-3.0-or-later"
    },
    {
      "@id": "https://w3id.org/workflowhub/workflow-ro-crate#galaxy",
      "@type": "ComputerLanguage",
      "identifier": {
        "@id": "https://galaxyproject.org/"
      },
      "name": "Galaxy",
      "url": {
        "@id": "https://galaxyproject.org/"
      },
      "version": "23.1"
    },
    {
      "@id": "#5189ef91-fc08-4383-b547-c5a3e6ea8c28",
      "@type": "Person",
      "name": "Erwan Corre"
    },
    {
      "@id": "#c0340de8-83a5-4f05-8d13-95e804bd997b",
      "@type": "Person",
      "name": "Stéphanie Robin"
    },
    {
      "@id": "#6451ec2d-9c0d-42dc-a342-b64125c171e5",
      "@type": "Person",
      "name": "Anthony Bretaudeau"
    },
    {
      "@id": "#8c198cdf-9e3b-4e69-8203-e45b53d3e144",
      "@type": "Person",
      "name": "Alexandre Cormier"
    }
  ]
}