{
  "@context": "https://w3id.org/ro/crate/1.1/context",
  "@graph": [
    {
      "@id": "ro-crate-metadata.json",
      "@type": "CreativeWork",
      "about": {
        "@id": "./"
      },
      "conformsTo": [
        {
          "@id": "https://w3id.org/ro/crate/1.1"
        },
        {
          "@id": "https://about.workflowhub.eu/Workflow-RO-Crate/"
        }
      ]
    },
    {
      "@id": "./",
      "@type": "Dataset",
      "datePublished": "2023-12-08T00:33:42.818+00:00",
      "mainEntity": {
        "@id": "main_workflow.ga"
      }
    },
    {
      "@id": "main_workflow.ga",
      "@type": [
        "File",
        "SoftwareSourceCode",
        "ComputationalWorkflow"
      ],
      "author": [
        {
          "@id": "#839077c6-1891-4efc-a41f-062c6cabc163"
        },
        {
          "@id": "#8dac4317-0fc3-47ae-acf4-8e84b3f6d654"
        },
        {
          "@id": "#0cf0438c-ea90-426c-9135-7ed0e6163dae"
        },
        {
          "@id": "#d73ee158-efdf-448f-9e81-babc1249a376"
        }
      ],
      "license": {
        "@id": "https://spdx.org/licenses/GPL-3.0-or-later"
      },
      "name": "Genome Assembly using PacBio data",
      "version": 4,
      "programmingLanguage": {
        "@id": "https://w3id.org/workflowhub/workflow-ro-crate#galaxy"
      }
    },
    {
      "@id": "https://spdx.org/licenses/GPL-3.0-or-later",
      "@type": "CreativeWork",
      "name": "GPL-3.0-or-later"
    },
    {
      "@id": "https://w3id.org/workflowhub/workflow-ro-crate#galaxy",
      "@type": "ComputerLanguage",
      "identifier": {
        "@id": "https://galaxyproject.org/"
      },
      "name": "Galaxy",
      "url": {
        "@id": "https://galaxyproject.org/"
      },
      "version": "23.1"
    },
    {
      "@id": "#839077c6-1891-4efc-a41f-062c6cabc163",
      "@type": "Person",
      "name": "Erwan Corre"
    },
    {
      "@id": "#8dac4317-0fc3-47ae-acf4-8e84b3f6d654",
      "@type": "Person",
      "name": "Stéphanie Robin"
    },
    {
      "@id": "#0cf0438c-ea90-426c-9135-7ed0e6163dae",
      "@type": "Person",
      "name": "Anthony Bretaudeau"
    },
    {
      "@id": "#d73ee158-efdf-448f-9e81-babc1249a376",
      "@type": "Person",
      "name": "Alexandre Cormier"
    }
  ]
}