{
  "@context": "https://w3id.org/ro/crate/1.1/context",
  "@graph": [
    {
      "@id": "ro-crate-metadata.json",
      "@type": "CreativeWork",
      "about": {
        "@id": "./"
      },
      "conformsTo": [
        {
          "@id": "https://w3id.org/ro/crate/1.1"
        },
        {
          "@id": "https://about.workflowhub.eu/Workflow-RO-Crate/"
        }
      ]
    },
    {
      "@id": "./",
      "@type": "Dataset",
      "datePublished": "2024-03-25T00:35:16.344+00:00",
      "mainEntity": {
        "@id": "main_workflow.ga"
      }
    },
    {
      "@id": "main_workflow.ga",
      "@type": [
        "File",
        "SoftwareSourceCode",
        "ComputationalWorkflow"
      ],
      "author": [
        {
          "@id": "#d6da3fad-dcab-4619-86b6-3345a5ad5a70"
        },
        {
          "@id": "#cd78c8ce-4e2d-4a37-8883-b537a356e7c0"
        },
        {
          "@id": "#6cbac5d7-5fb6-4174-a25e-5804e71e1e37"
        },
        {
          "@id": "#75b58c80-ee47-4f11-8815-4c61912aa16d"
        }
      ],
      "license": {
        "@id": "https://spdx.org/licenses/GPL-3.0-or-later"
      },
      "name": "Genome Assembly using PacBio data",
      "version": 4,
      "programmingLanguage": {
        "@id": "https://w3id.org/workflowhub/workflow-ro-crate#galaxy"
      }
    },
    {
      "@id": "https://spdx.org/licenses/GPL-3.0-or-later",
      "@type": "CreativeWork",
      "name": "GPL-3.0-or-later"
    },
    {
      "@id": "https://w3id.org/workflowhub/workflow-ro-crate#galaxy",
      "@type": "ComputerLanguage",
      "identifier": {
        "@id": "https://galaxyproject.org/"
      },
      "name": "Galaxy",
      "url": {
        "@id": "https://galaxyproject.org/"
      },
      "version": "23.1"
    },
    {
      "@id": "#d6da3fad-dcab-4619-86b6-3345a5ad5a70",
      "@type": "Person",
      "name": "Erwan Corre"
    },
    {
      "@id": "#cd78c8ce-4e2d-4a37-8883-b537a356e7c0",
      "@type": "Person",
      "name": "Stéphanie Robin"
    },
    {
      "@id": "#6cbac5d7-5fb6-4174-a25e-5804e71e1e37",
      "@type": "Person",
      "name": "Anthony Bretaudeau"
    },
    {
      "@id": "#75b58c80-ee47-4f11-8815-4c61912aa16d",
      "@type": "Person",
      "name": "Alexandre Cormier"
    }
  ]
}