{
  "@context": "https://w3id.org/ro/crate/1.1/context",
  "@graph": [
    {
      "@id": "ro-crate-metadata.json",
      "@type": "CreativeWork",
      "about": {
        "@id": "./"
      },
      "conformsTo": [
        {
          "@id": "https://w3id.org/ro/crate/1.1"
        },
        {
          "@id": "https://about.workflowhub.eu/Workflow-RO-Crate/"
        }
      ]
    },
    {
      "@id": "./",
      "@type": "Dataset",
      "datePublished": "2023-12-05T00:33:29.153+00:00",
      "mainEntity": {
        "@id": "main_workflow.ga"
      }
    },
    {
      "@id": "main_workflow.ga",
      "@type": [
        "File",
        "SoftwareSourceCode",
        "ComputationalWorkflow"
      ],
      "author": [
        {
          "@id": "#8bd4853d-ae62-495c-af19-4b99aea4571a"
        },
        {
          "@id": "#2cb7f365-2987-4be5-b74a-f40810bdde25"
        },
        {
          "@id": "#b8f4b83c-b65c-4b10-87f0-fc8d5c06c90c"
        },
        {
          "@id": "#02ed8ad4-12aa-4c5e-b136-03dac078d115"
        }
      ],
      "license": {
        "@id": "https://spdx.org/licenses/GPL-3.0-or-later"
      },
      "name": "Genome Assembly using PacBio data",
      "version": 4,
      "programmingLanguage": {
        "@id": "https://w3id.org/workflowhub/workflow-ro-crate#galaxy"
      }
    },
    {
      "@id": "https://spdx.org/licenses/GPL-3.0-or-later",
      "@type": "CreativeWork",
      "name": "GPL-3.0-or-later"
    },
    {
      "@id": "https://w3id.org/workflowhub/workflow-ro-crate#galaxy",
      "@type": "ComputerLanguage",
      "identifier": {
        "@id": "https://galaxyproject.org/"
      },
      "name": "Galaxy",
      "url": {
        "@id": "https://galaxyproject.org/"
      },
      "version": "23.1"
    },
    {
      "@id": "#8bd4853d-ae62-495c-af19-4b99aea4571a",
      "@type": "Person",
      "name": "Erwan Corre"
    },
    {
      "@id": "#2cb7f365-2987-4be5-b74a-f40810bdde25",
      "@type": "Person",
      "name": "Stéphanie Robin"
    },
    {
      "@id": "#b8f4b83c-b65c-4b10-87f0-fc8d5c06c90c",
      "@type": "Person",
      "name": "Anthony Bretaudeau"
    },
    {
      "@id": "#02ed8ad4-12aa-4c5e-b136-03dac078d115",
      "@type": "Person",
      "name": "Alexandre Cormier"
    }
  ]
}