{
  "@context": "https://w3id.org/ro/crate/1.1/context",
  "@graph": [
    {
      "@id": "ro-crate-metadata.json",
      "@type": "CreativeWork",
      "about": {
        "@id": "./"
      },
      "conformsTo": [
        {
          "@id": "https://w3id.org/ro/crate/1.1"
        },
        {
          "@id": "https://about.workflowhub.eu/Workflow-RO-Crate/"
        }
      ]
    },
    {
      "@id": "./",
      "@type": "Dataset",
      "datePublished": "2024-04-20T00:32:28.163+00:00",
      "mainEntity": {
        "@id": "main_workflow.ga"
      }
    },
    {
      "@id": "main_workflow.ga",
      "@type": [
        "File",
        "SoftwareSourceCode",
        "ComputationalWorkflow"
      ],
      "author": [
        {
          "@id": "#f059c734-c097-433a-bcb0-6bae013821cb"
        },
        {
          "@id": "#02cd969c-c530-4907-ad88-8cc399752be2"
        },
        {
          "@id": "#915e95f7-d5cf-4bc3-a741-f864ac2633a1"
        },
        {
          "@id": "#f7a14c0d-b5d4-43cb-86a9-19dd77939b0b"
        }
      ],
      "license": {
        "@id": "https://spdx.org/licenses/GPL-3.0-or-later"
      },
      "name": "Genome Assembly using PacBio data",
      "version": 4,
      "programmingLanguage": {
        "@id": "https://w3id.org/workflowhub/workflow-ro-crate#galaxy"
      }
    },
    {
      "@id": "https://spdx.org/licenses/GPL-3.0-or-later",
      "@type": "CreativeWork",
      "name": "GPL-3.0-or-later"
    },
    {
      "@id": "https://w3id.org/workflowhub/workflow-ro-crate#galaxy",
      "@type": "ComputerLanguage",
      "identifier": {
        "@id": "https://galaxyproject.org/"
      },
      "name": "Galaxy",
      "url": {
        "@id": "https://galaxyproject.org/"
      },
      "version": "23.1"
    },
    {
      "@id": "#f059c734-c097-433a-bcb0-6bae013821cb",
      "@type": "Person",
      "name": "Erwan Corre"
    },
    {
      "@id": "#02cd969c-c530-4907-ad88-8cc399752be2",
      "@type": "Person",
      "name": "Stéphanie Robin"
    },
    {
      "@id": "#915e95f7-d5cf-4bc3-a741-f864ac2633a1",
      "@type": "Person",
      "name": "Anthony Bretaudeau"
    },
    {
      "@id": "#f7a14c0d-b5d4-43cb-86a9-19dd77939b0b",
      "@type": "Person",
      "name": "Alexandre Cormier"
    }
  ]
}