{
  "@context": "https://w3id.org/ro/crate/1.1/context",
  "@graph": [
    {
      "@id": "ro-crate-metadata.json",
      "@type": "CreativeWork",
      "about": {
        "@id": "./"
      },
      "conformsTo": [
        {
          "@id": "https://w3id.org/ro/crate/1.1"
        },
        {
          "@id": "https://about.workflowhub.eu/Workflow-RO-Crate/"
        }
      ]
    },
    {
      "@id": "./",
      "@type": "Dataset",
      "datePublished": "2024-04-16T00:32:19.400+00:00",
      "mainEntity": {
        "@id": "main_workflow.ga"
      }
    },
    {
      "@id": "main_workflow.ga",
      "@type": [
        "File",
        "SoftwareSourceCode",
        "ComputationalWorkflow"
      ],
      "author": [
        {
          "@id": "#176e0504-bcf9-4f04-ba3a-3b8c74adda65"
        },
        {
          "@id": "#296ed1ff-1dba-4018-93c0-9934d7ee07c8"
        },
        {
          "@id": "#aeafdd6d-3411-41ce-b1ca-cb43e3dc7392"
        },
        {
          "@id": "#e1287d9a-190c-4782-9b16-f6810f908caf"
        }
      ],
      "license": {
        "@id": "https://spdx.org/licenses/GPL-3.0-or-later"
      },
      "name": "Genome Assembly using PacBio data",
      "version": 4,
      "programmingLanguage": {
        "@id": "https://w3id.org/workflowhub/workflow-ro-crate#galaxy"
      }
    },
    {
      "@id": "https://spdx.org/licenses/GPL-3.0-or-later",
      "@type": "CreativeWork",
      "name": "GPL-3.0-or-later"
    },
    {
      "@id": "https://w3id.org/workflowhub/workflow-ro-crate#galaxy",
      "@type": "ComputerLanguage",
      "identifier": {
        "@id": "https://galaxyproject.org/"
      },
      "name": "Galaxy",
      "url": {
        "@id": "https://galaxyproject.org/"
      },
      "version": "23.1"
    },
    {
      "@id": "#176e0504-bcf9-4f04-ba3a-3b8c74adda65",
      "@type": "Person",
      "name": "Erwan Corre"
    },
    {
      "@id": "#296ed1ff-1dba-4018-93c0-9934d7ee07c8",
      "@type": "Person",
      "name": "Stéphanie Robin"
    },
    {
      "@id": "#aeafdd6d-3411-41ce-b1ca-cb43e3dc7392",
      "@type": "Person",
      "name": "Anthony Bretaudeau"
    },
    {
      "@id": "#e1287d9a-190c-4782-9b16-f6810f908caf",
      "@type": "Person",
      "name": "Alexandre Cormier"
    }
  ]
}