{
  "@context": "https://w3id.org/ro/crate/1.1/context",
  "@graph": [
    {
      "@id": "ro-crate-metadata.json",
      "@type": "CreativeWork",
      "about": {
        "@id": "./"
      },
      "conformsTo": [
        {
          "@id": "https://w3id.org/ro/crate/1.1"
        },
        {
          "@id": "https://about.workflowhub.eu/Workflow-RO-Crate/"
        }
      ]
    },
    {
      "@id": "./",
      "@type": "Dataset",
      "datePublished": "2024-01-29T00:31:41.989+00:00",
      "mainEntity": {
        "@id": "main_workflow.ga"
      }
    },
    {
      "@id": "main_workflow.ga",
      "@type": [
        "File",
        "SoftwareSourceCode",
        "ComputationalWorkflow"
      ],
      "author": [
        {
          "@id": "#89c42ea4-c66f-4137-a0d0-902a8f53039b"
        },
        {
          "@id": "#3cbe7eb3-77f5-4916-8779-45b7c682197b"
        },
        {
          "@id": "#e783f135-c98a-427f-894a-1234831a2c04"
        },
        {
          "@id": "#1839be3c-451b-43ae-ad19-4b5080aa9b59"
        }
      ],
      "license": {
        "@id": "https://spdx.org/licenses/GPL-3.0-or-later"
      },
      "name": "Genome Assembly using PacBio data",
      "version": 4,
      "programmingLanguage": {
        "@id": "https://w3id.org/workflowhub/workflow-ro-crate#galaxy"
      }
    },
    {
      "@id": "https://spdx.org/licenses/GPL-3.0-or-later",
      "@type": "CreativeWork",
      "name": "GPL-3.0-or-later"
    },
    {
      "@id": "https://w3id.org/workflowhub/workflow-ro-crate#galaxy",
      "@type": "ComputerLanguage",
      "identifier": {
        "@id": "https://galaxyproject.org/"
      },
      "name": "Galaxy",
      "url": {
        "@id": "https://galaxyproject.org/"
      },
      "version": "23.1"
    },
    {
      "@id": "#89c42ea4-c66f-4137-a0d0-902a8f53039b",
      "@type": "Person",
      "name": "Erwan Corre"
    },
    {
      "@id": "#3cbe7eb3-77f5-4916-8779-45b7c682197b",
      "@type": "Person",
      "name": "Stéphanie Robin"
    },
    {
      "@id": "#e783f135-c98a-427f-894a-1234831a2c04",
      "@type": "Person",
      "name": "Anthony Bretaudeau"
    },
    {
      "@id": "#1839be3c-451b-43ae-ad19-4b5080aa9b59",
      "@type": "Person",
      "name": "Alexandre Cormier"
    }
  ]
}