{
  "@context": "https://w3id.org/ro/crate/1.1/context",
  "@graph": [
    {
      "@id": "ro-crate-metadata.json",
      "@type": "CreativeWork",
      "about": {
        "@id": "./"
      },
      "conformsTo": [
        {
          "@id": "https://w3id.org/ro/crate/1.1"
        },
        {
          "@id": "https://about.workflowhub.eu/Workflow-RO-Crate/"
        }
      ]
    },
    {
      "@id": "./",
      "@type": "Dataset",
      "datePublished": "2024-01-11T00:36:49.975+00:00",
      "mainEntity": {
        "@id": "main_workflow.ga"
      }
    },
    {
      "@id": "main_workflow.ga",
      "@type": [
        "File",
        "SoftwareSourceCode",
        "ComputationalWorkflow"
      ],
      "author": [
        {
          "@id": "#797f4fcd-a192-4908-8555-68ff782f42e3"
        },
        {
          "@id": "#bc0d7f71-b758-4fb1-9d5b-f5b9ad80e466"
        },
        {
          "@id": "#efc2524f-cb7d-49d8-868a-8eaeecfe519b"
        },
        {
          "@id": "#97dc84f5-da77-4cc3-8ba2-787ab8d0cc1d"
        }
      ],
      "license": {
        "@id": "https://spdx.org/licenses/GPL-3.0-or-later"
      },
      "name": "Genome Assembly using PacBio data",
      "version": 4,
      "programmingLanguage": {
        "@id": "https://w3id.org/workflowhub/workflow-ro-crate#galaxy"
      }
    },
    {
      "@id": "https://spdx.org/licenses/GPL-3.0-or-later",
      "@type": "CreativeWork",
      "name": "GPL-3.0-or-later"
    },
    {
      "@id": "https://w3id.org/workflowhub/workflow-ro-crate#galaxy",
      "@type": "ComputerLanguage",
      "identifier": {
        "@id": "https://galaxyproject.org/"
      },
      "name": "Galaxy",
      "url": {
        "@id": "https://galaxyproject.org/"
      },
      "version": "23.1"
    },
    {
      "@id": "#797f4fcd-a192-4908-8555-68ff782f42e3",
      "@type": "Person",
      "name": "Erwan Corre"
    },
    {
      "@id": "#bc0d7f71-b758-4fb1-9d5b-f5b9ad80e466",
      "@type": "Person",
      "name": "Stéphanie Robin"
    },
    {
      "@id": "#efc2524f-cb7d-49d8-868a-8eaeecfe519b",
      "@type": "Person",
      "name": "Anthony Bretaudeau"
    },
    {
      "@id": "#97dc84f5-da77-4cc3-8ba2-787ab8d0cc1d",
      "@type": "Person",
      "name": "Alexandre Cormier"
    }
  ]
}