{
  "@context": "https://w3id.org/ro/crate/1.1/context",
  "@graph": [
    {
      "@id": "ro-crate-metadata.json",
      "@type": "CreativeWork",
      "about": {
        "@id": "./"
      },
      "conformsTo": [
        {
          "@id": "https://w3id.org/ro/crate/1.1"
        },
        {
          "@id": "https://about.workflowhub.eu/Workflow-RO-Crate/"
        }
      ]
    },
    {
      "@id": "./",
      "@type": "Dataset",
      "datePublished": "2024-03-12T00:31:24.057+00:00",
      "mainEntity": {
        "@id": "main_workflow.ga"
      }
    },
    {
      "@id": "main_workflow.ga",
      "@type": [
        "File",
        "SoftwareSourceCode",
        "ComputationalWorkflow"
      ],
      "author": [
        {
          "@id": "#875b43bb-05b2-4754-a7cf-475e3c3097e3"
        },
        {
          "@id": "#cc947452-a76c-4bbc-8f26-a361d742904e"
        },
        {
          "@id": "#f2ef0e74-f460-40a2-af28-951d541638f1"
        },
        {
          "@id": "#8ba53d6a-5ca3-4bcc-8a52-4fb8f5bec93d"
        }
      ],
      "license": {
        "@id": "https://spdx.org/licenses/GPL-3.0-or-later"
      },
      "name": "Genome Assembly using PacBio data",
      "version": 4,
      "programmingLanguage": {
        "@id": "https://w3id.org/workflowhub/workflow-ro-crate#galaxy"
      }
    },
    {
      "@id": "https://spdx.org/licenses/GPL-3.0-or-later",
      "@type": "CreativeWork",
      "name": "GPL-3.0-or-later"
    },
    {
      "@id": "https://w3id.org/workflowhub/workflow-ro-crate#galaxy",
      "@type": "ComputerLanguage",
      "identifier": {
        "@id": "https://galaxyproject.org/"
      },
      "name": "Galaxy",
      "url": {
        "@id": "https://galaxyproject.org/"
      },
      "version": "23.1"
    },
    {
      "@id": "#875b43bb-05b2-4754-a7cf-475e3c3097e3",
      "@type": "Person",
      "name": "Erwan Corre"
    },
    {
      "@id": "#cc947452-a76c-4bbc-8f26-a361d742904e",
      "@type": "Person",
      "name": "Stéphanie Robin"
    },
    {
      "@id": "#f2ef0e74-f460-40a2-af28-951d541638f1",
      "@type": "Person",
      "name": "Anthony Bretaudeau"
    },
    {
      "@id": "#8ba53d6a-5ca3-4bcc-8a52-4fb8f5bec93d",
      "@type": "Person",
      "name": "Alexandre Cormier"
    }
  ]
}