{
  "@context": "https://w3id.org/ro/crate/1.1/context",
  "@graph": [
    {
      "@id": "ro-crate-metadata.json",
      "@type": "CreativeWork",
      "about": {
        "@id": "./"
      },
      "conformsTo": [
        {
          "@id": "https://w3id.org/ro/crate/1.1"
        },
        {
          "@id": "https://about.workflowhub.eu/Workflow-RO-Crate/"
        }
      ]
    },
    {
      "@id": "./",
      "@type": "Dataset",
      "datePublished": "2023-12-26T00:32:35.374+00:00",
      "mainEntity": {
        "@id": "main_workflow.ga"
      }
    },
    {
      "@id": "main_workflow.ga",
      "@type": [
        "File",
        "SoftwareSourceCode",
        "ComputationalWorkflow"
      ],
      "author": [
        {
          "@id": "#880e56fb-530f-47e1-aaa1-a9af4460b0c5"
        },
        {
          "@id": "#9026ff63-af04-4056-9fc0-beaa64d7d8e4"
        },
        {
          "@id": "#549001dd-8e03-4202-9980-548cf5e5ffa3"
        },
        {
          "@id": "#d8df0b74-4010-476c-9115-d7b9e1a3155d"
        }
      ],
      "license": {
        "@id": "https://spdx.org/licenses/GPL-3.0-or-later"
      },
      "name": "Genome Assembly using PacBio data",
      "version": 4,
      "programmingLanguage": {
        "@id": "https://w3id.org/workflowhub/workflow-ro-crate#galaxy"
      }
    },
    {
      "@id": "https://spdx.org/licenses/GPL-3.0-or-later",
      "@type": "CreativeWork",
      "name": "GPL-3.0-or-later"
    },
    {
      "@id": "https://w3id.org/workflowhub/workflow-ro-crate#galaxy",
      "@type": "ComputerLanguage",
      "identifier": {
        "@id": "https://galaxyproject.org/"
      },
      "name": "Galaxy",
      "url": {
        "@id": "https://galaxyproject.org/"
      },
      "version": "23.1"
    },
    {
      "@id": "#880e56fb-530f-47e1-aaa1-a9af4460b0c5",
      "@type": "Person",
      "name": "Erwan Corre"
    },
    {
      "@id": "#9026ff63-af04-4056-9fc0-beaa64d7d8e4",
      "@type": "Person",
      "name": "Stéphanie Robin"
    },
    {
      "@id": "#549001dd-8e03-4202-9980-548cf5e5ffa3",
      "@type": "Person",
      "name": "Anthony Bretaudeau"
    },
    {
      "@id": "#d8df0b74-4010-476c-9115-d7b9e1a3155d",
      "@type": "Person",
      "name": "Alexandre Cormier"
    }
  ]
}