{
  "@context": "https://w3id.org/ro/crate/1.1/context",
  "@graph": [
    {
      "@id": "ro-crate-metadata.json",
      "@type": "CreativeWork",
      "about": {
        "@id": "./"
      },
      "conformsTo": [
        {
          "@id": "https://w3id.org/ro/crate/1.1"
        },
        {
          "@id": "https://about.workflowhub.eu/Workflow-RO-Crate/"
        }
      ]
    },
    {
      "@id": "./",
      "@type": "Dataset",
      "datePublished": "2023-12-15T00:33:31.824+00:00",
      "mainEntity": {
        "@id": "main_workflow.ga"
      }
    },
    {
      "@id": "main_workflow.ga",
      "@type": [
        "File",
        "SoftwareSourceCode",
        "ComputationalWorkflow"
      ],
      "author": [
        {
          "@id": "#6b23942b-a569-4ef6-9d44-3c68f5202fea"
        },
        {
          "@id": "#bd4fc249-44bb-4fe7-bd6e-f506c502a5e0"
        },
        {
          "@id": "#c4679e5e-5840-4cd2-9c30-85f736113be0"
        },
        {
          "@id": "#6c63b7f7-c016-4efd-b2ad-3bc3b853ec10"
        }
      ],
      "license": {
        "@id": "https://spdx.org/licenses/GPL-3.0-or-later"
      },
      "name": "Genome Assembly using PacBio data",
      "version": 4,
      "programmingLanguage": {
        "@id": "https://w3id.org/workflowhub/workflow-ro-crate#galaxy"
      }
    },
    {
      "@id": "https://spdx.org/licenses/GPL-3.0-or-later",
      "@type": "CreativeWork",
      "name": "GPL-3.0-or-later"
    },
    {
      "@id": "https://w3id.org/workflowhub/workflow-ro-crate#galaxy",
      "@type": "ComputerLanguage",
      "identifier": {
        "@id": "https://galaxyproject.org/"
      },
      "name": "Galaxy",
      "url": {
        "@id": "https://galaxyproject.org/"
      },
      "version": "23.1"
    },
    {
      "@id": "#6b23942b-a569-4ef6-9d44-3c68f5202fea",
      "@type": "Person",
      "name": "Erwan Corre"
    },
    {
      "@id": "#bd4fc249-44bb-4fe7-bd6e-f506c502a5e0",
      "@type": "Person",
      "name": "Stéphanie Robin"
    },
    {
      "@id": "#c4679e5e-5840-4cd2-9c30-85f736113be0",
      "@type": "Person",
      "name": "Anthony Bretaudeau"
    },
    {
      "@id": "#6c63b7f7-c016-4efd-b2ad-3bc3b853ec10",
      "@type": "Person",
      "name": "Alexandre Cormier"
    }
  ]
}