{
  "@context": "https://w3id.org/ro/crate/1.1/context",
  "@graph": [
    {
      "@id": "ro-crate-metadata.json",
      "@type": "CreativeWork",
      "about": {
        "@id": "./"
      },
      "conformsTo": [
        {
          "@id": "https://w3id.org/ro/crate/1.1"
        },
        {
          "@id": "https://about.workflowhub.eu/Workflow-RO-Crate/"
        }
      ]
    },
    {
      "@id": "./",
      "@type": "Dataset",
      "datePublished": "2024-05-03T00:35:43.558+00:00",
      "mainEntity": {
        "@id": "main_workflow.ga"
      }
    },
    {
      "@id": "main_workflow.ga",
      "@type": [
        "File",
        "SoftwareSourceCode",
        "ComputationalWorkflow"
      ],
      "author": [
        {
          "@id": "#e48eaed8-d9c9-4e47-8431-18bca6f48168"
        },
        {
          "@id": "#8b56c653-10ad-48ba-a5d9-bb801606acd0"
        },
        {
          "@id": "#24885759-3c7d-4022-be4a-014a9f9f09a6"
        },
        {
          "@id": "#6beff1be-e5cd-4a91-a656-aaf7d5493e1c"
        }
      ],
      "license": {
        "@id": "https://spdx.org/licenses/GPL-3.0-or-later"
      },
      "name": "Genome Assembly using PacBio data",
      "version": 4,
      "programmingLanguage": {
        "@id": "https://w3id.org/workflowhub/workflow-ro-crate#galaxy"
      }
    },
    {
      "@id": "https://spdx.org/licenses/GPL-3.0-or-later",
      "@type": "CreativeWork",
      "name": "GPL-3.0-or-later"
    },
    {
      "@id": "https://w3id.org/workflowhub/workflow-ro-crate#galaxy",
      "@type": "ComputerLanguage",
      "identifier": {
        "@id": "https://galaxyproject.org/"
      },
      "name": "Galaxy",
      "url": {
        "@id": "https://galaxyproject.org/"
      },
      "version": "23.1"
    },
    {
      "@id": "#e48eaed8-d9c9-4e47-8431-18bca6f48168",
      "@type": "Person",
      "name": "Erwan Corre"
    },
    {
      "@id": "#8b56c653-10ad-48ba-a5d9-bb801606acd0",
      "@type": "Person",
      "name": "Stéphanie Robin"
    },
    {
      "@id": "#24885759-3c7d-4022-be4a-014a9f9f09a6",
      "@type": "Person",
      "name": "Anthony Bretaudeau"
    },
    {
      "@id": "#6beff1be-e5cd-4a91-a656-aaf7d5493e1c",
      "@type": "Person",
      "name": "Alexandre Cormier"
    }
  ]
}