{
  "@context": "https://w3id.org/ro/crate/1.1/context",
  "@graph": [
    {
      "@id": "ro-crate-metadata.json",
      "@type": "CreativeWork",
      "about": {
        "@id": "./"
      },
      "conformsTo": [
        {
          "@id": "https://w3id.org/ro/crate/1.1"
        },
        {
          "@id": "https://about.workflowhub.eu/Workflow-RO-Crate/"
        }
      ]
    },
    {
      "@id": "./",
      "@type": "Dataset",
      "datePublished": "2023-12-04T00:33:15.146+00:00",
      "mainEntity": {
        "@id": "main_workflow.ga"
      }
    },
    {
      "@id": "main_workflow.ga",
      "@type": [
        "File",
        "SoftwareSourceCode",
        "ComputationalWorkflow"
      ],
      "author": [
        {
          "@id": "#0f29c3a1-878f-4cef-8532-3ffcc2827a9e"
        },
        {
          "@id": "#10328a5c-7ed5-496e-8c8c-89ec61a71661"
        },
        {
          "@id": "#1f2cb734-5725-4e84-880c-eaedc7781af4"
        },
        {
          "@id": "#e25485a1-b51a-4d3e-b425-ea4ebb2016d0"
        }
      ],
      "license": {
        "@id": "https://spdx.org/licenses/GPL-3.0-or-later"
      },
      "name": "Genome Assembly using PacBio data",
      "version": 4,
      "programmingLanguage": {
        "@id": "https://w3id.org/workflowhub/workflow-ro-crate#galaxy"
      }
    },
    {
      "@id": "https://spdx.org/licenses/GPL-3.0-or-later",
      "@type": "CreativeWork",
      "name": "GPL-3.0-or-later"
    },
    {
      "@id": "https://w3id.org/workflowhub/workflow-ro-crate#galaxy",
      "@type": "ComputerLanguage",
      "identifier": {
        "@id": "https://galaxyproject.org/"
      },
      "name": "Galaxy",
      "url": {
        "@id": "https://galaxyproject.org/"
      },
      "version": "23.1"
    },
    {
      "@id": "#0f29c3a1-878f-4cef-8532-3ffcc2827a9e",
      "@type": "Person",
      "name": "Erwan Corre"
    },
    {
      "@id": "#10328a5c-7ed5-496e-8c8c-89ec61a71661",
      "@type": "Person",
      "name": "Stéphanie Robin"
    },
    {
      "@id": "#1f2cb734-5725-4e84-880c-eaedc7781af4",
      "@type": "Person",
      "name": "Anthony Bretaudeau"
    },
    {
      "@id": "#e25485a1-b51a-4d3e-b425-ea4ebb2016d0",
      "@type": "Person",
      "name": "Alexandre Cormier"
    }
  ]
}