{
  "@context": "https://w3id.org/ro/crate/1.1/context",
  "@graph": [
    {
      "@id": "ro-crate-metadata.json",
      "@type": "CreativeWork",
      "about": {
        "@id": "./"
      },
      "conformsTo": [
        {
          "@id": "https://w3id.org/ro/crate/1.1"
        },
        {
          "@id": "https://about.workflowhub.eu/Workflow-RO-Crate/"
        }
      ]
    },
    {
      "@id": "./",
      "@type": "Dataset",
      "datePublished": "2024-01-19T00:33:54.822+00:00",
      "mainEntity": {
        "@id": "main_workflow.ga"
      }
    },
    {
      "@id": "main_workflow.ga",
      "@type": [
        "File",
        "SoftwareSourceCode",
        "ComputationalWorkflow"
      ],
      "author": [
        {
          "@id": "#d9617c0a-189b-463f-8860-b9076496d763"
        },
        {
          "@id": "#2c813238-4ed0-4b40-8bc1-8c4e996c3672"
        },
        {
          "@id": "#ebe2d9d8-4e18-4508-98bc-580a76bd05c6"
        },
        {
          "@id": "#90f9d538-6258-4ddb-b5b6-5aa1eded0580"
        }
      ],
      "license": {
        "@id": "https://spdx.org/licenses/GPL-3.0-or-later"
      },
      "name": "Genome Assembly using PacBio data",
      "version": 4,
      "programmingLanguage": {
        "@id": "https://w3id.org/workflowhub/workflow-ro-crate#galaxy"
      }
    },
    {
      "@id": "https://spdx.org/licenses/GPL-3.0-or-later",
      "@type": "CreativeWork",
      "name": "GPL-3.0-or-later"
    },
    {
      "@id": "https://w3id.org/workflowhub/workflow-ro-crate#galaxy",
      "@type": "ComputerLanguage",
      "identifier": {
        "@id": "https://galaxyproject.org/"
      },
      "name": "Galaxy",
      "url": {
        "@id": "https://galaxyproject.org/"
      },
      "version": "23.1"
    },
    {
      "@id": "#d9617c0a-189b-463f-8860-b9076496d763",
      "@type": "Person",
      "name": "Erwan Corre"
    },
    {
      "@id": "#2c813238-4ed0-4b40-8bc1-8c4e996c3672",
      "@type": "Person",
      "name": "Stéphanie Robin"
    },
    {
      "@id": "#ebe2d9d8-4e18-4508-98bc-580a76bd05c6",
      "@type": "Person",
      "name": "Anthony Bretaudeau"
    },
    {
      "@id": "#90f9d538-6258-4ddb-b5b6-5aa1eded0580",
      "@type": "Person",
      "name": "Alexandre Cormier"
    }
  ]
}