{
  "@context": "https://w3id.org/ro/crate/1.1/context",
  "@graph": [
    {
      "@id": "ro-crate-metadata.json",
      "@type": "CreativeWork",
      "about": {
        "@id": "./"
      },
      "conformsTo": [
        {
          "@id": "https://w3id.org/ro/crate/1.1"
        },
        {
          "@id": "https://about.workflowhub.eu/Workflow-RO-Crate/"
        }
      ]
    },
    {
      "@id": "./",
      "@type": "Dataset",
      "datePublished": "2024-05-04T00:32:27.947+00:00",
      "mainEntity": {
        "@id": "main_workflow.ga"
      }
    },
    {
      "@id": "main_workflow.ga",
      "@type": [
        "File",
        "SoftwareSourceCode",
        "ComputationalWorkflow"
      ],
      "author": [
        {
          "@id": "#7afdd045-2f7f-4636-84a0-8abb2ac18cad"
        },
        {
          "@id": "#813f1511-c8a5-4b67-8042-afbfb8024bff"
        },
        {
          "@id": "#eb2ebf42-6f0c-413b-b33b-ab9d53672c9d"
        },
        {
          "@id": "#eb1a9bb6-e498-4987-bc14-bbe4d0f075fc"
        }
      ],
      "license": {
        "@id": "https://spdx.org/licenses/GPL-3.0-or-later"
      },
      "name": "Genome Assembly using PacBio data",
      "version": 4,
      "programmingLanguage": {
        "@id": "https://w3id.org/workflowhub/workflow-ro-crate#galaxy"
      }
    },
    {
      "@id": "https://spdx.org/licenses/GPL-3.0-or-later",
      "@type": "CreativeWork",
      "name": "GPL-3.0-or-later"
    },
    {
      "@id": "https://w3id.org/workflowhub/workflow-ro-crate#galaxy",
      "@type": "ComputerLanguage",
      "identifier": {
        "@id": "https://galaxyproject.org/"
      },
      "name": "Galaxy",
      "url": {
        "@id": "https://galaxyproject.org/"
      },
      "version": "23.1"
    },
    {
      "@id": "#7afdd045-2f7f-4636-84a0-8abb2ac18cad",
      "@type": "Person",
      "name": "Erwan Corre"
    },
    {
      "@id": "#813f1511-c8a5-4b67-8042-afbfb8024bff",
      "@type": "Person",
      "name": "Stéphanie Robin"
    },
    {
      "@id": "#eb2ebf42-6f0c-413b-b33b-ab9d53672c9d",
      "@type": "Person",
      "name": "Anthony Bretaudeau"
    },
    {
      "@id": "#eb1a9bb6-e498-4987-bc14-bbe4d0f075fc",
      "@type": "Person",
      "name": "Alexandre Cormier"
    }
  ]
}