{
  "@context": "https://w3id.org/ro/crate/1.1/context",
  "@graph": [
    {
      "@id": "ro-crate-metadata.json",
      "@type": "CreativeWork",
      "about": {
        "@id": "./"
      },
      "conformsTo": [
        {
          "@id": "https://w3id.org/ro/crate/1.1"
        },
        {
          "@id": "https://about.workflowhub.eu/Workflow-RO-Crate/"
        }
      ]
    },
    {
      "@id": "./",
      "@type": "Dataset",
      "datePublished": "2024-03-14T00:31:07.021+00:00",
      "mainEntity": {
        "@id": "main_workflow.ga"
      }
    },
    {
      "@id": "main_workflow.ga",
      "@type": [
        "File",
        "SoftwareSourceCode",
        "ComputationalWorkflow"
      ],
      "author": [
        {
          "@id": "#52ec7f91-5947-4a8b-9be2-408c3ccef7ae"
        },
        {
          "@id": "#19ee3c45-000e-4159-be3d-fe6a0f09ccc6"
        },
        {
          "@id": "#d1e61c5e-bdcd-4342-989f-78af386987c1"
        },
        {
          "@id": "#14b746c9-1758-4b2d-af64-5340e1752b68"
        }
      ],
      "license": {
        "@id": "https://spdx.org/licenses/GPL-3.0-or-later"
      },
      "name": "Genome Assembly using PacBio data",
      "version": 4,
      "programmingLanguage": {
        "@id": "https://w3id.org/workflowhub/workflow-ro-crate#galaxy"
      }
    },
    {
      "@id": "https://spdx.org/licenses/GPL-3.0-or-later",
      "@type": "CreativeWork",
      "name": "GPL-3.0-or-later"
    },
    {
      "@id": "https://w3id.org/workflowhub/workflow-ro-crate#galaxy",
      "@type": "ComputerLanguage",
      "identifier": {
        "@id": "https://galaxyproject.org/"
      },
      "name": "Galaxy",
      "url": {
        "@id": "https://galaxyproject.org/"
      },
      "version": "23.1"
    },
    {
      "@id": "#52ec7f91-5947-4a8b-9be2-408c3ccef7ae",
      "@type": "Person",
      "name": "Erwan Corre"
    },
    {
      "@id": "#19ee3c45-000e-4159-be3d-fe6a0f09ccc6",
      "@type": "Person",
      "name": "Stéphanie Robin"
    },
    {
      "@id": "#d1e61c5e-bdcd-4342-989f-78af386987c1",
      "@type": "Person",
      "name": "Anthony Bretaudeau"
    },
    {
      "@id": "#14b746c9-1758-4b2d-af64-5340e1752b68",
      "@type": "Person",
      "name": "Alexandre Cormier"
    }
  ]
}