{
  "@context": "https://w3id.org/ro/crate/1.1/context",
  "@graph": [
    {
      "@id": "ro-crate-metadata.json",
      "@type": "CreativeWork",
      "about": {
        "@id": "./"
      },
      "conformsTo": [
        {
          "@id": "https://w3id.org/ro/crate/1.1"
        },
        {
          "@id": "https://about.workflowhub.eu/Workflow-RO-Crate/"
        }
      ]
    },
    {
      "@id": "./",
      "@type": "Dataset",
      "datePublished": "2023-12-30T00:31:14.851+00:00",
      "mainEntity": {
        "@id": "main_workflow.ga"
      }
    },
    {
      "@id": "main_workflow.ga",
      "@type": [
        "File",
        "SoftwareSourceCode",
        "ComputationalWorkflow"
      ],
      "author": [
        {
          "@id": "#432c60ae-1236-42c8-8515-38ea3391146e"
        },
        {
          "@id": "#4587a7fe-4a16-4568-adaf-5e5483769787"
        },
        {
          "@id": "#93536608-9542-48fe-a4be-821c6583b070"
        },
        {
          "@id": "#f9a59ad2-e442-47dd-b1f5-b08170f7294f"
        }
      ],
      "license": {
        "@id": "https://spdx.org/licenses/GPL-3.0-or-later"
      },
      "name": "Genome Assembly using PacBio data",
      "version": 4,
      "programmingLanguage": {
        "@id": "https://w3id.org/workflowhub/workflow-ro-crate#galaxy"
      }
    },
    {
      "@id": "https://spdx.org/licenses/GPL-3.0-or-later",
      "@type": "CreativeWork",
      "name": "GPL-3.0-or-later"
    },
    {
      "@id": "https://w3id.org/workflowhub/workflow-ro-crate#galaxy",
      "@type": "ComputerLanguage",
      "identifier": {
        "@id": "https://galaxyproject.org/"
      },
      "name": "Galaxy",
      "url": {
        "@id": "https://galaxyproject.org/"
      },
      "version": "23.1"
    },
    {
      "@id": "#432c60ae-1236-42c8-8515-38ea3391146e",
      "@type": "Person",
      "name": "Erwan Corre"
    },
    {
      "@id": "#4587a7fe-4a16-4568-adaf-5e5483769787",
      "@type": "Person",
      "name": "Stéphanie Robin"
    },
    {
      "@id": "#93536608-9542-48fe-a4be-821c6583b070",
      "@type": "Person",
      "name": "Anthony Bretaudeau"
    },
    {
      "@id": "#f9a59ad2-e442-47dd-b1f5-b08170f7294f",
      "@type": "Person",
      "name": "Alexandre Cormier"
    }
  ]
}