{
  "@context": "https://w3id.org/ro/crate/1.1/context",
  "@graph": [
    {
      "@id": "ro-crate-metadata.json",
      "@type": "CreativeWork",
      "about": {
        "@id": "./"
      },
      "conformsTo": [
        {
          "@id": "https://w3id.org/ro/crate/1.1"
        },
        {
          "@id": "https://about.workflowhub.eu/Workflow-RO-Crate/"
        }
      ]
    },
    {
      "@id": "./",
      "@type": "Dataset",
      "datePublished": "2024-02-20T00:30:59.685+00:00",
      "mainEntity": {
        "@id": "main_workflow.ga"
      }
    },
    {
      "@id": "main_workflow.ga",
      "@type": [
        "File",
        "SoftwareSourceCode",
        "ComputationalWorkflow"
      ],
      "author": [
        {
          "@id": "#8a6ee17e-13ce-4da9-8c85-550138e44384"
        },
        {
          "@id": "#7a0c53af-e672-42d3-a73b-04b2038dd555"
        },
        {
          "@id": "#e3b9e2e0-3846-4d49-8866-45be67fb4522"
        },
        {
          "@id": "#e86abc46-833b-4fcf-ac98-a2404893db1c"
        }
      ],
      "license": {
        "@id": "https://spdx.org/licenses/GPL-3.0-or-later"
      },
      "name": "Genome Assembly using PacBio data",
      "version": 4,
      "programmingLanguage": {
        "@id": "https://w3id.org/workflowhub/workflow-ro-crate#galaxy"
      }
    },
    {
      "@id": "https://spdx.org/licenses/GPL-3.0-or-later",
      "@type": "CreativeWork",
      "name": "GPL-3.0-or-later"
    },
    {
      "@id": "https://w3id.org/workflowhub/workflow-ro-crate#galaxy",
      "@type": "ComputerLanguage",
      "identifier": {
        "@id": "https://galaxyproject.org/"
      },
      "name": "Galaxy",
      "url": {
        "@id": "https://galaxyproject.org/"
      },
      "version": "23.1"
    },
    {
      "@id": "#8a6ee17e-13ce-4da9-8c85-550138e44384",
      "@type": "Person",
      "name": "Erwan Corre"
    },
    {
      "@id": "#7a0c53af-e672-42d3-a73b-04b2038dd555",
      "@type": "Person",
      "name": "Stéphanie Robin"
    },
    {
      "@id": "#e3b9e2e0-3846-4d49-8866-45be67fb4522",
      "@type": "Person",
      "name": "Anthony Bretaudeau"
    },
    {
      "@id": "#e86abc46-833b-4fcf-ac98-a2404893db1c",
      "@type": "Person",
      "name": "Alexandre Cormier"
    }
  ]
}