{
  "@context": "https://w3id.org/ro/crate/1.1/context",
  "@graph": [
    {
      "@id": "ro-crate-metadata.json",
      "@type": "CreativeWork",
      "about": {
        "@id": "./"
      },
      "conformsTo": [
        {
          "@id": "https://w3id.org/ro/crate/1.1"
        },
        {
          "@id": "https://about.workflowhub.eu/Workflow-RO-Crate/"
        }
      ]
    },
    {
      "@id": "./",
      "@type": "Dataset",
      "datePublished": "2024-01-16T00:33:21.111+00:00",
      "mainEntity": {
        "@id": "main_workflow.ga"
      }
    },
    {
      "@id": "main_workflow.ga",
      "@type": [
        "File",
        "SoftwareSourceCode",
        "ComputationalWorkflow"
      ],
      "author": [
        {
          "@id": "#2a32819f-f90a-498f-87c0-8c880e0294a7"
        },
        {
          "@id": "#db40923c-99a2-4ff9-84ff-0b1b89df5c82"
        },
        {
          "@id": "#f1d506c9-405b-49f7-a30e-168746b5f607"
        },
        {
          "@id": "#e2dd6337-898b-4383-8a7c-bc3c5d46f752"
        }
      ],
      "license": {
        "@id": "https://spdx.org/licenses/GPL-3.0-or-later"
      },
      "name": "Genome Assembly using PacBio data",
      "version": 4,
      "programmingLanguage": {
        "@id": "https://w3id.org/workflowhub/workflow-ro-crate#galaxy"
      }
    },
    {
      "@id": "https://spdx.org/licenses/GPL-3.0-or-later",
      "@type": "CreativeWork",
      "name": "GPL-3.0-or-later"
    },
    {
      "@id": "https://w3id.org/workflowhub/workflow-ro-crate#galaxy",
      "@type": "ComputerLanguage",
      "identifier": {
        "@id": "https://galaxyproject.org/"
      },
      "name": "Galaxy",
      "url": {
        "@id": "https://galaxyproject.org/"
      },
      "version": "23.1"
    },
    {
      "@id": "#2a32819f-f90a-498f-87c0-8c880e0294a7",
      "@type": "Person",
      "name": "Erwan Corre"
    },
    {
      "@id": "#db40923c-99a2-4ff9-84ff-0b1b89df5c82",
      "@type": "Person",
      "name": "Stéphanie Robin"
    },
    {
      "@id": "#f1d506c9-405b-49f7-a30e-168746b5f607",
      "@type": "Person",
      "name": "Anthony Bretaudeau"
    },
    {
      "@id": "#e2dd6337-898b-4383-8a7c-bc3c5d46f752",
      "@type": "Person",
      "name": "Alexandre Cormier"
    }
  ]
}