{
  "@context": "https://w3id.org/ro/crate/1.1/context",
  "@graph": [
    {
      "@id": "ro-crate-metadata.json",
      "@type": "CreativeWork",
      "about": {
        "@id": "./"
      },
      "conformsTo": [
        {
          "@id": "https://w3id.org/ro/crate/1.1"
        },
        {
          "@id": "https://about.workflowhub.eu/Workflow-RO-Crate/"
        }
      ]
    },
    {
      "@id": "./",
      "@type": "Dataset",
      "datePublished": "2023-11-22T00:33:51.571+00:00",
      "mainEntity": {
        "@id": "main_workflow.ga"
      }
    },
    {
      "@id": "main_workflow.ga",
      "@type": [
        "File",
        "SoftwareSourceCode",
        "ComputationalWorkflow"
      ],
      "author": [
        {
          "@id": "#9e731b99-00dc-4ff2-9210-352fcf41e75a"
        },
        {
          "@id": "#3300a4c5-3ef7-4eb1-a4fc-4cb929173a6c"
        },
        {
          "@id": "#05133be4-6130-49db-8cb5-91f7e9a64dba"
        },
        {
          "@id": "#dab53848-30bc-4120-9a75-80e163812eab"
        }
      ],
      "license": {
        "@id": "https://spdx.org/licenses/GPL-3.0-or-later"
      },
      "name": "Genome Assembly using PacBio data",
      "version": 4,
      "programmingLanguage": {
        "@id": "https://w3id.org/workflowhub/workflow-ro-crate#galaxy"
      }
    },
    {
      "@id": "https://spdx.org/licenses/GPL-3.0-or-later",
      "@type": "CreativeWork",
      "name": "GPL-3.0-or-later"
    },
    {
      "@id": "https://w3id.org/workflowhub/workflow-ro-crate#galaxy",
      "@type": "ComputerLanguage",
      "identifier": {
        "@id": "https://galaxyproject.org/"
      },
      "name": "Galaxy",
      "url": {
        "@id": "https://galaxyproject.org/"
      },
      "version": "23.1"
    },
    {
      "@id": "#9e731b99-00dc-4ff2-9210-352fcf41e75a",
      "@type": "Person",
      "name": "Erwan Corre"
    },
    {
      "@id": "#3300a4c5-3ef7-4eb1-a4fc-4cb929173a6c",
      "@type": "Person",
      "name": "Stéphanie Robin"
    },
    {
      "@id": "#05133be4-6130-49db-8cb5-91f7e9a64dba",
      "@type": "Person",
      "name": "Anthony Bretaudeau"
    },
    {
      "@id": "#dab53848-30bc-4120-9a75-80e163812eab",
      "@type": "Person",
      "name": "Alexandre Cormier"
    }
  ]
}