{
  "@context": "https://w3id.org/ro/crate/1.1/context",
  "@graph": [
    {
      "@id": "ro-crate-metadata.json",
      "@type": "CreativeWork",
      "about": {
        "@id": "./"
      },
      "conformsTo": [
        {
          "@id": "https://w3id.org/ro/crate/1.1"
        },
        {
          "@id": "https://about.workflowhub.eu/Workflow-RO-Crate/"
        }
      ]
    },
    {
      "@id": "./",
      "@type": "Dataset",
      "datePublished": "2024-05-12T00:37:27.184+00:00",
      "mainEntity": {
        "@id": "main_workflow.ga"
      }
    },
    {
      "@id": "main_workflow.ga",
      "@type": [
        "File",
        "SoftwareSourceCode",
        "ComputationalWorkflow"
      ],
      "author": [
        {
          "@id": "#8d550e99-774a-45ae-9f4d-3fa25fd8568e"
        },
        {
          "@id": "#872fab6b-c0e0-4bc5-a7c9-06f6df10e8f5"
        },
        {
          "@id": "#73ebed0d-05bf-4f06-ba48-aad8be7ed029"
        },
        {
          "@id": "#c63511ee-f4d2-4572-ae3d-670932d60d7e"
        }
      ],
      "license": {
        "@id": "https://spdx.org/licenses/GPL-3.0-or-later"
      },
      "name": "Genome Assembly using PacBio data",
      "version": 4,
      "programmingLanguage": {
        "@id": "https://w3id.org/workflowhub/workflow-ro-crate#galaxy"
      }
    },
    {
      "@id": "https://spdx.org/licenses/GPL-3.0-or-later",
      "@type": "CreativeWork",
      "name": "GPL-3.0-or-later"
    },
    {
      "@id": "https://w3id.org/workflowhub/workflow-ro-crate#galaxy",
      "@type": "ComputerLanguage",
      "identifier": {
        "@id": "https://galaxyproject.org/"
      },
      "name": "Galaxy",
      "url": {
        "@id": "https://galaxyproject.org/"
      },
      "version": "23.1"
    },
    {
      "@id": "#8d550e99-774a-45ae-9f4d-3fa25fd8568e",
      "@type": "Person",
      "name": "Erwan Corre"
    },
    {
      "@id": "#872fab6b-c0e0-4bc5-a7c9-06f6df10e8f5",
      "@type": "Person",
      "name": "Stéphanie Robin"
    },
    {
      "@id": "#73ebed0d-05bf-4f06-ba48-aad8be7ed029",
      "@type": "Person",
      "name": "Anthony Bretaudeau"
    },
    {
      "@id": "#c63511ee-f4d2-4572-ae3d-670932d60d7e",
      "@type": "Person",
      "name": "Alexandre Cormier"
    }
  ]
}