{
  "@context": "https://w3id.org/ro/crate/1.1/context",
  "@graph": [
    {
      "@id": "ro-crate-metadata.json",
      "@type": "CreativeWork",
      "about": {
        "@id": "./"
      },
      "conformsTo": [
        {
          "@id": "https://w3id.org/ro/crate/1.1"
        },
        {
          "@id": "https://about.workflowhub.eu/Workflow-RO-Crate/"
        }
      ]
    },
    {
      "@id": "./",
      "@type": "Dataset",
      "datePublished": "2023-12-25T00:33:16.024+00:00",
      "mainEntity": {
        "@id": "main_workflow.ga"
      }
    },
    {
      "@id": "main_workflow.ga",
      "@type": [
        "File",
        "SoftwareSourceCode",
        "ComputationalWorkflow"
      ],
      "author": [
        {
          "@id": "#d93a5d6c-919c-4e0b-8eea-b7914ee20e87"
        },
        {
          "@id": "#98473876-0369-44f8-91b6-8ddfcad41a73"
        },
        {
          "@id": "#77bc3bca-cc66-4a5d-95e8-c11dc9e3b560"
        },
        {
          "@id": "#4fc8a703-cabf-492d-aa32-4def44f0bd11"
        }
      ],
      "license": {
        "@id": "https://spdx.org/licenses/GPL-3.0-or-later"
      },
      "name": "Genome Assembly using PacBio data",
      "version": 4,
      "programmingLanguage": {
        "@id": "https://w3id.org/workflowhub/workflow-ro-crate#galaxy"
      }
    },
    {
      "@id": "https://spdx.org/licenses/GPL-3.0-or-later",
      "@type": "CreativeWork",
      "name": "GPL-3.0-or-later"
    },
    {
      "@id": "https://w3id.org/workflowhub/workflow-ro-crate#galaxy",
      "@type": "ComputerLanguage",
      "identifier": {
        "@id": "https://galaxyproject.org/"
      },
      "name": "Galaxy",
      "url": {
        "@id": "https://galaxyproject.org/"
      },
      "version": "23.1"
    },
    {
      "@id": "#d93a5d6c-919c-4e0b-8eea-b7914ee20e87",
      "@type": "Person",
      "name": "Erwan Corre"
    },
    {
      "@id": "#98473876-0369-44f8-91b6-8ddfcad41a73",
      "@type": "Person",
      "name": "Stéphanie Robin"
    },
    {
      "@id": "#77bc3bca-cc66-4a5d-95e8-c11dc9e3b560",
      "@type": "Person",
      "name": "Anthony Bretaudeau"
    },
    {
      "@id": "#4fc8a703-cabf-492d-aa32-4def44f0bd11",
      "@type": "Person",
      "name": "Alexandre Cormier"
    }
  ]
}