{
  "@context": "https://w3id.org/ro/crate/1.1/context",
  "@graph": [
    {
      "@id": "ro-crate-metadata.json",
      "@type": "CreativeWork",
      "about": {
        "@id": "./"
      },
      "conformsTo": [
        {
          "@id": "https://w3id.org/ro/crate/1.1"
        },
        {
          "@id": "https://about.workflowhub.eu/Workflow-RO-Crate/"
        }
      ]
    },
    {
      "@id": "./",
      "@type": "Dataset",
      "datePublished": "2024-02-09T00:30:44.327+00:00",
      "mainEntity": {
        "@id": "main_workflow.ga"
      }
    },
    {
      "@id": "main_workflow.ga",
      "@type": [
        "File",
        "SoftwareSourceCode",
        "ComputationalWorkflow"
      ],
      "author": [
        {
          "@id": "#00357192-a6b1-4734-b678-fb464ff5dc9e"
        },
        {
          "@id": "#2d2da479-c7a6-417f-bc39-aef204764c8f"
        },
        {
          "@id": "#9f487b1f-848b-40e1-b4fd-2f9a87ec506b"
        },
        {
          "@id": "#b809e997-076a-4c36-be8c-40efe82e95a7"
        }
      ],
      "license": {
        "@id": "https://spdx.org/licenses/GPL-3.0-or-later"
      },
      "name": "Genome Assembly using PacBio data",
      "version": 4,
      "programmingLanguage": {
        "@id": "https://w3id.org/workflowhub/workflow-ro-crate#galaxy"
      }
    },
    {
      "@id": "https://spdx.org/licenses/GPL-3.0-or-later",
      "@type": "CreativeWork",
      "name": "GPL-3.0-or-later"
    },
    {
      "@id": "https://w3id.org/workflowhub/workflow-ro-crate#galaxy",
      "@type": "ComputerLanguage",
      "identifier": {
        "@id": "https://galaxyproject.org/"
      },
      "name": "Galaxy",
      "url": {
        "@id": "https://galaxyproject.org/"
      },
      "version": "23.1"
    },
    {
      "@id": "#00357192-a6b1-4734-b678-fb464ff5dc9e",
      "@type": "Person",
      "name": "Erwan Corre"
    },
    {
      "@id": "#2d2da479-c7a6-417f-bc39-aef204764c8f",
      "@type": "Person",
      "name": "Stéphanie Robin"
    },
    {
      "@id": "#9f487b1f-848b-40e1-b4fd-2f9a87ec506b",
      "@type": "Person",
      "name": "Anthony Bretaudeau"
    },
    {
      "@id": "#b809e997-076a-4c36-be8c-40efe82e95a7",
      "@type": "Person",
      "name": "Alexandre Cormier"
    }
  ]
}