{
  "@context": "https://w3id.org/ro/crate/1.1/context",
  "@graph": [
    {
      "@id": "ro-crate-metadata.json",
      "@type": "CreativeWork",
      "about": {
        "@id": "./"
      },
      "conformsTo": [
        {
          "@id": "https://w3id.org/ro/crate/1.1"
        },
        {
          "@id": "https://about.workflowhub.eu/Workflow-RO-Crate/"
        }
      ]
    },
    {
      "@id": "./",
      "@type": "Dataset",
      "datePublished": "2023-12-12T00:33:16.897+00:00",
      "mainEntity": {
        "@id": "main_workflow.ga"
      }
    },
    {
      "@id": "main_workflow.ga",
      "@type": [
        "File",
        "SoftwareSourceCode",
        "ComputationalWorkflow"
      ],
      "author": [
        {
          "@id": "#ab6c9db7-fefe-4fcc-a0ce-1c5ab243bf41"
        },
        {
          "@id": "#8b7ff78e-d446-4577-a015-3b0583134d21"
        },
        {
          "@id": "#32fcf117-7a04-4dbd-bbe3-663125acba71"
        },
        {
          "@id": "#0a56c774-d8ac-410e-b808-c6b0bdc78fdf"
        }
      ],
      "license": {
        "@id": "https://spdx.org/licenses/GPL-3.0-or-later"
      },
      "name": "Genome Assembly using PacBio data",
      "version": 4,
      "programmingLanguage": {
        "@id": "https://w3id.org/workflowhub/workflow-ro-crate#galaxy"
      }
    },
    {
      "@id": "https://spdx.org/licenses/GPL-3.0-or-later",
      "@type": "CreativeWork",
      "name": "GPL-3.0-or-later"
    },
    {
      "@id": "https://w3id.org/workflowhub/workflow-ro-crate#galaxy",
      "@type": "ComputerLanguage",
      "identifier": {
        "@id": "https://galaxyproject.org/"
      },
      "name": "Galaxy",
      "url": {
        "@id": "https://galaxyproject.org/"
      },
      "version": "23.1"
    },
    {
      "@id": "#ab6c9db7-fefe-4fcc-a0ce-1c5ab243bf41",
      "@type": "Person",
      "name": "Erwan Corre"
    },
    {
      "@id": "#8b7ff78e-d446-4577-a015-3b0583134d21",
      "@type": "Person",
      "name": "Stéphanie Robin"
    },
    {
      "@id": "#32fcf117-7a04-4dbd-bbe3-663125acba71",
      "@type": "Person",
      "name": "Anthony Bretaudeau"
    },
    {
      "@id": "#0a56c774-d8ac-410e-b808-c6b0bdc78fdf",
      "@type": "Person",
      "name": "Alexandre Cormier"
    }
  ]
}