{
  "@context": "https://w3id.org/ro/crate/1.1/context",
  "@graph": [
    {
      "@id": "ro-crate-metadata.json",
      "@type": "CreativeWork",
      "about": {
        "@id": "./"
      },
      "conformsTo": [
        {
          "@id": "https://w3id.org/ro/crate/1.1"
        },
        {
          "@id": "https://about.workflowhub.eu/Workflow-RO-Crate/"
        }
      ]
    },
    {
      "@id": "./",
      "@type": "Dataset",
      "datePublished": "2024-03-11T00:33:10.970+00:00",
      "mainEntity": {
        "@id": "main_workflow.ga"
      }
    },
    {
      "@id": "main_workflow.ga",
      "@type": [
        "File",
        "SoftwareSourceCode",
        "ComputationalWorkflow"
      ],
      "author": [
        {
          "@id": "#84638b00-51cb-4b32-8fc0-1831f81d6593"
        },
        {
          "@id": "#e639a4e8-1049-4b36-811e-aa5688261dcd"
        },
        {
          "@id": "#c17a3352-d272-4946-ab26-4291ab1c14e4"
        },
        {
          "@id": "#9223f06c-848d-4efc-b2fe-51f41e1ae8bf"
        }
      ],
      "license": {
        "@id": "https://spdx.org/licenses/GPL-3.0-or-later"
      },
      "name": "Genome Assembly using PacBio data",
      "version": 4,
      "programmingLanguage": {
        "@id": "https://w3id.org/workflowhub/workflow-ro-crate#galaxy"
      }
    },
    {
      "@id": "https://spdx.org/licenses/GPL-3.0-or-later",
      "@type": "CreativeWork",
      "name": "GPL-3.0-or-later"
    },
    {
      "@id": "https://w3id.org/workflowhub/workflow-ro-crate#galaxy",
      "@type": "ComputerLanguage",
      "identifier": {
        "@id": "https://galaxyproject.org/"
      },
      "name": "Galaxy",
      "url": {
        "@id": "https://galaxyproject.org/"
      },
      "version": "23.1"
    },
    {
      "@id": "#84638b00-51cb-4b32-8fc0-1831f81d6593",
      "@type": "Person",
      "name": "Erwan Corre"
    },
    {
      "@id": "#e639a4e8-1049-4b36-811e-aa5688261dcd",
      "@type": "Person",
      "name": "Stéphanie Robin"
    },
    {
      "@id": "#c17a3352-d272-4946-ab26-4291ab1c14e4",
      "@type": "Person",
      "name": "Anthony Bretaudeau"
    },
    {
      "@id": "#9223f06c-848d-4efc-b2fe-51f41e1ae8bf",
      "@type": "Person",
      "name": "Alexandre Cormier"
    }
  ]
}