{
  "@context": "https://w3id.org/ro/crate/1.1/context",
  "@graph": [
    {
      "@id": "ro-crate-metadata.json",
      "@type": "CreativeWork",
      "about": {
        "@id": "./"
      },
      "conformsTo": [
        {
          "@id": "https://w3id.org/ro/crate/1.1"
        },
        {
          "@id": "https://about.workflowhub.eu/Workflow-RO-Crate/"
        }
      ]
    },
    {
      "@id": "./",
      "@type": "Dataset",
      "datePublished": "2024-01-04T00:34:07.118+00:00",
      "mainEntity": {
        "@id": "main_workflow.ga"
      }
    },
    {
      "@id": "main_workflow.ga",
      "@type": [
        "File",
        "SoftwareSourceCode",
        "ComputationalWorkflow"
      ],
      "author": [
        {
          "@id": "#b086e128-778e-412e-8228-ad16c4d5aeb4"
        },
        {
          "@id": "#41c576ea-d9f6-41b1-96c8-e081ed1735b2"
        },
        {
          "@id": "#e6cf5929-2014-4142-9e26-421f8df72e2c"
        },
        {
          "@id": "#6f8bd32d-7eb2-41fd-a3d4-9b6a7bca8ca1"
        }
      ],
      "license": {
        "@id": "https://spdx.org/licenses/GPL-3.0-or-later"
      },
      "name": "Genome Assembly using PacBio data",
      "version": 4,
      "programmingLanguage": {
        "@id": "https://w3id.org/workflowhub/workflow-ro-crate#galaxy"
      }
    },
    {
      "@id": "https://spdx.org/licenses/GPL-3.0-or-later",
      "@type": "CreativeWork",
      "name": "GPL-3.0-or-later"
    },
    {
      "@id": "https://w3id.org/workflowhub/workflow-ro-crate#galaxy",
      "@type": "ComputerLanguage",
      "identifier": {
        "@id": "https://galaxyproject.org/"
      },
      "name": "Galaxy",
      "url": {
        "@id": "https://galaxyproject.org/"
      },
      "version": "23.1"
    },
    {
      "@id": "#b086e128-778e-412e-8228-ad16c4d5aeb4",
      "@type": "Person",
      "name": "Erwan Corre"
    },
    {
      "@id": "#41c576ea-d9f6-41b1-96c8-e081ed1735b2",
      "@type": "Person",
      "name": "Stéphanie Robin"
    },
    {
      "@id": "#e6cf5929-2014-4142-9e26-421f8df72e2c",
      "@type": "Person",
      "name": "Anthony Bretaudeau"
    },
    {
      "@id": "#6f8bd32d-7eb2-41fd-a3d4-9b6a7bca8ca1",
      "@type": "Person",
      "name": "Alexandre Cormier"
    }
  ]
}