{
  "@context": "https://w3id.org/ro/crate/1.1/context",
  "@graph": [
    {
      "@id": "ro-crate-metadata.json",
      "@type": "CreativeWork",
      "about": {
        "@id": "./"
      },
      "conformsTo": [
        {
          "@id": "https://w3id.org/ro/crate/1.1"
        },
        {
          "@id": "https://about.workflowhub.eu/Workflow-RO-Crate/"
        }
      ]
    },
    {
      "@id": "./",
      "@type": "Dataset",
      "datePublished": "2024-03-16T00:30:21.143+00:00",
      "mainEntity": {
        "@id": "main_workflow.ga"
      }
    },
    {
      "@id": "main_workflow.ga",
      "@type": [
        "File",
        "SoftwareSourceCode",
        "ComputationalWorkflow"
      ],
      "author": [
        {
          "@id": "#3ef7c669-cb91-4180-bea6-e365eda043cf"
        },
        {
          "@id": "#9b67b5f7-6f49-490b-ac23-fb812086a424"
        },
        {
          "@id": "#772617d0-e900-44ba-ba42-1f1acd8be0c0"
        },
        {
          "@id": "#72612516-8c20-44e6-ae15-056a0d5adc45"
        }
      ],
      "license": {
        "@id": "https://spdx.org/licenses/GPL-3.0-or-later"
      },
      "name": "Genome Assembly using PacBio data",
      "version": 4,
      "programmingLanguage": {
        "@id": "https://w3id.org/workflowhub/workflow-ro-crate#galaxy"
      }
    },
    {
      "@id": "https://spdx.org/licenses/GPL-3.0-or-later",
      "@type": "CreativeWork",
      "name": "GPL-3.0-or-later"
    },
    {
      "@id": "https://w3id.org/workflowhub/workflow-ro-crate#galaxy",
      "@type": "ComputerLanguage",
      "identifier": {
        "@id": "https://galaxyproject.org/"
      },
      "name": "Galaxy",
      "url": {
        "@id": "https://galaxyproject.org/"
      },
      "version": "23.1"
    },
    {
      "@id": "#3ef7c669-cb91-4180-bea6-e365eda043cf",
      "@type": "Person",
      "name": "Erwan Corre"
    },
    {
      "@id": "#9b67b5f7-6f49-490b-ac23-fb812086a424",
      "@type": "Person",
      "name": "Stéphanie Robin"
    },
    {
      "@id": "#772617d0-e900-44ba-ba42-1f1acd8be0c0",
      "@type": "Person",
      "name": "Anthony Bretaudeau"
    },
    {
      "@id": "#72612516-8c20-44e6-ae15-056a0d5adc45",
      "@type": "Person",
      "name": "Alexandre Cormier"
    }
  ]
}