{
  "@context": "https://w3id.org/ro/crate/1.1/context",
  "@graph": [
    {
      "@id": "ro-crate-metadata.json",
      "@type": "CreativeWork",
      "about": {
        "@id": "./"
      },
      "conformsTo": [
        {
          "@id": "https://w3id.org/ro/crate/1.1"
        },
        {
          "@id": "https://about.workflowhub.eu/Workflow-RO-Crate/"
        }
      ]
    },
    {
      "@id": "./",
      "@type": "Dataset",
      "datePublished": "2024-05-10T00:33:45.430+00:00",
      "mainEntity": {
        "@id": "main_workflow.ga"
      }
    },
    {
      "@id": "main_workflow.ga",
      "@type": [
        "File",
        "SoftwareSourceCode",
        "ComputationalWorkflow"
      ],
      "author": [
        {
          "@id": "#588bed34-3057-4044-83ec-6a5bb43c2abe"
        },
        {
          "@id": "#21da0289-f848-43ae-87de-9233a2661c47"
        },
        {
          "@id": "#49e4447b-821b-4214-8c57-8fa860e8271f"
        },
        {
          "@id": "#86b6b447-0b82-463a-b816-86b4e2ee8714"
        }
      ],
      "license": {
        "@id": "https://spdx.org/licenses/GPL-3.0-or-later"
      },
      "name": "Genome Assembly using PacBio data",
      "version": 4,
      "programmingLanguage": {
        "@id": "https://w3id.org/workflowhub/workflow-ro-crate#galaxy"
      }
    },
    {
      "@id": "https://spdx.org/licenses/GPL-3.0-or-later",
      "@type": "CreativeWork",
      "name": "GPL-3.0-or-later"
    },
    {
      "@id": "https://w3id.org/workflowhub/workflow-ro-crate#galaxy",
      "@type": "ComputerLanguage",
      "identifier": {
        "@id": "https://galaxyproject.org/"
      },
      "name": "Galaxy",
      "url": {
        "@id": "https://galaxyproject.org/"
      },
      "version": "23.1"
    },
    {
      "@id": "#588bed34-3057-4044-83ec-6a5bb43c2abe",
      "@type": "Person",
      "name": "Erwan Corre"
    },
    {
      "@id": "#21da0289-f848-43ae-87de-9233a2661c47",
      "@type": "Person",
      "name": "Stéphanie Robin"
    },
    {
      "@id": "#49e4447b-821b-4214-8c57-8fa860e8271f",
      "@type": "Person",
      "name": "Anthony Bretaudeau"
    },
    {
      "@id": "#86b6b447-0b82-463a-b816-86b4e2ee8714",
      "@type": "Person",
      "name": "Alexandre Cormier"
    }
  ]
}