{
  "@context": "https://w3id.org/ro/crate/1.1/context",
  "@graph": [
    {
      "@id": "ro-crate-metadata.json",
      "@type": "CreativeWork",
      "about": {
        "@id": "./"
      },
      "conformsTo": [
        {
          "@id": "https://w3id.org/ro/crate/1.1"
        },
        {
          "@id": "https://about.workflowhub.eu/Workflow-RO-Crate/"
        }
      ]
    },
    {
      "@id": "./",
      "@type": "Dataset",
      "datePublished": "2024-02-18T00:34:01.966+00:00",
      "mainEntity": {
        "@id": "main_workflow.ga"
      }
    },
    {
      "@id": "main_workflow.ga",
      "@type": [
        "File",
        "SoftwareSourceCode",
        "ComputationalWorkflow"
      ],
      "author": [
        {
          "@id": "#4a9a6323-996a-4ac0-a3e9-d67a8ca36b05"
        },
        {
          "@id": "#2f929bcf-ef42-4012-8fad-93043fea3399"
        },
        {
          "@id": "#1b8e972e-e171-4410-8fd8-c2c4c81b19d4"
        },
        {
          "@id": "#15b1cbd8-9eea-400f-8ca4-08a071e5658f"
        }
      ],
      "license": {
        "@id": "https://spdx.org/licenses/GPL-3.0-or-later"
      },
      "name": "Genome Assembly using PacBio data",
      "version": 4,
      "programmingLanguage": {
        "@id": "https://w3id.org/workflowhub/workflow-ro-crate#galaxy"
      }
    },
    {
      "@id": "https://spdx.org/licenses/GPL-3.0-or-later",
      "@type": "CreativeWork",
      "name": "GPL-3.0-or-later"
    },
    {
      "@id": "https://w3id.org/workflowhub/workflow-ro-crate#galaxy",
      "@type": "ComputerLanguage",
      "identifier": {
        "@id": "https://galaxyproject.org/"
      },
      "name": "Galaxy",
      "url": {
        "@id": "https://galaxyproject.org/"
      },
      "version": "23.1"
    },
    {
      "@id": "#4a9a6323-996a-4ac0-a3e9-d67a8ca36b05",
      "@type": "Person",
      "name": "Erwan Corre"
    },
    {
      "@id": "#2f929bcf-ef42-4012-8fad-93043fea3399",
      "@type": "Person",
      "name": "Stéphanie Robin"
    },
    {
      "@id": "#1b8e972e-e171-4410-8fd8-c2c4c81b19d4",
      "@type": "Person",
      "name": "Anthony Bretaudeau"
    },
    {
      "@id": "#15b1cbd8-9eea-400f-8ca4-08a071e5658f",
      "@type": "Person",
      "name": "Alexandre Cormier"
    }
  ]
}