{
  "@context": "https://w3id.org/ro/crate/1.1/context",
  "@graph": [
    {
      "@id": "ro-crate-metadata.json",
      "@type": "CreativeWork",
      "about": {
        "@id": "./"
      },
      "conformsTo": [
        {
          "@id": "https://w3id.org/ro/crate/1.1"
        },
        {
          "@id": "https://about.workflowhub.eu/Workflow-RO-Crate/"
        }
      ]
    },
    {
      "@id": "./",
      "@type": "Dataset",
      "datePublished": "2024-05-31T00:34:28.615+00:00",
      "mainEntity": {
        "@id": "main_workflow.ga"
      }
    },
    {
      "@id": "main_workflow.ga",
      "@type": [
        "File",
        "SoftwareSourceCode",
        "ComputationalWorkflow"
      ],
      "author": [
        {
          "@id": "#fb005019-cc1e-4d16-a68e-6dee9aa5a11e"
        },
        {
          "@id": "#2818d1d3-f589-4ef4-9c07-d3a056940aef"
        },
        {
          "@id": "#c4898d1a-009e-4786-ac5b-1d2ebe81abcf"
        },
        {
          "@id": "#346b27ff-0d93-4918-844c-96121e405a78"
        }
      ],
      "license": {
        "@id": "https://spdx.org/licenses/GPL-3.0-or-later"
      },
      "name": "Genome Assembly using PacBio data",
      "version": 4,
      "programmingLanguage": {
        "@id": "https://w3id.org/workflowhub/workflow-ro-crate#galaxy"
      }
    },
    {
      "@id": "https://spdx.org/licenses/GPL-3.0-or-later",
      "@type": "CreativeWork",
      "name": "GPL-3.0-or-later"
    },
    {
      "@id": "https://w3id.org/workflowhub/workflow-ro-crate#galaxy",
      "@type": "ComputerLanguage",
      "identifier": {
        "@id": "https://galaxyproject.org/"
      },
      "name": "Galaxy",
      "url": {
        "@id": "https://galaxyproject.org/"
      },
      "version": "23.1"
    },
    {
      "@id": "#fb005019-cc1e-4d16-a68e-6dee9aa5a11e",
      "@type": "Person",
      "name": "Erwan Corre"
    },
    {
      "@id": "#2818d1d3-f589-4ef4-9c07-d3a056940aef",
      "@type": "Person",
      "name": "Stéphanie Robin"
    },
    {
      "@id": "#c4898d1a-009e-4786-ac5b-1d2ebe81abcf",
      "@type": "Person",
      "name": "Anthony Bretaudeau"
    },
    {
      "@id": "#346b27ff-0d93-4918-844c-96121e405a78",
      "@type": "Person",
      "name": "Alexandre Cormier"
    }
  ]
}