{
  "@context": "https://w3id.org/ro/crate/1.1/context",
  "@graph": [
    {
      "@id": "ro-crate-metadata.json",
      "@type": "CreativeWork",
      "about": {
        "@id": "./"
      },
      "conformsTo": [
        {
          "@id": "https://w3id.org/ro/crate/1.1"
        },
        {
          "@id": "https://about.workflowhub.eu/Workflow-RO-Crate/"
        }
      ]
    },
    {
      "@id": "./",
      "@type": "Dataset",
      "datePublished": "2024-06-01T00:38:36.903+00:00",
      "mainEntity": {
        "@id": "main_workflow.ga"
      }
    },
    {
      "@id": "main_workflow.ga",
      "@type": [
        "File",
        "SoftwareSourceCode",
        "ComputationalWorkflow"
      ],
      "author": [
        {
          "@id": "#06b459d0-0e5d-4696-a65a-6edadc7e8ba9"
        },
        {
          "@id": "#8c65a634-1c67-4ef8-a448-d7e3e73e45ab"
        },
        {
          "@id": "#a368cac0-0dbb-416d-9298-121ab0617a4a"
        },
        {
          "@id": "#0e41c544-4d42-44db-ac89-1ca9947d25d4"
        }
      ],
      "license": {
        "@id": "https://spdx.org/licenses/GPL-3.0-or-later"
      },
      "name": "Genome Assembly using PacBio data",
      "version": 4,
      "programmingLanguage": {
        "@id": "https://w3id.org/workflowhub/workflow-ro-crate#galaxy"
      }
    },
    {
      "@id": "https://spdx.org/licenses/GPL-3.0-or-later",
      "@type": "CreativeWork",
      "name": "GPL-3.0-or-later"
    },
    {
      "@id": "https://w3id.org/workflowhub/workflow-ro-crate#galaxy",
      "@type": "ComputerLanguage",
      "identifier": {
        "@id": "https://galaxyproject.org/"
      },
      "name": "Galaxy",
      "url": {
        "@id": "https://galaxyproject.org/"
      },
      "version": "23.1"
    },
    {
      "@id": "#06b459d0-0e5d-4696-a65a-6edadc7e8ba9",
      "@type": "Person",
      "name": "Erwan Corre"
    },
    {
      "@id": "#8c65a634-1c67-4ef8-a448-d7e3e73e45ab",
      "@type": "Person",
      "name": "Stéphanie Robin"
    },
    {
      "@id": "#a368cac0-0dbb-416d-9298-121ab0617a4a",
      "@type": "Person",
      "name": "Anthony Bretaudeau"
    },
    {
      "@id": "#0e41c544-4d42-44db-ac89-1ca9947d25d4",
      "@type": "Person",
      "name": "Alexandre Cormier"
    }
  ]
}