{
  "@context": "https://w3id.org/ro/crate/1.1/context",
  "@graph": [
    {
      "@id": "ro-crate-metadata.json",
      "@type": "CreativeWork",
      "about": {
        "@id": "./"
      },
      "conformsTo": [
        {
          "@id": "https://w3id.org/ro/crate/1.1"
        },
        {
          "@id": "https://about.workflowhub.eu/Workflow-RO-Crate/"
        }
      ]
    },
    {
      "@id": "./",
      "@type": "Dataset",
      "datePublished": "2024-04-19T00:32:55.289+00:00",
      "mainEntity": {
        "@id": "main_workflow.ga"
      }
    },
    {
      "@id": "main_workflow.ga",
      "@type": [
        "File",
        "SoftwareSourceCode",
        "ComputationalWorkflow"
      ],
      "author": [
        {
          "@id": "#61e404d3-31d2-4512-b3f8-c4cf7e43f7b0"
        },
        {
          "@id": "#c0e1b318-24b5-41e5-9393-88a37a15acea"
        },
        {
          "@id": "#00cb6429-31c9-4026-a0dd-8ad6ff558d7f"
        },
        {
          "@id": "#75d618a8-0bb3-4fce-b40a-e03ad6f5c8db"
        }
      ],
      "license": {
        "@id": "https://spdx.org/licenses/GPL-3.0-or-later"
      },
      "name": "Genome Assembly using PacBio data",
      "version": 4,
      "programmingLanguage": {
        "@id": "https://w3id.org/workflowhub/workflow-ro-crate#galaxy"
      }
    },
    {
      "@id": "https://spdx.org/licenses/GPL-3.0-or-later",
      "@type": "CreativeWork",
      "name": "GPL-3.0-or-later"
    },
    {
      "@id": "https://w3id.org/workflowhub/workflow-ro-crate#galaxy",
      "@type": "ComputerLanguage",
      "identifier": {
        "@id": "https://galaxyproject.org/"
      },
      "name": "Galaxy",
      "url": {
        "@id": "https://galaxyproject.org/"
      },
      "version": "23.1"
    },
    {
      "@id": "#61e404d3-31d2-4512-b3f8-c4cf7e43f7b0",
      "@type": "Person",
      "name": "Erwan Corre"
    },
    {
      "@id": "#c0e1b318-24b5-41e5-9393-88a37a15acea",
      "@type": "Person",
      "name": "Stéphanie Robin"
    },
    {
      "@id": "#00cb6429-31c9-4026-a0dd-8ad6ff558d7f",
      "@type": "Person",
      "name": "Anthony Bretaudeau"
    },
    {
      "@id": "#75d618a8-0bb3-4fce-b40a-e03ad6f5c8db",
      "@type": "Person",
      "name": "Alexandre Cormier"
    }
  ]
}