{
  "@context": "https://w3id.org/ro/crate/1.1/context",
  "@graph": [
    {
      "@id": "ro-crate-metadata.json",
      "@type": "CreativeWork",
      "about": {
        "@id": "./"
      },
      "conformsTo": [
        {
          "@id": "https://w3id.org/ro/crate/1.1"
        },
        {
          "@id": "https://about.workflowhub.eu/Workflow-RO-Crate/"
        }
      ]
    },
    {
      "@id": "./",
      "@type": "Dataset",
      "datePublished": "2024-04-14T00:38:53.514+00:00",
      "mainEntity": {
        "@id": "main_workflow.ga"
      }
    },
    {
      "@id": "main_workflow.ga",
      "@type": [
        "File",
        "SoftwareSourceCode",
        "ComputationalWorkflow"
      ],
      "author": [
        {
          "@id": "#21f9090c-aa7e-4390-ad16-63b932665acd"
        },
        {
          "@id": "#5f2eaeb4-6b12-435a-bd1f-c696dc5cb411"
        },
        {
          "@id": "#2b8560d6-f6c2-4300-9680-57e1068609d4"
        },
        {
          "@id": "#1b8e8902-b26c-4176-bd8f-138410683268"
        }
      ],
      "license": {
        "@id": "https://spdx.org/licenses/GPL-3.0-or-later"
      },
      "name": "Genome Assembly using PacBio data",
      "version": 4,
      "programmingLanguage": {
        "@id": "https://w3id.org/workflowhub/workflow-ro-crate#galaxy"
      }
    },
    {
      "@id": "https://spdx.org/licenses/GPL-3.0-or-later",
      "@type": "CreativeWork",
      "name": "GPL-3.0-or-later"
    },
    {
      "@id": "https://w3id.org/workflowhub/workflow-ro-crate#galaxy",
      "@type": "ComputerLanguage",
      "identifier": {
        "@id": "https://galaxyproject.org/"
      },
      "name": "Galaxy",
      "url": {
        "@id": "https://galaxyproject.org/"
      },
      "version": "23.1"
    },
    {
      "@id": "#21f9090c-aa7e-4390-ad16-63b932665acd",
      "@type": "Person",
      "name": "Erwan Corre"
    },
    {
      "@id": "#5f2eaeb4-6b12-435a-bd1f-c696dc5cb411",
      "@type": "Person",
      "name": "Stéphanie Robin"
    },
    {
      "@id": "#2b8560d6-f6c2-4300-9680-57e1068609d4",
      "@type": "Person",
      "name": "Anthony Bretaudeau"
    },
    {
      "@id": "#1b8e8902-b26c-4176-bd8f-138410683268",
      "@type": "Person",
      "name": "Alexandre Cormier"
    }
  ]
}