{
  "@context": "https://w3id.org/ro/crate/1.1/context",
  "@graph": [
    {
      "@id": "ro-crate-metadata.json",
      "@type": "CreativeWork",
      "about": {
        "@id": "./"
      },
      "conformsTo": [
        {
          "@id": "https://w3id.org/ro/crate/1.1"
        },
        {
          "@id": "https://about.workflowhub.eu/Workflow-RO-Crate/"
        }
      ]
    },
    {
      "@id": "./",
      "@type": "Dataset",
      "datePublished": "2024-04-17T00:32:45.613+00:00",
      "mainEntity": {
        "@id": "main_workflow.ga"
      }
    },
    {
      "@id": "main_workflow.ga",
      "@type": [
        "File",
        "SoftwareSourceCode",
        "ComputationalWorkflow"
      ],
      "author": [
        {
          "@id": "#1a444366-da5a-47bf-a700-c6d59f870ebd"
        },
        {
          "@id": "#95bc04ff-d53e-4f0a-b62a-117ac569ff3d"
        },
        {
          "@id": "#ad108efe-326e-483a-9ed7-2a8907dde308"
        },
        {
          "@id": "#8f4cf0f1-c20b-4bd0-abf5-3d208a995f9d"
        }
      ],
      "license": {
        "@id": "https://spdx.org/licenses/GPL-3.0-or-later"
      },
      "name": "Genome Assembly using PacBio data",
      "version": 4,
      "programmingLanguage": {
        "@id": "https://w3id.org/workflowhub/workflow-ro-crate#galaxy"
      }
    },
    {
      "@id": "https://spdx.org/licenses/GPL-3.0-or-later",
      "@type": "CreativeWork",
      "name": "GPL-3.0-or-later"
    },
    {
      "@id": "https://w3id.org/workflowhub/workflow-ro-crate#galaxy",
      "@type": "ComputerLanguage",
      "identifier": {
        "@id": "https://galaxyproject.org/"
      },
      "name": "Galaxy",
      "url": {
        "@id": "https://galaxyproject.org/"
      },
      "version": "23.1"
    },
    {
      "@id": "#1a444366-da5a-47bf-a700-c6d59f870ebd",
      "@type": "Person",
      "name": "Erwan Corre"
    },
    {
      "@id": "#95bc04ff-d53e-4f0a-b62a-117ac569ff3d",
      "@type": "Person",
      "name": "Stéphanie Robin"
    },
    {
      "@id": "#ad108efe-326e-483a-9ed7-2a8907dde308",
      "@type": "Person",
      "name": "Anthony Bretaudeau"
    },
    {
      "@id": "#8f4cf0f1-c20b-4bd0-abf5-3d208a995f9d",
      "@type": "Person",
      "name": "Alexandre Cormier"
    }
  ]
}