{
  "@context": "https://w3id.org/ro/crate/1.1/context",
  "@graph": [
    {
      "@id": "ro-crate-metadata.json",
      "@type": "CreativeWork",
      "about": {
        "@id": "./"
      },
      "conformsTo": [
        {
          "@id": "https://w3id.org/ro/crate/1.1"
        },
        {
          "@id": "https://about.workflowhub.eu/Workflow-RO-Crate/"
        }
      ]
    },
    {
      "@id": "./",
      "@type": "Dataset",
      "datePublished": "2024-06-06T00:35:12.536+00:00",
      "mainEntity": {
        "@id": "main_workflow.ga"
      }
    },
    {
      "@id": "main_workflow.ga",
      "@type": [
        "File",
        "SoftwareSourceCode",
        "ComputationalWorkflow"
      ],
      "author": [
        {
          "@id": "#6d4c50ed-6f55-4472-9a2e-5b7010dc0bfa"
        },
        {
          "@id": "#3a049619-2f9e-4101-8883-1373f4398e69"
        },
        {
          "@id": "#ef4755e2-0d27-43fe-8057-f12553fc36cb"
        },
        {
          "@id": "#2e28d0b1-6381-4f09-839e-7097ba98985f"
        }
      ],
      "license": {
        "@id": "https://spdx.org/licenses/GPL-3.0-or-later"
      },
      "name": "Genome Assembly using PacBio data",
      "version": 4,
      "programmingLanguage": {
        "@id": "https://w3id.org/workflowhub/workflow-ro-crate#galaxy"
      }
    },
    {
      "@id": "https://spdx.org/licenses/GPL-3.0-or-later",
      "@type": "CreativeWork",
      "name": "GPL-3.0-or-later"
    },
    {
      "@id": "https://w3id.org/workflowhub/workflow-ro-crate#galaxy",
      "@type": "ComputerLanguage",
      "identifier": {
        "@id": "https://galaxyproject.org/"
      },
      "name": "Galaxy",
      "url": {
        "@id": "https://galaxyproject.org/"
      },
      "version": "23.1"
    },
    {
      "@id": "#6d4c50ed-6f55-4472-9a2e-5b7010dc0bfa",
      "@type": "Person",
      "name": "Erwan Corre"
    },
    {
      "@id": "#3a049619-2f9e-4101-8883-1373f4398e69",
      "@type": "Person",
      "name": "Stéphanie Robin"
    },
    {
      "@id": "#ef4755e2-0d27-43fe-8057-f12553fc36cb",
      "@type": "Person",
      "name": "Anthony Bretaudeau"
    },
    {
      "@id": "#2e28d0b1-6381-4f09-839e-7097ba98985f",
      "@type": "Person",
      "name": "Alexandre Cormier"
    }
  ]
}