{
  "@context": "https://w3id.org/ro/crate/1.1/context",
  "@graph": [
    {
      "@id": "ro-crate-metadata.json",
      "@type": "CreativeWork",
      "about": {
        "@id": "./"
      },
      "conformsTo": [
        {
          "@id": "https://w3id.org/ro/crate/1.1"
        },
        {
          "@id": "https://about.workflowhub.eu/Workflow-RO-Crate/"
        }
      ]
    },
    {
      "@id": "./",
      "@type": "Dataset",
      "datePublished": "2024-04-05T00:32:55.289+00:00",
      "mainEntity": {
        "@id": "main_workflow.ga"
      }
    },
    {
      "@id": "main_workflow.ga",
      "@type": [
        "File",
        "SoftwareSourceCode",
        "ComputationalWorkflow"
      ],
      "author": [
        {
          "@id": "#92cdee12-659b-46e9-8817-60ab6fb671ed"
        },
        {
          "@id": "#1a706726-e47b-4e10-9caa-f905965e9716"
        },
        {
          "@id": "#5edc9886-2f65-4928-97fd-4871a71ac3ca"
        },
        {
          "@id": "#8fa897de-eaa8-4832-b90f-69f69c24422c"
        }
      ],
      "license": {
        "@id": "https://spdx.org/licenses/GPL-3.0-or-later"
      },
      "name": "Genome Assembly using PacBio data",
      "version": 4,
      "programmingLanguage": {
        "@id": "https://w3id.org/workflowhub/workflow-ro-crate#galaxy"
      }
    },
    {
      "@id": "https://spdx.org/licenses/GPL-3.0-or-later",
      "@type": "CreativeWork",
      "name": "GPL-3.0-or-later"
    },
    {
      "@id": "https://w3id.org/workflowhub/workflow-ro-crate#galaxy",
      "@type": "ComputerLanguage",
      "identifier": {
        "@id": "https://galaxyproject.org/"
      },
      "name": "Galaxy",
      "url": {
        "@id": "https://galaxyproject.org/"
      },
      "version": "23.1"
    },
    {
      "@id": "#92cdee12-659b-46e9-8817-60ab6fb671ed",
      "@type": "Person",
      "name": "Erwan Corre"
    },
    {
      "@id": "#1a706726-e47b-4e10-9caa-f905965e9716",
      "@type": "Person",
      "name": "Stéphanie Robin"
    },
    {
      "@id": "#5edc9886-2f65-4928-97fd-4871a71ac3ca",
      "@type": "Person",
      "name": "Anthony Bretaudeau"
    },
    {
      "@id": "#8fa897de-eaa8-4832-b90f-69f69c24422c",
      "@type": "Person",
      "name": "Alexandre Cormier"
    }
  ]
}