{
  "@context": "https://w3id.org/ro/crate/1.1/context",
  "@graph": [
    {
      "@id": "ro-crate-metadata.json",
      "@type": "CreativeWork",
      "about": {
        "@id": "./"
      },
      "conformsTo": [
        {
          "@id": "https://w3id.org/ro/crate/1.1"
        },
        {
          "@id": "https://about.workflowhub.eu/Workflow-RO-Crate/"
        }
      ]
    },
    {
      "@id": "./",
      "@type": "Dataset",
      "datePublished": "2024-04-24T00:37:17.984+00:00",
      "mainEntity": {
        "@id": "main_workflow.ga"
      }
    },
    {
      "@id": "main_workflow.ga",
      "@type": [
        "File",
        "SoftwareSourceCode",
        "ComputationalWorkflow"
      ],
      "author": [
        {
          "@id": "#2fb2a6e5-cfec-404d-8a74-3cbee90c39ac"
        },
        {
          "@id": "#841dd7ed-aba8-4515-9386-007c3feadefc"
        },
        {
          "@id": "#dbca390c-5cba-4386-881c-61ecaeb6f91b"
        },
        {
          "@id": "#0d25b118-ad14-47a0-b61a-b266daad878f"
        }
      ],
      "license": {
        "@id": "https://spdx.org/licenses/GPL-3.0-or-later"
      },
      "name": "Genome Assembly using PacBio data",
      "version": 4,
      "programmingLanguage": {
        "@id": "https://w3id.org/workflowhub/workflow-ro-crate#galaxy"
      }
    },
    {
      "@id": "https://spdx.org/licenses/GPL-3.0-or-later",
      "@type": "CreativeWork",
      "name": "GPL-3.0-or-later"
    },
    {
      "@id": "https://w3id.org/workflowhub/workflow-ro-crate#galaxy",
      "@type": "ComputerLanguage",
      "identifier": {
        "@id": "https://galaxyproject.org/"
      },
      "name": "Galaxy",
      "url": {
        "@id": "https://galaxyproject.org/"
      },
      "version": "23.1"
    },
    {
      "@id": "#2fb2a6e5-cfec-404d-8a74-3cbee90c39ac",
      "@type": "Person",
      "name": "Erwan Corre"
    },
    {
      "@id": "#841dd7ed-aba8-4515-9386-007c3feadefc",
      "@type": "Person",
      "name": "Stéphanie Robin"
    },
    {
      "@id": "#dbca390c-5cba-4386-881c-61ecaeb6f91b",
      "@type": "Person",
      "name": "Anthony Bretaudeau"
    },
    {
      "@id": "#0d25b118-ad14-47a0-b61a-b266daad878f",
      "@type": "Person",
      "name": "Alexandre Cormier"
    }
  ]
}