{
  "@context": "https://w3id.org/ro/crate/1.1/context",
  "@graph": [
    {
      "@id": "ro-crate-metadata.json",
      "@type": "CreativeWork",
      "about": {
        "@id": "./"
      },
      "conformsTo": [
        {
          "@id": "https://w3id.org/ro/crate/1.1"
        },
        {
          "@id": "https://about.workflowhub.eu/Workflow-RO-Crate/"
        }
      ]
    },
    {
      "@id": "./",
      "@type": "Dataset",
      "datePublished": "2024-02-03T00:31:48.472+00:00",
      "mainEntity": {
        "@id": "main_workflow.ga"
      }
    },
    {
      "@id": "main_workflow.ga",
      "@type": [
        "File",
        "SoftwareSourceCode",
        "ComputationalWorkflow"
      ],
      "author": [
        {
          "@id": "#b300fdf5-e448-42de-9b6b-fad9baad1d3e"
        },
        {
          "@id": "#d588db75-e5de-4bc4-bb57-6554a071422c"
        },
        {
          "@id": "#ecd79ddd-c7cb-4427-bed8-110cd46f4960"
        },
        {
          "@id": "#7253e4b3-8431-42a0-aba9-085556bc7773"
        }
      ],
      "license": {
        "@id": "https://spdx.org/licenses/GPL-3.0-or-later"
      },
      "name": "Genome Assembly using PacBio data",
      "version": 4,
      "programmingLanguage": {
        "@id": "https://w3id.org/workflowhub/workflow-ro-crate#galaxy"
      }
    },
    {
      "@id": "https://spdx.org/licenses/GPL-3.0-or-later",
      "@type": "CreativeWork",
      "name": "GPL-3.0-or-later"
    },
    {
      "@id": "https://w3id.org/workflowhub/workflow-ro-crate#galaxy",
      "@type": "ComputerLanguage",
      "identifier": {
        "@id": "https://galaxyproject.org/"
      },
      "name": "Galaxy",
      "url": {
        "@id": "https://galaxyproject.org/"
      },
      "version": "23.1"
    },
    {
      "@id": "#b300fdf5-e448-42de-9b6b-fad9baad1d3e",
      "@type": "Person",
      "name": "Erwan Corre"
    },
    {
      "@id": "#d588db75-e5de-4bc4-bb57-6554a071422c",
      "@type": "Person",
      "name": "Stéphanie Robin"
    },
    {
      "@id": "#ecd79ddd-c7cb-4427-bed8-110cd46f4960",
      "@type": "Person",
      "name": "Anthony Bretaudeau"
    },
    {
      "@id": "#7253e4b3-8431-42a0-aba9-085556bc7773",
      "@type": "Person",
      "name": "Alexandre Cormier"
    }
  ]
}