{
  "@context": "https://w3id.org/ro/crate/1.1/context",
  "@graph": [
    {
      "@id": "ro-crate-metadata.json",
      "@type": "CreativeWork",
      "about": {
        "@id": "./"
      },
      "conformsTo": [
        {
          "@id": "https://w3id.org/ro/crate/1.1"
        },
        {
          "@id": "https://about.workflowhub.eu/Workflow-RO-Crate/"
        }
      ]
    },
    {
      "@id": "./",
      "@type": "Dataset",
      "datePublished": "2024-04-07T00:36:12.070+00:00",
      "mainEntity": {
        "@id": "main_workflow.ga"
      }
    },
    {
      "@id": "main_workflow.ga",
      "@type": [
        "File",
        "SoftwareSourceCode",
        "ComputationalWorkflow"
      ],
      "author": [
        {
          "@id": "#00142721-3309-46ae-a8b9-c479db17ccd4"
        },
        {
          "@id": "#3539675e-24b1-4021-b1e4-730c9ee51b7b"
        },
        {
          "@id": "#bf60b958-06e5-4fcb-9184-cf0382fc880b"
        },
        {
          "@id": "#5b86db6a-d553-4dce-822f-a26d80ecaf09"
        }
      ],
      "license": {
        "@id": "https://spdx.org/licenses/GPL-3.0-or-later"
      },
      "name": "Genome Assembly using PacBio data",
      "version": 4,
      "programmingLanguage": {
        "@id": "https://w3id.org/workflowhub/workflow-ro-crate#galaxy"
      }
    },
    {
      "@id": "https://spdx.org/licenses/GPL-3.0-or-later",
      "@type": "CreativeWork",
      "name": "GPL-3.0-or-later"
    },
    {
      "@id": "https://w3id.org/workflowhub/workflow-ro-crate#galaxy",
      "@type": "ComputerLanguage",
      "identifier": {
        "@id": "https://galaxyproject.org/"
      },
      "name": "Galaxy",
      "url": {
        "@id": "https://galaxyproject.org/"
      },
      "version": "23.1"
    },
    {
      "@id": "#00142721-3309-46ae-a8b9-c479db17ccd4",
      "@type": "Person",
      "name": "Erwan Corre"
    },
    {
      "@id": "#3539675e-24b1-4021-b1e4-730c9ee51b7b",
      "@type": "Person",
      "name": "Stéphanie Robin"
    },
    {
      "@id": "#bf60b958-06e5-4fcb-9184-cf0382fc880b",
      "@type": "Person",
      "name": "Anthony Bretaudeau"
    },
    {
      "@id": "#5b86db6a-d553-4dce-822f-a26d80ecaf09",
      "@type": "Person",
      "name": "Alexandre Cormier"
    }
  ]
}