{
  "@context": "https://w3id.org/ro/crate/1.1/context",
  "@graph": [
    {
      "@id": "ro-crate-metadata.json",
      "@type": "CreativeWork",
      "about": {
        "@id": "./"
      },
      "conformsTo": [
        {
          "@id": "https://w3id.org/ro/crate/1.1"
        },
        {
          "@id": "https://about.workflowhub.eu/Workflow-RO-Crate/"
        }
      ]
    },
    {
      "@id": "./",
      "@type": "Dataset",
      "datePublished": "2023-11-28T00:32:39.896+00:00",
      "mainEntity": {
        "@id": "main_workflow.ga"
      }
    },
    {
      "@id": "main_workflow.ga",
      "@type": [
        "File",
        "SoftwareSourceCode",
        "ComputationalWorkflow"
      ],
      "author": [
        {
          "@id": "#39f019db-5470-47d6-b0bc-d14703f9fc7c"
        },
        {
          "@id": "#f8629720-c6ce-4d66-b50c-c5140a732974"
        },
        {
          "@id": "#6cd8cb2d-4def-4413-9ee0-c0a8877d09b1"
        },
        {
          "@id": "#343b80bf-cee4-465c-953e-dd801f158b43"
        }
      ],
      "license": {
        "@id": "https://spdx.org/licenses/GPL-3.0-or-later"
      },
      "name": "Genome Assembly using PacBio data",
      "version": 4,
      "programmingLanguage": {
        "@id": "https://w3id.org/workflowhub/workflow-ro-crate#galaxy"
      }
    },
    {
      "@id": "https://spdx.org/licenses/GPL-3.0-or-later",
      "@type": "CreativeWork",
      "name": "GPL-3.0-or-later"
    },
    {
      "@id": "https://w3id.org/workflowhub/workflow-ro-crate#galaxy",
      "@type": "ComputerLanguage",
      "identifier": {
        "@id": "https://galaxyproject.org/"
      },
      "name": "Galaxy",
      "url": {
        "@id": "https://galaxyproject.org/"
      },
      "version": "23.1"
    },
    {
      "@id": "#39f019db-5470-47d6-b0bc-d14703f9fc7c",
      "@type": "Person",
      "name": "Erwan Corre"
    },
    {
      "@id": "#f8629720-c6ce-4d66-b50c-c5140a732974",
      "@type": "Person",
      "name": "Stéphanie Robin"
    },
    {
      "@id": "#6cd8cb2d-4def-4413-9ee0-c0a8877d09b1",
      "@type": "Person",
      "name": "Anthony Bretaudeau"
    },
    {
      "@id": "#343b80bf-cee4-465c-953e-dd801f158b43",
      "@type": "Person",
      "name": "Alexandre Cormier"
    }
  ]
}