{
  "@context": "https://w3id.org/ro/crate/1.1/context",
  "@graph": [
    {
      "@id": "ro-crate-metadata.json",
      "@type": "CreativeWork",
      "about": {
        "@id": "./"
      },
      "conformsTo": [
        {
          "@id": "https://w3id.org/ro/crate/1.1"
        },
        {
          "@id": "https://about.workflowhub.eu/Workflow-RO-Crate/"
        }
      ]
    },
    {
      "@id": "./",
      "@type": "Dataset",
      "datePublished": "2023-12-06T00:36:55.433+00:00",
      "mainEntity": {
        "@id": "main_workflow.ga"
      }
    },
    {
      "@id": "main_workflow.ga",
      "@type": [
        "File",
        "SoftwareSourceCode",
        "ComputationalWorkflow"
      ],
      "author": [
        {
          "@id": "#583a7eaf-b5a0-41d8-bd09-8bf1fed65458"
        },
        {
          "@id": "#865b7ef0-1076-4280-ad40-823ed8565f4d"
        },
        {
          "@id": "#7d54f774-e755-4fa8-891e-bde0f6c817f8"
        },
        {
          "@id": "#be5e0464-0d20-4689-82a0-efe737e4e7d1"
        }
      ],
      "license": {
        "@id": "https://spdx.org/licenses/GPL-3.0-or-later"
      },
      "name": "Genome Assembly using PacBio data",
      "version": 4,
      "programmingLanguage": {
        "@id": "https://w3id.org/workflowhub/workflow-ro-crate#galaxy"
      }
    },
    {
      "@id": "https://spdx.org/licenses/GPL-3.0-or-later",
      "@type": "CreativeWork",
      "name": "GPL-3.0-or-later"
    },
    {
      "@id": "https://w3id.org/workflowhub/workflow-ro-crate#galaxy",
      "@type": "ComputerLanguage",
      "identifier": {
        "@id": "https://galaxyproject.org/"
      },
      "name": "Galaxy",
      "url": {
        "@id": "https://galaxyproject.org/"
      },
      "version": "23.1"
    },
    {
      "@id": "#583a7eaf-b5a0-41d8-bd09-8bf1fed65458",
      "@type": "Person",
      "name": "Erwan Corre"
    },
    {
      "@id": "#865b7ef0-1076-4280-ad40-823ed8565f4d",
      "@type": "Person",
      "name": "Stéphanie Robin"
    },
    {
      "@id": "#7d54f774-e755-4fa8-891e-bde0f6c817f8",
      "@type": "Person",
      "name": "Anthony Bretaudeau"
    },
    {
      "@id": "#be5e0464-0d20-4689-82a0-efe737e4e7d1",
      "@type": "Person",
      "name": "Alexandre Cormier"
    }
  ]
}