{
  "@context": "https://w3id.org/ro/crate/1.1/context",
  "@graph": [
    {
      "@id": "ro-crate-metadata.json",
      "@type": "CreativeWork",
      "about": {
        "@id": "./"
      },
      "conformsTo": [
        {
          "@id": "https://w3id.org/ro/crate/1.1"
        },
        {
          "@id": "https://about.workflowhub.eu/Workflow-RO-Crate/"
        }
      ]
    },
    {
      "@id": "./",
      "@type": "Dataset",
      "datePublished": "2023-12-29T00:26:27.038+00:00",
      "mainEntity": {
        "@id": "main_workflow.ga"
      }
    },
    {
      "@id": "main_workflow.ga",
      "@type": [
        "File",
        "SoftwareSourceCode",
        "ComputationalWorkflow"
      ],
      "author": [
        {
          "@id": "#cd8c775a-0fb3-4e00-a5d2-ae74e64abbb5"
        },
        {
          "@id": "#01614715-0596-4805-b1b2-f9180dd50e1f"
        },
        {
          "@id": "#b5456610-6b92-4f44-a84a-b966090d40ba"
        },
        {
          "@id": "#3b7a9f09-30d0-4058-99b4-0bbe8a4fbb61"
        }
      ],
      "license": {
        "@id": "https://spdx.org/licenses/GPL-3.0-or-later"
      },
      "name": "Genome Assembly using PacBio data",
      "version": 4,
      "programmingLanguage": {
        "@id": "https://w3id.org/workflowhub/workflow-ro-crate#galaxy"
      }
    },
    {
      "@id": "https://spdx.org/licenses/GPL-3.0-or-later",
      "@type": "CreativeWork",
      "name": "GPL-3.0-or-later"
    },
    {
      "@id": "https://w3id.org/workflowhub/workflow-ro-crate#galaxy",
      "@type": "ComputerLanguage",
      "identifier": {
        "@id": "https://galaxyproject.org/"
      },
      "name": "Galaxy",
      "url": {
        "@id": "https://galaxyproject.org/"
      },
      "version": "23.1"
    },
    {
      "@id": "#cd8c775a-0fb3-4e00-a5d2-ae74e64abbb5",
      "@type": "Person",
      "name": "Erwan Corre"
    },
    {
      "@id": "#01614715-0596-4805-b1b2-f9180dd50e1f",
      "@type": "Person",
      "name": "Stéphanie Robin"
    },
    {
      "@id": "#b5456610-6b92-4f44-a84a-b966090d40ba",
      "@type": "Person",
      "name": "Anthony Bretaudeau"
    },
    {
      "@id": "#3b7a9f09-30d0-4058-99b4-0bbe8a4fbb61",
      "@type": "Person",
      "name": "Alexandre Cormier"
    }
  ]
}