{
  "@context": "https://w3id.org/ro/crate/1.1/context",
  "@graph": [
    {
      "@id": "ro-crate-metadata.json",
      "@type": "CreativeWork",
      "about": {
        "@id": "./"
      },
      "conformsTo": [
        {
          "@id": "https://w3id.org/ro/crate/1.1"
        },
        {
          "@id": "https://about.workflowhub.eu/Workflow-RO-Crate/"
        }
      ]
    },
    {
      "@id": "./",
      "@type": "Dataset",
      "datePublished": "2023-12-16T00:32:27.644+00:00",
      "mainEntity": {
        "@id": "main_workflow.ga"
      }
    },
    {
      "@id": "main_workflow.ga",
      "@type": [
        "File",
        "SoftwareSourceCode",
        "ComputationalWorkflow"
      ],
      "author": [
        {
          "@id": "#fe8956f4-f3d4-428a-8df7-39f5fd1de9f1"
        },
        {
          "@id": "#6aa5c22f-f328-45b1-a642-2fbb9cbd28c8"
        },
        {
          "@id": "#4f7ad253-505c-4e5b-b9c7-a551db3b31b4"
        },
        {
          "@id": "#8867a955-b195-428c-8c10-621b579b7acb"
        }
      ],
      "license": {
        "@id": "https://spdx.org/licenses/GPL-3.0-or-later"
      },
      "name": "Genome Assembly using PacBio data",
      "version": 4,
      "programmingLanguage": {
        "@id": "https://w3id.org/workflowhub/workflow-ro-crate#galaxy"
      }
    },
    {
      "@id": "https://spdx.org/licenses/GPL-3.0-or-later",
      "@type": "CreativeWork",
      "name": "GPL-3.0-or-later"
    },
    {
      "@id": "https://w3id.org/workflowhub/workflow-ro-crate#galaxy",
      "@type": "ComputerLanguage",
      "identifier": {
        "@id": "https://galaxyproject.org/"
      },
      "name": "Galaxy",
      "url": {
        "@id": "https://galaxyproject.org/"
      },
      "version": "23.1"
    },
    {
      "@id": "#fe8956f4-f3d4-428a-8df7-39f5fd1de9f1",
      "@type": "Person",
      "name": "Erwan Corre"
    },
    {
      "@id": "#6aa5c22f-f328-45b1-a642-2fbb9cbd28c8",
      "@type": "Person",
      "name": "Stéphanie Robin"
    },
    {
      "@id": "#4f7ad253-505c-4e5b-b9c7-a551db3b31b4",
      "@type": "Person",
      "name": "Anthony Bretaudeau"
    },
    {
      "@id": "#8867a955-b195-428c-8c10-621b579b7acb",
      "@type": "Person",
      "name": "Alexandre Cormier"
    }
  ]
}