{
  "@context": "https://w3id.org/ro/crate/1.1/context",
  "@graph": [
    {
      "@id": "ro-crate-metadata.json",
      "@type": "CreativeWork",
      "about": {
        "@id": "./"
      },
      "conformsTo": [
        {
          "@id": "https://w3id.org/ro/crate/1.1"
        },
        {
          "@id": "https://about.workflowhub.eu/Workflow-RO-Crate/"
        }
      ]
    },
    {
      "@id": "./",
      "@type": "Dataset",
      "datePublished": "2024-01-05T00:33:10.653+00:00",
      "mainEntity": {
        "@id": "main_workflow.ga"
      }
    },
    {
      "@id": "main_workflow.ga",
      "@type": [
        "File",
        "SoftwareSourceCode",
        "ComputationalWorkflow"
      ],
      "author": [
        {
          "@id": "#4cdd0f17-048a-45ee-9c18-68696dba878d"
        },
        {
          "@id": "#d82bf81d-3eb1-445b-bb49-382fdefdd29e"
        },
        {
          "@id": "#4a6d6695-7d06-4583-994a-b78559806832"
        },
        {
          "@id": "#20258d82-f38c-4f45-8562-240bfb505c45"
        }
      ],
      "license": {
        "@id": "https://spdx.org/licenses/GPL-3.0-or-later"
      },
      "name": "Genome Assembly using PacBio data",
      "version": 4,
      "programmingLanguage": {
        "@id": "https://w3id.org/workflowhub/workflow-ro-crate#galaxy"
      }
    },
    {
      "@id": "https://spdx.org/licenses/GPL-3.0-or-later",
      "@type": "CreativeWork",
      "name": "GPL-3.0-or-later"
    },
    {
      "@id": "https://w3id.org/workflowhub/workflow-ro-crate#galaxy",
      "@type": "ComputerLanguage",
      "identifier": {
        "@id": "https://galaxyproject.org/"
      },
      "name": "Galaxy",
      "url": {
        "@id": "https://galaxyproject.org/"
      },
      "version": "23.1"
    },
    {
      "@id": "#4cdd0f17-048a-45ee-9c18-68696dba878d",
      "@type": "Person",
      "name": "Erwan Corre"
    },
    {
      "@id": "#d82bf81d-3eb1-445b-bb49-382fdefdd29e",
      "@type": "Person",
      "name": "Stéphanie Robin"
    },
    {
      "@id": "#4a6d6695-7d06-4583-994a-b78559806832",
      "@type": "Person",
      "name": "Anthony Bretaudeau"
    },
    {
      "@id": "#20258d82-f38c-4f45-8562-240bfb505c45",
      "@type": "Person",
      "name": "Alexandre Cormier"
    }
  ]
}