{
  "@context": "https://w3id.org/ro/crate/1.1/context",
  "@graph": [
    {
      "@id": "ro-crate-metadata.json",
      "@type": "CreativeWork",
      "about": {
        "@id": "./"
      },
      "conformsTo": [
        {
          "@id": "https://w3id.org/ro/crate/1.1"
        },
        {
          "@id": "https://about.workflowhub.eu/Workflow-RO-Crate/"
        }
      ]
    },
    {
      "@id": "./",
      "@type": "Dataset",
      "datePublished": "2024-02-16T00:30:55.561+00:00",
      "mainEntity": {
        "@id": "main_workflow.ga"
      }
    },
    {
      "@id": "main_workflow.ga",
      "@type": [
        "File",
        "SoftwareSourceCode",
        "ComputationalWorkflow"
      ],
      "author": [
        {
          "@id": "#53ba3efe-cc86-4e67-b993-3a7fd5be1a52"
        },
        {
          "@id": "#8ea02c0e-c6ff-4fcc-9f3b-bc1cc45f36f1"
        },
        {
          "@id": "#16cd8b51-8d81-418e-abe3-4d22266c91c1"
        },
        {
          "@id": "#c5aaf9c2-67c3-47c7-b44b-d9a0787c40be"
        }
      ],
      "license": {
        "@id": "https://spdx.org/licenses/GPL-3.0-or-later"
      },
      "name": "Genome Assembly using PacBio data",
      "version": 4,
      "programmingLanguage": {
        "@id": "https://w3id.org/workflowhub/workflow-ro-crate#galaxy"
      }
    },
    {
      "@id": "https://spdx.org/licenses/GPL-3.0-or-later",
      "@type": "CreativeWork",
      "name": "GPL-3.0-or-later"
    },
    {
      "@id": "https://w3id.org/workflowhub/workflow-ro-crate#galaxy",
      "@type": "ComputerLanguage",
      "identifier": {
        "@id": "https://galaxyproject.org/"
      },
      "name": "Galaxy",
      "url": {
        "@id": "https://galaxyproject.org/"
      },
      "version": "23.1"
    },
    {
      "@id": "#53ba3efe-cc86-4e67-b993-3a7fd5be1a52",
      "@type": "Person",
      "name": "Erwan Corre"
    },
    {
      "@id": "#8ea02c0e-c6ff-4fcc-9f3b-bc1cc45f36f1",
      "@type": "Person",
      "name": "Stéphanie Robin"
    },
    {
      "@id": "#16cd8b51-8d81-418e-abe3-4d22266c91c1",
      "@type": "Person",
      "name": "Anthony Bretaudeau"
    },
    {
      "@id": "#c5aaf9c2-67c3-47c7-b44b-d9a0787c40be",
      "@type": "Person",
      "name": "Alexandre Cormier"
    }
  ]
}