{
  "@context": "https://w3id.org/ro/crate/1.1/context",
  "@graph": [
    {
      "@id": "ro-crate-metadata.json",
      "@type": "CreativeWork",
      "about": {
        "@id": "./"
      },
      "conformsTo": [
        {
          "@id": "https://w3id.org/ro/crate/1.1"
        },
        {
          "@id": "https://about.workflowhub.eu/Workflow-RO-Crate/"
        }
      ]
    },
    {
      "@id": "./",
      "@type": "Dataset",
      "datePublished": "2024-06-03T00:36:26.396+00:00",
      "mainEntity": {
        "@id": "main_workflow.ga"
      }
    },
    {
      "@id": "main_workflow.ga",
      "@type": [
        "File",
        "SoftwareSourceCode",
        "ComputationalWorkflow"
      ],
      "author": [
        {
          "@id": "#196a0036-875d-4279-9532-805baa32472e"
        },
        {
          "@id": "#ea8a28b7-d892-4abf-8ed1-efac48fbc803"
        },
        {
          "@id": "#ffae31c3-e13e-40b0-8bfd-302cb825f07b"
        },
        {
          "@id": "#46dafde2-da33-44cb-8d4e-b510116a6337"
        }
      ],
      "license": {
        "@id": "https://spdx.org/licenses/GPL-3.0-or-later"
      },
      "name": "Genome Assembly using PacBio data",
      "version": 4,
      "programmingLanguage": {
        "@id": "https://w3id.org/workflowhub/workflow-ro-crate#galaxy"
      }
    },
    {
      "@id": "https://spdx.org/licenses/GPL-3.0-or-later",
      "@type": "CreativeWork",
      "name": "GPL-3.0-or-later"
    },
    {
      "@id": "https://w3id.org/workflowhub/workflow-ro-crate#galaxy",
      "@type": "ComputerLanguage",
      "identifier": {
        "@id": "https://galaxyproject.org/"
      },
      "name": "Galaxy",
      "url": {
        "@id": "https://galaxyproject.org/"
      },
      "version": "23.1"
    },
    {
      "@id": "#196a0036-875d-4279-9532-805baa32472e",
      "@type": "Person",
      "name": "Erwan Corre"
    },
    {
      "@id": "#ea8a28b7-d892-4abf-8ed1-efac48fbc803",
      "@type": "Person",
      "name": "Stéphanie Robin"
    },
    {
      "@id": "#ffae31c3-e13e-40b0-8bfd-302cb825f07b",
      "@type": "Person",
      "name": "Anthony Bretaudeau"
    },
    {
      "@id": "#46dafde2-da33-44cb-8d4e-b510116a6337",
      "@type": "Person",
      "name": "Alexandre Cormier"
    }
  ]
}