{
  "@context": "https://w3id.org/ro/crate/1.1/context",
  "@graph": [
    {
      "@id": "ro-crate-metadata.json",
      "@type": "CreativeWork",
      "about": {
        "@id": "./"
      },
      "conformsTo": [
        {
          "@id": "https://w3id.org/ro/crate/1.1"
        },
        {
          "@id": "https://about.workflowhub.eu/Workflow-RO-Crate/"
        }
      ]
    },
    {
      "@id": "./",
      "@type": "Dataset",
      "datePublished": "2024-01-07T00:36:46.765+00:00",
      "mainEntity": {
        "@id": "main_workflow.ga"
      }
    },
    {
      "@id": "main_workflow.ga",
      "@type": [
        "File",
        "SoftwareSourceCode",
        "ComputationalWorkflow"
      ],
      "author": [
        {
          "@id": "#1e053432-0c7b-4240-aab7-6a3ec88faa9c"
        },
        {
          "@id": "#5b315975-a1f7-4434-8cea-564f78ee50f4"
        },
        {
          "@id": "#974b2f6e-5415-4844-a2f2-7e0e07f541bd"
        },
        {
          "@id": "#83575eed-6f19-4772-ae18-79f61e4f3153"
        }
      ],
      "license": {
        "@id": "https://spdx.org/licenses/GPL-3.0-or-later"
      },
      "name": "Genome Assembly using PacBio data",
      "version": 4,
      "programmingLanguage": {
        "@id": "https://w3id.org/workflowhub/workflow-ro-crate#galaxy"
      }
    },
    {
      "@id": "https://spdx.org/licenses/GPL-3.0-or-later",
      "@type": "CreativeWork",
      "name": "GPL-3.0-or-later"
    },
    {
      "@id": "https://w3id.org/workflowhub/workflow-ro-crate#galaxy",
      "@type": "ComputerLanguage",
      "identifier": {
        "@id": "https://galaxyproject.org/"
      },
      "name": "Galaxy",
      "url": {
        "@id": "https://galaxyproject.org/"
      },
      "version": "23.1"
    },
    {
      "@id": "#1e053432-0c7b-4240-aab7-6a3ec88faa9c",
      "@type": "Person",
      "name": "Erwan Corre"
    },
    {
      "@id": "#5b315975-a1f7-4434-8cea-564f78ee50f4",
      "@type": "Person",
      "name": "Stéphanie Robin"
    },
    {
      "@id": "#974b2f6e-5415-4844-a2f2-7e0e07f541bd",
      "@type": "Person",
      "name": "Anthony Bretaudeau"
    },
    {
      "@id": "#83575eed-6f19-4772-ae18-79f61e4f3153",
      "@type": "Person",
      "name": "Alexandre Cormier"
    }
  ]
}