{
  "@context": "https://w3id.org/ro/crate/1.1/context",
  "@graph": [
    {
      "@id": "ro-crate-metadata.json",
      "@type": "CreativeWork",
      "about": {
        "@id": "./"
      },
      "conformsTo": [
        {
          "@id": "https://w3id.org/ro/crate/1.1"
        },
        {
          "@id": "https://about.workflowhub.eu/Workflow-RO-Crate/"
        }
      ]
    },
    {
      "@id": "./",
      "@type": "Dataset",
      "datePublished": "2024-05-21T00:34:44.026+00:00",
      "mainEntity": {
        "@id": "main_workflow.ga"
      }
    },
    {
      "@id": "main_workflow.ga",
      "@type": [
        "File",
        "SoftwareSourceCode",
        "ComputationalWorkflow"
      ],
      "author": [
        {
          "@id": "#81b0540d-eaf0-4907-b66f-5e15d39018c6"
        },
        {
          "@id": "#20375b18-f4ae-4481-85e9-8ddbd661d255"
        },
        {
          "@id": "#0e741cce-6c9d-4528-aeac-4d33cbc2adcc"
        },
        {
          "@id": "#b3bf99e4-e6ed-48ff-96cb-701a08600a90"
        }
      ],
      "license": {
        "@id": "https://spdx.org/licenses/GPL-3.0-or-later"
      },
      "name": "Genome Assembly using PacBio data",
      "version": 4,
      "programmingLanguage": {
        "@id": "https://w3id.org/workflowhub/workflow-ro-crate#galaxy"
      }
    },
    {
      "@id": "https://spdx.org/licenses/GPL-3.0-or-later",
      "@type": "CreativeWork",
      "name": "GPL-3.0-or-later"
    },
    {
      "@id": "https://w3id.org/workflowhub/workflow-ro-crate#galaxy",
      "@type": "ComputerLanguage",
      "identifier": {
        "@id": "https://galaxyproject.org/"
      },
      "name": "Galaxy",
      "url": {
        "@id": "https://galaxyproject.org/"
      },
      "version": "23.1"
    },
    {
      "@id": "#81b0540d-eaf0-4907-b66f-5e15d39018c6",
      "@type": "Person",
      "name": "Erwan Corre"
    },
    {
      "@id": "#20375b18-f4ae-4481-85e9-8ddbd661d255",
      "@type": "Person",
      "name": "Stéphanie Robin"
    },
    {
      "@id": "#0e741cce-6c9d-4528-aeac-4d33cbc2adcc",
      "@type": "Person",
      "name": "Anthony Bretaudeau"
    },
    {
      "@id": "#b3bf99e4-e6ed-48ff-96cb-701a08600a90",
      "@type": "Person",
      "name": "Alexandre Cormier"
    }
  ]
}