{
  "@context": "https://w3id.org/ro/crate/1.1/context",
  "@graph": [
    {
      "@id": "ro-crate-metadata.json",
      "@type": "CreativeWork",
      "about": {
        "@id": "./"
      },
      "conformsTo": [
        {
          "@id": "https://w3id.org/ro/crate/1.1"
        },
        {
          "@id": "https://about.workflowhub.eu/Workflow-RO-Crate/"
        }
      ]
    },
    {
      "@id": "./",
      "@type": "Dataset",
      "datePublished": "2023-11-27T00:32:50.459+00:00",
      "mainEntity": {
        "@id": "main_workflow.ga"
      }
    },
    {
      "@id": "main_workflow.ga",
      "@type": [
        "File",
        "SoftwareSourceCode",
        "ComputationalWorkflow"
      ],
      "author": [
        {
          "@id": "#a2e7253e-5a2e-46c8-aad9-48fb20d83823"
        },
        {
          "@id": "#93dd2bed-daf0-4f99-961b-014bc44304ea"
        },
        {
          "@id": "#00545a13-5313-4178-a1e4-8ba33294ef8d"
        },
        {
          "@id": "#205be139-bc01-4056-8cbd-d9091c6a2ce6"
        }
      ],
      "license": {
        "@id": "https://spdx.org/licenses/GPL-3.0-or-later"
      },
      "name": "Genome Assembly using PacBio data",
      "version": 4,
      "programmingLanguage": {
        "@id": "https://w3id.org/workflowhub/workflow-ro-crate#galaxy"
      }
    },
    {
      "@id": "https://spdx.org/licenses/GPL-3.0-or-later",
      "@type": "CreativeWork",
      "name": "GPL-3.0-or-later"
    },
    {
      "@id": "https://w3id.org/workflowhub/workflow-ro-crate#galaxy",
      "@type": "ComputerLanguage",
      "identifier": {
        "@id": "https://galaxyproject.org/"
      },
      "name": "Galaxy",
      "url": {
        "@id": "https://galaxyproject.org/"
      },
      "version": "23.1"
    },
    {
      "@id": "#a2e7253e-5a2e-46c8-aad9-48fb20d83823",
      "@type": "Person",
      "name": "Erwan Corre"
    },
    {
      "@id": "#93dd2bed-daf0-4f99-961b-014bc44304ea",
      "@type": "Person",
      "name": "Stéphanie Robin"
    },
    {
      "@id": "#00545a13-5313-4178-a1e4-8ba33294ef8d",
      "@type": "Person",
      "name": "Anthony Bretaudeau"
    },
    {
      "@id": "#205be139-bc01-4056-8cbd-d9091c6a2ce6",
      "@type": "Person",
      "name": "Alexandre Cormier"
    }
  ]
}