{
  "@context": "https://w3id.org/ro/crate/1.1/context",
  "@graph": [
    {
      "@id": "ro-crate-metadata.json",
      "@type": "CreativeWork",
      "about": {
        "@id": "./"
      },
      "conformsTo": [
        {
          "@id": "https://w3id.org/ro/crate/1.1"
        },
        {
          "@id": "https://about.workflowhub.eu/Workflow-RO-Crate/"
        }
      ]
    },
    {
      "@id": "./",
      "@type": "Dataset",
      "datePublished": "2024-01-10T00:33:51.379+00:00",
      "mainEntity": {
        "@id": "main_workflow.ga"
      }
    },
    {
      "@id": "main_workflow.ga",
      "@type": [
        "File",
        "SoftwareSourceCode",
        "ComputationalWorkflow"
      ],
      "author": [
        {
          "@id": "#1f2f51ad-c6cb-4b77-9031-7d2302421317"
        },
        {
          "@id": "#dfe19feb-ac83-4389-aaac-9d0711f88c46"
        },
        {
          "@id": "#9d59ead9-070b-48fa-b088-dd67cee2b959"
        },
        {
          "@id": "#87fd28a6-ce74-4a96-a438-06b831112fc9"
        }
      ],
      "license": {
        "@id": "https://spdx.org/licenses/GPL-3.0-or-later"
      },
      "name": "Genome Assembly using PacBio data",
      "version": 4,
      "programmingLanguage": {
        "@id": "https://w3id.org/workflowhub/workflow-ro-crate#galaxy"
      }
    },
    {
      "@id": "https://spdx.org/licenses/GPL-3.0-or-later",
      "@type": "CreativeWork",
      "name": "GPL-3.0-or-later"
    },
    {
      "@id": "https://w3id.org/workflowhub/workflow-ro-crate#galaxy",
      "@type": "ComputerLanguage",
      "identifier": {
        "@id": "https://galaxyproject.org/"
      },
      "name": "Galaxy",
      "url": {
        "@id": "https://galaxyproject.org/"
      },
      "version": "23.1"
    },
    {
      "@id": "#1f2f51ad-c6cb-4b77-9031-7d2302421317",
      "@type": "Person",
      "name": "Erwan Corre"
    },
    {
      "@id": "#dfe19feb-ac83-4389-aaac-9d0711f88c46",
      "@type": "Person",
      "name": "Stéphanie Robin"
    },
    {
      "@id": "#9d59ead9-070b-48fa-b088-dd67cee2b959",
      "@type": "Person",
      "name": "Anthony Bretaudeau"
    },
    {
      "@id": "#87fd28a6-ce74-4a96-a438-06b831112fc9",
      "@type": "Person",
      "name": "Alexandre Cormier"
    }
  ]
}