{
  "@context": "https://w3id.org/ro/crate/1.1/context",
  "@graph": [
    {
      "@id": "ro-crate-metadata.json",
      "@type": "CreativeWork",
      "about": {
        "@id": "./"
      },
      "conformsTo": [
        {
          "@id": "https://w3id.org/ro/crate/1.1"
        },
        {
          "@id": "https://about.workflowhub.eu/Workflow-RO-Crate/"
        }
      ]
    },
    {
      "@id": "./",
      "@type": "Dataset",
      "datePublished": "2024-02-28T00:33:57.584+00:00",
      "mainEntity": {
        "@id": "main_workflow.ga"
      }
    },
    {
      "@id": "main_workflow.ga",
      "@type": [
        "File",
        "SoftwareSourceCode",
        "ComputationalWorkflow"
      ],
      "author": [
        {
          "@id": "#fd152d9f-4860-4ae8-84f3-fdf28be0ad45"
        },
        {
          "@id": "#550b6f3c-7208-4bb1-bd01-7584bc91032d"
        },
        {
          "@id": "#847ccd77-6281-440a-93fb-69d7970017fd"
        },
        {
          "@id": "#d18f405b-33e4-4b16-a4c2-b53694c3e522"
        }
      ],
      "license": {
        "@id": "https://spdx.org/licenses/GPL-3.0-or-later"
      },
      "name": "Genome Assembly using PacBio data",
      "version": 4,
      "programmingLanguage": {
        "@id": "https://w3id.org/workflowhub/workflow-ro-crate#galaxy"
      }
    },
    {
      "@id": "https://spdx.org/licenses/GPL-3.0-or-later",
      "@type": "CreativeWork",
      "name": "GPL-3.0-or-later"
    },
    {
      "@id": "https://w3id.org/workflowhub/workflow-ro-crate#galaxy",
      "@type": "ComputerLanguage",
      "identifier": {
        "@id": "https://galaxyproject.org/"
      },
      "name": "Galaxy",
      "url": {
        "@id": "https://galaxyproject.org/"
      },
      "version": "23.1"
    },
    {
      "@id": "#fd152d9f-4860-4ae8-84f3-fdf28be0ad45",
      "@type": "Person",
      "name": "Erwan Corre"
    },
    {
      "@id": "#550b6f3c-7208-4bb1-bd01-7584bc91032d",
      "@type": "Person",
      "name": "Stéphanie Robin"
    },
    {
      "@id": "#847ccd77-6281-440a-93fb-69d7970017fd",
      "@type": "Person",
      "name": "Anthony Bretaudeau"
    },
    {
      "@id": "#d18f405b-33e4-4b16-a4c2-b53694c3e522",
      "@type": "Person",
      "name": "Alexandre Cormier"
    }
  ]
}