{
  "@context": "https://w3id.org/ro/crate/1.1/context",
  "@graph": [
    {
      "@id": "ro-crate-metadata.json",
      "@type": "CreativeWork",
      "about": {
        "@id": "./"
      },
      "conformsTo": [
        {
          "@id": "https://w3id.org/ro/crate/1.1"
        },
        {
          "@id": "https://about.workflowhub.eu/Workflow-RO-Crate/"
        }
      ]
    },
    {
      "@id": "./",
      "@type": "Dataset",
      "datePublished": "2024-04-06T00:31:41.024+00:00",
      "mainEntity": {
        "@id": "main_workflow.ga"
      }
    },
    {
      "@id": "main_workflow.ga",
      "@type": [
        "File",
        "SoftwareSourceCode",
        "ComputationalWorkflow"
      ],
      "author": [
        {
          "@id": "#0bedceaa-72f3-4841-8879-9aeb460a718e"
        },
        {
          "@id": "#38a6ab3d-702d-43fb-bbaf-cff49ac3af78"
        },
        {
          "@id": "#2246ff1b-6b5b-4683-93de-d1e4b143d0a0"
        },
        {
          "@id": "#a30c4414-69e8-4847-95ba-3adef0191def"
        }
      ],
      "license": {
        "@id": "https://spdx.org/licenses/GPL-3.0-or-later"
      },
      "name": "Genome Assembly using PacBio data",
      "version": 4,
      "programmingLanguage": {
        "@id": "https://w3id.org/workflowhub/workflow-ro-crate#galaxy"
      }
    },
    {
      "@id": "https://spdx.org/licenses/GPL-3.0-or-later",
      "@type": "CreativeWork",
      "name": "GPL-3.0-or-later"
    },
    {
      "@id": "https://w3id.org/workflowhub/workflow-ro-crate#galaxy",
      "@type": "ComputerLanguage",
      "identifier": {
        "@id": "https://galaxyproject.org/"
      },
      "name": "Galaxy",
      "url": {
        "@id": "https://galaxyproject.org/"
      },
      "version": "23.1"
    },
    {
      "@id": "#0bedceaa-72f3-4841-8879-9aeb460a718e",
      "@type": "Person",
      "name": "Erwan Corre"
    },
    {
      "@id": "#38a6ab3d-702d-43fb-bbaf-cff49ac3af78",
      "@type": "Person",
      "name": "Stéphanie Robin"
    },
    {
      "@id": "#2246ff1b-6b5b-4683-93de-d1e4b143d0a0",
      "@type": "Person",
      "name": "Anthony Bretaudeau"
    },
    {
      "@id": "#a30c4414-69e8-4847-95ba-3adef0191def",
      "@type": "Person",
      "name": "Alexandre Cormier"
    }
  ]
}