{
  "@context": "https://w3id.org/ro/crate/1.1/context",
  "@graph": [
    {
      "@id": "ro-crate-metadata.json",
      "@type": "CreativeWork",
      "about": {
        "@id": "./"
      },
      "conformsTo": [
        {
          "@id": "https://w3id.org/ro/crate/1.1"
        },
        {
          "@id": "https://about.workflowhub.eu/Workflow-RO-Crate/"
        }
      ]
    },
    {
      "@id": "./",
      "@type": "Dataset",
      "datePublished": "2024-02-13T00:32:08.553+00:00",
      "mainEntity": {
        "@id": "main_workflow.ga"
      }
    },
    {
      "@id": "main_workflow.ga",
      "@type": [
        "File",
        "SoftwareSourceCode",
        "ComputationalWorkflow"
      ],
      "author": [
        {
          "@id": "#51051eee-dd29-4867-b2cf-d4a2eb1aac1e"
        },
        {
          "@id": "#b3471d9a-5e1c-4f84-888e-eeef0428d797"
        },
        {
          "@id": "#31133bcc-64f2-47be-beb9-923d574375ae"
        },
        {
          "@id": "#81950e1d-a985-4c6e-a16b-83aafebd639e"
        }
      ],
      "license": {
        "@id": "https://spdx.org/licenses/GPL-3.0-or-later"
      },
      "name": "Genome Assembly using PacBio data",
      "version": 4,
      "programmingLanguage": {
        "@id": "https://w3id.org/workflowhub/workflow-ro-crate#galaxy"
      }
    },
    {
      "@id": "https://spdx.org/licenses/GPL-3.0-or-later",
      "@type": "CreativeWork",
      "name": "GPL-3.0-or-later"
    },
    {
      "@id": "https://w3id.org/workflowhub/workflow-ro-crate#galaxy",
      "@type": "ComputerLanguage",
      "identifier": {
        "@id": "https://galaxyproject.org/"
      },
      "name": "Galaxy",
      "url": {
        "@id": "https://galaxyproject.org/"
      },
      "version": "23.1"
    },
    {
      "@id": "#51051eee-dd29-4867-b2cf-d4a2eb1aac1e",
      "@type": "Person",
      "name": "Erwan Corre"
    },
    {
      "@id": "#b3471d9a-5e1c-4f84-888e-eeef0428d797",
      "@type": "Person",
      "name": "Stéphanie Robin"
    },
    {
      "@id": "#31133bcc-64f2-47be-beb9-923d574375ae",
      "@type": "Person",
      "name": "Anthony Bretaudeau"
    },
    {
      "@id": "#81950e1d-a985-4c6e-a16b-83aafebd639e",
      "@type": "Person",
      "name": "Alexandre Cormier"
    }
  ]
}