{
  "@context": "https://w3id.org/ro/crate/1.1/context",
  "@graph": [
    {
      "@id": "ro-crate-metadata.json",
      "@type": "CreativeWork",
      "about": {
        "@id": "./"
      },
      "conformsTo": [
        {
          "@id": "https://w3id.org/ro/crate/1.1"
        },
        {
          "@id": "https://about.workflowhub.eu/Workflow-RO-Crate/"
        }
      ]
    },
    {
      "@id": "./",
      "@type": "Dataset",
      "datePublished": "2024-01-12T00:33:29.471+00:00",
      "mainEntity": {
        "@id": "main_workflow.ga"
      }
    },
    {
      "@id": "main_workflow.ga",
      "@type": [
        "File",
        "SoftwareSourceCode",
        "ComputationalWorkflow"
      ],
      "author": [
        {
          "@id": "#8c4a0a08-7601-46b9-8b29-92c9e9dbe00b"
        },
        {
          "@id": "#ffc038b4-f36d-4be5-b859-11d25aa9d36e"
        },
        {
          "@id": "#9d2dff1a-0e79-4ae9-b511-3074b2ba2d28"
        },
        {
          "@id": "#2138f830-df7d-4767-a925-293d6a47a254"
        }
      ],
      "license": {
        "@id": "https://spdx.org/licenses/GPL-3.0-or-later"
      },
      "name": "Genome Assembly using PacBio data",
      "version": 4,
      "programmingLanguage": {
        "@id": "https://w3id.org/workflowhub/workflow-ro-crate#galaxy"
      }
    },
    {
      "@id": "https://spdx.org/licenses/GPL-3.0-or-later",
      "@type": "CreativeWork",
      "name": "GPL-3.0-or-later"
    },
    {
      "@id": "https://w3id.org/workflowhub/workflow-ro-crate#galaxy",
      "@type": "ComputerLanguage",
      "identifier": {
        "@id": "https://galaxyproject.org/"
      },
      "name": "Galaxy",
      "url": {
        "@id": "https://galaxyproject.org/"
      },
      "version": "23.1"
    },
    {
      "@id": "#8c4a0a08-7601-46b9-8b29-92c9e9dbe00b",
      "@type": "Person",
      "name": "Erwan Corre"
    },
    {
      "@id": "#ffc038b4-f36d-4be5-b859-11d25aa9d36e",
      "@type": "Person",
      "name": "Stéphanie Robin"
    },
    {
      "@id": "#9d2dff1a-0e79-4ae9-b511-3074b2ba2d28",
      "@type": "Person",
      "name": "Anthony Bretaudeau"
    },
    {
      "@id": "#2138f830-df7d-4767-a925-293d6a47a254",
      "@type": "Person",
      "name": "Alexandre Cormier"
    }
  ]
}