{
  "@context": "https://w3id.org/ro/crate/1.1/context",
  "@graph": [
    {
      "@id": "ro-crate-metadata.json",
      "@type": "CreativeWork",
      "about": {
        "@id": "./"
      },
      "conformsTo": [
        {
          "@id": "https://w3id.org/ro/crate/1.1"
        },
        {
          "@id": "https://about.workflowhub.eu/Workflow-RO-Crate/"
        }
      ]
    },
    {
      "@id": "./",
      "@type": "Dataset",
      "datePublished": "2023-11-30T00:32:47.332+00:00",
      "mainEntity": {
        "@id": "main_workflow.ga"
      }
    },
    {
      "@id": "main_workflow.ga",
      "@type": [
        "File",
        "SoftwareSourceCode",
        "ComputationalWorkflow"
      ],
      "author": [
        {
          "@id": "#b8a3ae8f-8a10-445e-a504-96ac3b645ba5"
        },
        {
          "@id": "#a5a92be5-a26f-418f-a14c-1b7425bb8022"
        },
        {
          "@id": "#df3d1640-90dc-41fa-a542-73828a7f0fe0"
        },
        {
          "@id": "#09c9a2e4-9146-4a38-bb88-12344e94614d"
        }
      ],
      "license": {
        "@id": "https://spdx.org/licenses/GPL-3.0-or-later"
      },
      "name": "Genome Assembly using PacBio data",
      "version": 4,
      "programmingLanguage": {
        "@id": "https://w3id.org/workflowhub/workflow-ro-crate#galaxy"
      }
    },
    {
      "@id": "https://spdx.org/licenses/GPL-3.0-or-later",
      "@type": "CreativeWork",
      "name": "GPL-3.0-or-later"
    },
    {
      "@id": "https://w3id.org/workflowhub/workflow-ro-crate#galaxy",
      "@type": "ComputerLanguage",
      "identifier": {
        "@id": "https://galaxyproject.org/"
      },
      "name": "Galaxy",
      "url": {
        "@id": "https://galaxyproject.org/"
      },
      "version": "23.1"
    },
    {
      "@id": "#b8a3ae8f-8a10-445e-a504-96ac3b645ba5",
      "@type": "Person",
      "name": "Erwan Corre"
    },
    {
      "@id": "#a5a92be5-a26f-418f-a14c-1b7425bb8022",
      "@type": "Person",
      "name": "Stéphanie Robin"
    },
    {
      "@id": "#df3d1640-90dc-41fa-a542-73828a7f0fe0",
      "@type": "Person",
      "name": "Anthony Bretaudeau"
    },
    {
      "@id": "#09c9a2e4-9146-4a38-bb88-12344e94614d",
      "@type": "Person",
      "name": "Alexandre Cormier"
    }
  ]
}