{
  "@context": "https://w3id.org/ro/crate/1.1/context",
  "@graph": [
    {
      "@id": "ro-crate-metadata.json",
      "@type": "CreativeWork",
      "about": {
        "@id": "./"
      },
      "conformsTo": [
        {
          "@id": "https://w3id.org/ro/crate/1.1"
        },
        {
          "@id": "https://about.workflowhub.eu/Workflow-RO-Crate/"
        }
      ]
    },
    {
      "@id": "./",
      "@type": "Dataset",
      "datePublished": "2023-11-25T00:30:41.039+00:00",
      "mainEntity": {
        "@id": "main_workflow.ga"
      }
    },
    {
      "@id": "main_workflow.ga",
      "@type": [
        "File",
        "SoftwareSourceCode",
        "ComputationalWorkflow"
      ],
      "author": [
        {
          "@id": "#fe5ed314-d8e2-4e0e-926c-4b3a0fa47443"
        },
        {
          "@id": "#240bccdf-cbe8-4c90-89ef-809b66ebd26d"
        },
        {
          "@id": "#b6e09a30-4a7a-4463-8bc8-750abfb46ff7"
        },
        {
          "@id": "#15f4ee2f-b334-4e17-be29-8152a3d20970"
        }
      ],
      "license": {
        "@id": "https://spdx.org/licenses/GPL-3.0-or-later"
      },
      "name": "Genome Assembly using PacBio data",
      "version": 4,
      "programmingLanguage": {
        "@id": "https://w3id.org/workflowhub/workflow-ro-crate#galaxy"
      }
    },
    {
      "@id": "https://spdx.org/licenses/GPL-3.0-or-later",
      "@type": "CreativeWork",
      "name": "GPL-3.0-or-later"
    },
    {
      "@id": "https://w3id.org/workflowhub/workflow-ro-crate#galaxy",
      "@type": "ComputerLanguage",
      "identifier": {
        "@id": "https://galaxyproject.org/"
      },
      "name": "Galaxy",
      "url": {
        "@id": "https://galaxyproject.org/"
      },
      "version": "23.1"
    },
    {
      "@id": "#fe5ed314-d8e2-4e0e-926c-4b3a0fa47443",
      "@type": "Person",
      "name": "Erwan Corre"
    },
    {
      "@id": "#240bccdf-cbe8-4c90-89ef-809b66ebd26d",
      "@type": "Person",
      "name": "Stéphanie Robin"
    },
    {
      "@id": "#b6e09a30-4a7a-4463-8bc8-750abfb46ff7",
      "@type": "Person",
      "name": "Anthony Bretaudeau"
    },
    {
      "@id": "#15f4ee2f-b334-4e17-be29-8152a3d20970",
      "@type": "Person",
      "name": "Alexandre Cormier"
    }
  ]
}