{
  "@context": "https://w3id.org/ro/crate/1.1/context",
  "@graph": [
    {
      "@id": "ro-crate-metadata.json",
      "@type": "CreativeWork",
      "about": {
        "@id": "./"
      },
      "conformsTo": [
        {
          "@id": "https://w3id.org/ro/crate/1.1"
        },
        {
          "@id": "https://about.workflowhub.eu/Workflow-RO-Crate/"
        }
      ]
    },
    {
      "@id": "./",
      "@type": "Dataset",
      "datePublished": "2024-01-02T00:32:05.537+00:00",
      "mainEntity": {
        "@id": "main_workflow.ga"
      }
    },
    {
      "@id": "main_workflow.ga",
      "@type": [
        "File",
        "SoftwareSourceCode",
        "ComputationalWorkflow"
      ],
      "author": [
        {
          "@id": "#d0321246-5f02-4410-ad5c-4a800abc8b42"
        },
        {
          "@id": "#91a5fff8-989d-4eeb-8181-f7d73308ef4e"
        },
        {
          "@id": "#4220bfb2-d7c7-4d4d-9716-55e36dc9a7c0"
        },
        {
          "@id": "#ee665dd4-1056-4801-aa15-7376933b0120"
        }
      ],
      "license": {
        "@id": "https://spdx.org/licenses/GPL-3.0-or-later"
      },
      "name": "Genome Assembly using PacBio data",
      "version": 4,
      "programmingLanguage": {
        "@id": "https://w3id.org/workflowhub/workflow-ro-crate#galaxy"
      }
    },
    {
      "@id": "https://spdx.org/licenses/GPL-3.0-or-later",
      "@type": "CreativeWork",
      "name": "GPL-3.0-or-later"
    },
    {
      "@id": "https://w3id.org/workflowhub/workflow-ro-crate#galaxy",
      "@type": "ComputerLanguage",
      "identifier": {
        "@id": "https://galaxyproject.org/"
      },
      "name": "Galaxy",
      "url": {
        "@id": "https://galaxyproject.org/"
      },
      "version": "23.1"
    },
    {
      "@id": "#d0321246-5f02-4410-ad5c-4a800abc8b42",
      "@type": "Person",
      "name": "Erwan Corre"
    },
    {
      "@id": "#91a5fff8-989d-4eeb-8181-f7d73308ef4e",
      "@type": "Person",
      "name": "Stéphanie Robin"
    },
    {
      "@id": "#4220bfb2-d7c7-4d4d-9716-55e36dc9a7c0",
      "@type": "Person",
      "name": "Anthony Bretaudeau"
    },
    {
      "@id": "#ee665dd4-1056-4801-aa15-7376933b0120",
      "@type": "Person",
      "name": "Alexandre Cormier"
    }
  ]
}