{
  "@context": "https://w3id.org/ro/crate/1.1/context",
  "@graph": [
    {
      "@id": "ro-crate-metadata.json",
      "@type": "CreativeWork",
      "about": {
        "@id": "./"
      },
      "conformsTo": [
        {
          "@id": "https://w3id.org/ro/crate/1.1"
        },
        {
          "@id": "https://about.workflowhub.eu/Workflow-RO-Crate/"
        }
      ]
    },
    {
      "@id": "./",
      "@type": "Dataset",
      "datePublished": "2024-01-08T00:34:21.075+00:00",
      "mainEntity": {
        "@id": "main_workflow.ga"
      }
    },
    {
      "@id": "main_workflow.ga",
      "@type": [
        "File",
        "SoftwareSourceCode",
        "ComputationalWorkflow"
      ],
      "author": [
        {
          "@id": "#18189815-eeaf-491a-936f-4482f864100d"
        },
        {
          "@id": "#fa4fa34b-8043-45ae-86d0-36b232012c68"
        },
        {
          "@id": "#0141f345-aeab-4be6-aa2c-b5a3a73a6bb6"
        },
        {
          "@id": "#ffa6f520-7b3c-4eac-8a10-f697f4e8fef0"
        }
      ],
      "license": {
        "@id": "https://spdx.org/licenses/GPL-3.0-or-later"
      },
      "name": "Genome Assembly using PacBio data",
      "version": 4,
      "programmingLanguage": {
        "@id": "https://w3id.org/workflowhub/workflow-ro-crate#galaxy"
      }
    },
    {
      "@id": "https://spdx.org/licenses/GPL-3.0-or-later",
      "@type": "CreativeWork",
      "name": "GPL-3.0-or-later"
    },
    {
      "@id": "https://w3id.org/workflowhub/workflow-ro-crate#galaxy",
      "@type": "ComputerLanguage",
      "identifier": {
        "@id": "https://galaxyproject.org/"
      },
      "name": "Galaxy",
      "url": {
        "@id": "https://galaxyproject.org/"
      },
      "version": "23.1"
    },
    {
      "@id": "#18189815-eeaf-491a-936f-4482f864100d",
      "@type": "Person",
      "name": "Erwan Corre"
    },
    {
      "@id": "#fa4fa34b-8043-45ae-86d0-36b232012c68",
      "@type": "Person",
      "name": "Stéphanie Robin"
    },
    {
      "@id": "#0141f345-aeab-4be6-aa2c-b5a3a73a6bb6",
      "@type": "Person",
      "name": "Anthony Bretaudeau"
    },
    {
      "@id": "#ffa6f520-7b3c-4eac-8a10-f697f4e8fef0",
      "@type": "Person",
      "name": "Alexandre Cormier"
    }
  ]
}