{
  "@context": "https://w3id.org/ro/crate/1.1/context",
  "@graph": [
    {
      "@id": "ro-crate-metadata.json",
      "@type": "CreativeWork",
      "about": {
        "@id": "./"
      },
      "conformsTo": [
        {
          "@id": "https://w3id.org/ro/crate/1.1"
        },
        {
          "@id": "https://about.workflowhub.eu/Workflow-RO-Crate/"
        }
      ]
    },
    {
      "@id": "./",
      "@type": "Dataset",
      "datePublished": "2024-03-28T00:31:53.295+00:00",
      "mainEntity": {
        "@id": "main_workflow.ga"
      }
    },
    {
      "@id": "main_workflow.ga",
      "@type": [
        "File",
        "SoftwareSourceCode",
        "ComputationalWorkflow"
      ],
      "author": [
        {
          "@id": "#2dbdc189-69dc-446d-92fe-8557c4eddb2b"
        },
        {
          "@id": "#8ab37685-b27a-4ef4-938c-133920027993"
        },
        {
          "@id": "#acb03c1f-277f-4fe6-90ce-fec1912216a4"
        },
        {
          "@id": "#8548b576-9fd9-4159-a3df-8ba4583924ca"
        }
      ],
      "license": {
        "@id": "https://spdx.org/licenses/GPL-3.0-or-later"
      },
      "name": "Genome Assembly using PacBio data",
      "version": 4,
      "programmingLanguage": {
        "@id": "https://w3id.org/workflowhub/workflow-ro-crate#galaxy"
      }
    },
    {
      "@id": "https://spdx.org/licenses/GPL-3.0-or-later",
      "@type": "CreativeWork",
      "name": "GPL-3.0-or-later"
    },
    {
      "@id": "https://w3id.org/workflowhub/workflow-ro-crate#galaxy",
      "@type": "ComputerLanguage",
      "identifier": {
        "@id": "https://galaxyproject.org/"
      },
      "name": "Galaxy",
      "url": {
        "@id": "https://galaxyproject.org/"
      },
      "version": "23.1"
    },
    {
      "@id": "#2dbdc189-69dc-446d-92fe-8557c4eddb2b",
      "@type": "Person",
      "name": "Erwan Corre"
    },
    {
      "@id": "#8ab37685-b27a-4ef4-938c-133920027993",
      "@type": "Person",
      "name": "Stéphanie Robin"
    },
    {
      "@id": "#acb03c1f-277f-4fe6-90ce-fec1912216a4",
      "@type": "Person",
      "name": "Anthony Bretaudeau"
    },
    {
      "@id": "#8548b576-9fd9-4159-a3df-8ba4583924ca",
      "@type": "Person",
      "name": "Alexandre Cormier"
    }
  ]
}