{
  "@context": "https://w3id.org/ro/crate/1.1/context",
  "@graph": [
    {
      "@id": "ro-crate-metadata.json",
      "@type": "CreativeWork",
      "about": {
        "@id": "./"
      },
      "conformsTo": [
        {
          "@id": "https://w3id.org/ro/crate/1.1"
        },
        {
          "@id": "https://about.workflowhub.eu/Workflow-RO-Crate/"
        }
      ]
    },
    {
      "@id": "./",
      "@type": "Dataset",
      "datePublished": "2023-12-22T00:32:20.720+00:00",
      "mainEntity": {
        "@id": "main_workflow.ga"
      }
    },
    {
      "@id": "main_workflow.ga",
      "@type": [
        "File",
        "SoftwareSourceCode",
        "ComputationalWorkflow"
      ],
      "author": [
        {
          "@id": "#3c16061d-b560-4bfa-915e-4353302f7ceb"
        },
        {
          "@id": "#df3b31e1-aad1-4de8-8790-ab2140c47b80"
        },
        {
          "@id": "#af9d0c0b-0dce-47b3-85d5-2043456cff48"
        },
        {
          "@id": "#76566a9d-5715-4cf3-b554-6c2b6120e6b0"
        }
      ],
      "license": {
        "@id": "https://spdx.org/licenses/GPL-3.0-or-later"
      },
      "name": "Genome Assembly using PacBio data",
      "version": 4,
      "programmingLanguage": {
        "@id": "https://w3id.org/workflowhub/workflow-ro-crate#galaxy"
      }
    },
    {
      "@id": "https://spdx.org/licenses/GPL-3.0-or-later",
      "@type": "CreativeWork",
      "name": "GPL-3.0-or-later"
    },
    {
      "@id": "https://w3id.org/workflowhub/workflow-ro-crate#galaxy",
      "@type": "ComputerLanguage",
      "identifier": {
        "@id": "https://galaxyproject.org/"
      },
      "name": "Galaxy",
      "url": {
        "@id": "https://galaxyproject.org/"
      },
      "version": "23.1"
    },
    {
      "@id": "#3c16061d-b560-4bfa-915e-4353302f7ceb",
      "@type": "Person",
      "name": "Erwan Corre"
    },
    {
      "@id": "#df3b31e1-aad1-4de8-8790-ab2140c47b80",
      "@type": "Person",
      "name": "Stéphanie Robin"
    },
    {
      "@id": "#af9d0c0b-0dce-47b3-85d5-2043456cff48",
      "@type": "Person",
      "name": "Anthony Bretaudeau"
    },
    {
      "@id": "#76566a9d-5715-4cf3-b554-6c2b6120e6b0",
      "@type": "Person",
      "name": "Alexandre Cormier"
    }
  ]
}