{
  "@context": "https://w3id.org/ro/crate/1.1/context",
  "@graph": [
    {
      "@id": "ro-crate-metadata.json",
      "@type": "CreativeWork",
      "about": {
        "@id": "./"
      },
      "conformsTo": [
        {
          "@id": "https://w3id.org/ro/crate/1.1"
        },
        {
          "@id": "https://about.workflowhub.eu/Workflow-RO-Crate/"
        }
      ]
    },
    {
      "@id": "./",
      "@type": "Dataset",
      "datePublished": "2024-05-22T00:34:27.404+00:00",
      "mainEntity": {
        "@id": "main_workflow.ga"
      }
    },
    {
      "@id": "main_workflow.ga",
      "@type": [
        "File",
        "SoftwareSourceCode",
        "ComputationalWorkflow"
      ],
      "author": [
        {
          "@id": "#c0d6e6c3-397f-4b1f-b16f-14de8f4c39e2"
        },
        {
          "@id": "#13b418dc-d08f-4240-b78f-edcaa40cbbf2"
        },
        {
          "@id": "#0e1d426a-aadc-45bd-a634-eee780ca3d3b"
        },
        {
          "@id": "#ecf15a05-6d1f-4445-8fc7-77e6e5493d6a"
        }
      ],
      "license": {
        "@id": "https://spdx.org/licenses/GPL-3.0-or-later"
      },
      "name": "Genome Assembly using PacBio data",
      "version": 4,
      "programmingLanguage": {
        "@id": "https://w3id.org/workflowhub/workflow-ro-crate#galaxy"
      }
    },
    {
      "@id": "https://spdx.org/licenses/GPL-3.0-or-later",
      "@type": "CreativeWork",
      "name": "GPL-3.0-or-later"
    },
    {
      "@id": "https://w3id.org/workflowhub/workflow-ro-crate#galaxy",
      "@type": "ComputerLanguage",
      "identifier": {
        "@id": "https://galaxyproject.org/"
      },
      "name": "Galaxy",
      "url": {
        "@id": "https://galaxyproject.org/"
      },
      "version": "23.1"
    },
    {
      "@id": "#c0d6e6c3-397f-4b1f-b16f-14de8f4c39e2",
      "@type": "Person",
      "name": "Erwan Corre"
    },
    {
      "@id": "#13b418dc-d08f-4240-b78f-edcaa40cbbf2",
      "@type": "Person",
      "name": "Stéphanie Robin"
    },
    {
      "@id": "#0e1d426a-aadc-45bd-a634-eee780ca3d3b",
      "@type": "Person",
      "name": "Anthony Bretaudeau"
    },
    {
      "@id": "#ecf15a05-6d1f-4445-8fc7-77e6e5493d6a",
      "@type": "Person",
      "name": "Alexandre Cormier"
    }
  ]
}