{
  "@context": "https://w3id.org/ro/crate/1.1/context",
  "@graph": [
    {
      "@id": "ro-crate-metadata.json",
      "@type": "CreativeWork",
      "about": {
        "@id": "./"
      },
      "conformsTo": [
        {
          "@id": "https://w3id.org/ro/crate/1.1"
        },
        {
          "@id": "https://about.workflowhub.eu/Workflow-RO-Crate/"
        }
      ]
    },
    {
      "@id": "./",
      "@type": "Dataset",
      "datePublished": "2024-05-15T00:34:10.519+00:00",
      "mainEntity": {
        "@id": "main_workflow.ga"
      }
    },
    {
      "@id": "main_workflow.ga",
      "@type": [
        "File",
        "SoftwareSourceCode",
        "ComputationalWorkflow"
      ],
      "author": [
        {
          "@id": "#02002fa1-9da3-4f18-8f99-d4738a82cd3c"
        },
        {
          "@id": "#96df8c9f-8f23-47aa-bb56-c027b92ab5b5"
        },
        {
          "@id": "#6a62ea84-746a-44aa-9e9b-606643f1b1db"
        },
        {
          "@id": "#b0221144-b9a8-467f-92fa-a6cda3b51298"
        }
      ],
      "license": {
        "@id": "https://spdx.org/licenses/GPL-3.0-or-later"
      },
      "name": "Genome Assembly using PacBio data",
      "version": 4,
      "programmingLanguage": {
        "@id": "https://w3id.org/workflowhub/workflow-ro-crate#galaxy"
      }
    },
    {
      "@id": "https://spdx.org/licenses/GPL-3.0-or-later",
      "@type": "CreativeWork",
      "name": "GPL-3.0-or-later"
    },
    {
      "@id": "https://w3id.org/workflowhub/workflow-ro-crate#galaxy",
      "@type": "ComputerLanguage",
      "identifier": {
        "@id": "https://galaxyproject.org/"
      },
      "name": "Galaxy",
      "url": {
        "@id": "https://galaxyproject.org/"
      },
      "version": "23.1"
    },
    {
      "@id": "#02002fa1-9da3-4f18-8f99-d4738a82cd3c",
      "@type": "Person",
      "name": "Erwan Corre"
    },
    {
      "@id": "#96df8c9f-8f23-47aa-bb56-c027b92ab5b5",
      "@type": "Person",
      "name": "Stéphanie Robin"
    },
    {
      "@id": "#6a62ea84-746a-44aa-9e9b-606643f1b1db",
      "@type": "Person",
      "name": "Anthony Bretaudeau"
    },
    {
      "@id": "#b0221144-b9a8-467f-92fa-a6cda3b51298",
      "@type": "Person",
      "name": "Alexandre Cormier"
    }
  ]
}