{
  "@context": "https://w3id.org/ro/crate/1.1/context",
  "@graph": [
    {
      "@id": "ro-crate-metadata.json",
      "@type": "CreativeWork",
      "about": {
        "@id": "./"
      },
      "conformsTo": [
        {
          "@id": "https://w3id.org/ro/crate/1.1"
        },
        {
          "@id": "https://about.workflowhub.eu/Workflow-RO-Crate/"
        }
      ]
    },
    {
      "@id": "./",
      "@type": "Dataset",
      "datePublished": "2024-05-01T00:36:09.407+00:00",
      "mainEntity": {
        "@id": "main_workflow.ga"
      }
    },
    {
      "@id": "main_workflow.ga",
      "@type": [
        "File",
        "SoftwareSourceCode",
        "ComputationalWorkflow"
      ],
      "author": [
        {
          "@id": "#3339558f-910f-433c-8074-4b357855d215"
        },
        {
          "@id": "#341d825e-1749-491d-816d-e780ac158150"
        },
        {
          "@id": "#d0645457-8658-4686-983c-022fa3714172"
        },
        {
          "@id": "#28e9f031-f42c-43a6-88eb-3e7aaf969cce"
        }
      ],
      "license": {
        "@id": "https://spdx.org/licenses/GPL-3.0-or-later"
      },
      "name": "Genome Assembly using PacBio data",
      "version": 4,
      "programmingLanguage": {
        "@id": "https://w3id.org/workflowhub/workflow-ro-crate#galaxy"
      }
    },
    {
      "@id": "https://spdx.org/licenses/GPL-3.0-or-later",
      "@type": "CreativeWork",
      "name": "GPL-3.0-or-later"
    },
    {
      "@id": "https://w3id.org/workflowhub/workflow-ro-crate#galaxy",
      "@type": "ComputerLanguage",
      "identifier": {
        "@id": "https://galaxyproject.org/"
      },
      "name": "Galaxy",
      "url": {
        "@id": "https://galaxyproject.org/"
      },
      "version": "23.1"
    },
    {
      "@id": "#3339558f-910f-433c-8074-4b357855d215",
      "@type": "Person",
      "name": "Erwan Corre"
    },
    {
      "@id": "#341d825e-1749-491d-816d-e780ac158150",
      "@type": "Person",
      "name": "Stéphanie Robin"
    },
    {
      "@id": "#d0645457-8658-4686-983c-022fa3714172",
      "@type": "Person",
      "name": "Anthony Bretaudeau"
    },
    {
      "@id": "#28e9f031-f42c-43a6-88eb-3e7aaf969cce",
      "@type": "Person",
      "name": "Alexandre Cormier"
    }
  ]
}