{
  "@context": "https://w3id.org/ro/crate/1.1/context",
  "@graph": [
    {
      "@id": "ro-crate-metadata.json",
      "@type": "CreativeWork",
      "about": {
        "@id": "./"
      },
      "conformsTo": [
        {
          "@id": "https://w3id.org/ro/crate/1.1"
        },
        {
          "@id": "https://about.workflowhub.eu/Workflow-RO-Crate/"
        }
      ]
    },
    {
      "@id": "./",
      "@type": "Dataset",
      "datePublished": "2024-01-17T00:33:55.257+00:00",
      "mainEntity": {
        "@id": "main_workflow.ga"
      }
    },
    {
      "@id": "main_workflow.ga",
      "@type": [
        "File",
        "SoftwareSourceCode",
        "ComputationalWorkflow"
      ],
      "author": [
        {
          "@id": "#dfdc53f3-736a-4a0f-81c9-9ec391f84124"
        },
        {
          "@id": "#9dd82681-2de0-4506-8492-7941f010121e"
        },
        {
          "@id": "#02d84ea3-9d99-44fc-af7a-f847bcfaf47e"
        },
        {
          "@id": "#69f0b5f5-8736-4ced-8036-22c88d8d8c2b"
        }
      ],
      "license": {
        "@id": "https://spdx.org/licenses/GPL-3.0-or-later"
      },
      "name": "Genome Assembly using PacBio data",
      "version": 4,
      "programmingLanguage": {
        "@id": "https://w3id.org/workflowhub/workflow-ro-crate#galaxy"
      }
    },
    {
      "@id": "https://spdx.org/licenses/GPL-3.0-or-later",
      "@type": "CreativeWork",
      "name": "GPL-3.0-or-later"
    },
    {
      "@id": "https://w3id.org/workflowhub/workflow-ro-crate#galaxy",
      "@type": "ComputerLanguage",
      "identifier": {
        "@id": "https://galaxyproject.org/"
      },
      "name": "Galaxy",
      "url": {
        "@id": "https://galaxyproject.org/"
      },
      "version": "23.1"
    },
    {
      "@id": "#dfdc53f3-736a-4a0f-81c9-9ec391f84124",
      "@type": "Person",
      "name": "Erwan Corre"
    },
    {
      "@id": "#9dd82681-2de0-4506-8492-7941f010121e",
      "@type": "Person",
      "name": "Stéphanie Robin"
    },
    {
      "@id": "#02d84ea3-9d99-44fc-af7a-f847bcfaf47e",
      "@type": "Person",
      "name": "Anthony Bretaudeau"
    },
    {
      "@id": "#69f0b5f5-8736-4ced-8036-22c88d8d8c2b",
      "@type": "Person",
      "name": "Alexandre Cormier"
    }
  ]
}