{
  "@context": "https://w3id.org/ro/crate/1.1/context",
  "@graph": [
    {
      "@id": "ro-crate-metadata.json",
      "@type": "CreativeWork",
      "about": {
        "@id": "./"
      },
      "conformsTo": [
        {
          "@id": "https://w3id.org/ro/crate/1.1"
        },
        {
          "@id": "https://about.workflowhub.eu/Workflow-RO-Crate/"
        }
      ]
    },
    {
      "@id": "./",
      "@type": "Dataset",
      "datePublished": "2024-05-05T00:36:10.149+00:00",
      "mainEntity": {
        "@id": "main_workflow.ga"
      }
    },
    {
      "@id": "main_workflow.ga",
      "@type": [
        "File",
        "SoftwareSourceCode",
        "ComputationalWorkflow"
      ],
      "author": [
        {
          "@id": "#c0fbacb3-60d7-4fc7-a731-0d550e69fb32"
        },
        {
          "@id": "#adfe9cc3-6deb-4a4c-a175-e38c0d9e833e"
        },
        {
          "@id": "#4c01d046-c697-4feb-9e53-2b0bf11f2459"
        },
        {
          "@id": "#971f0685-9911-4f0d-946d-733aa4455539"
        }
      ],
      "license": {
        "@id": "https://spdx.org/licenses/GPL-3.0-or-later"
      },
      "name": "Genome Assembly using PacBio data",
      "version": 4,
      "programmingLanguage": {
        "@id": "https://w3id.org/workflowhub/workflow-ro-crate#galaxy"
      }
    },
    {
      "@id": "https://spdx.org/licenses/GPL-3.0-or-later",
      "@type": "CreativeWork",
      "name": "GPL-3.0-or-later"
    },
    {
      "@id": "https://w3id.org/workflowhub/workflow-ro-crate#galaxy",
      "@type": "ComputerLanguage",
      "identifier": {
        "@id": "https://galaxyproject.org/"
      },
      "name": "Galaxy",
      "url": {
        "@id": "https://galaxyproject.org/"
      },
      "version": "23.1"
    },
    {
      "@id": "#c0fbacb3-60d7-4fc7-a731-0d550e69fb32",
      "@type": "Person",
      "name": "Erwan Corre"
    },
    {
      "@id": "#adfe9cc3-6deb-4a4c-a175-e38c0d9e833e",
      "@type": "Person",
      "name": "Stéphanie Robin"
    },
    {
      "@id": "#4c01d046-c697-4feb-9e53-2b0bf11f2459",
      "@type": "Person",
      "name": "Anthony Bretaudeau"
    },
    {
      "@id": "#971f0685-9911-4f0d-946d-733aa4455539",
      "@type": "Person",
      "name": "Alexandre Cormier"
    }
  ]
}