{
  "@context": "https://w3id.org/ro/crate/1.1/context",
  "@graph": [
    {
      "@id": "ro-crate-metadata.json",
      "@type": "CreativeWork",
      "about": {
        "@id": "./"
      },
      "conformsTo": [
        {
          "@id": "https://w3id.org/ro/crate/1.1"
        },
        {
          "@id": "https://about.workflowhub.eu/Workflow-RO-Crate/"
        }
      ]
    },
    {
      "@id": "./",
      "@type": "Dataset",
      "datePublished": "2024-02-29T00:31:23.296+00:00",
      "mainEntity": {
        "@id": "main_workflow.ga"
      }
    },
    {
      "@id": "main_workflow.ga",
      "@type": [
        "File",
        "SoftwareSourceCode",
        "ComputationalWorkflow"
      ],
      "author": [
        {
          "@id": "#452aeebc-36e5-46a6-9ac7-2a77c059e8ba"
        },
        {
          "@id": "#9b55c775-7751-4864-9bdc-42e05556cfa4"
        },
        {
          "@id": "#4717df1c-65d0-42f5-933a-a7cdaad5aed6"
        },
        {
          "@id": "#823ac6bd-5fbb-4aa0-ab99-1e40fc07dcda"
        }
      ],
      "license": {
        "@id": "https://spdx.org/licenses/GPL-3.0-or-later"
      },
      "name": "Genome Assembly using PacBio data",
      "version": 4,
      "programmingLanguage": {
        "@id": "https://w3id.org/workflowhub/workflow-ro-crate#galaxy"
      }
    },
    {
      "@id": "https://spdx.org/licenses/GPL-3.0-or-later",
      "@type": "CreativeWork",
      "name": "GPL-3.0-or-later"
    },
    {
      "@id": "https://w3id.org/workflowhub/workflow-ro-crate#galaxy",
      "@type": "ComputerLanguage",
      "identifier": {
        "@id": "https://galaxyproject.org/"
      },
      "name": "Galaxy",
      "url": {
        "@id": "https://galaxyproject.org/"
      },
      "version": "23.1"
    },
    {
      "@id": "#452aeebc-36e5-46a6-9ac7-2a77c059e8ba",
      "@type": "Person",
      "name": "Erwan Corre"
    },
    {
      "@id": "#9b55c775-7751-4864-9bdc-42e05556cfa4",
      "@type": "Person",
      "name": "Stéphanie Robin"
    },
    {
      "@id": "#4717df1c-65d0-42f5-933a-a7cdaad5aed6",
      "@type": "Person",
      "name": "Anthony Bretaudeau"
    },
    {
      "@id": "#823ac6bd-5fbb-4aa0-ab99-1e40fc07dcda",
      "@type": "Person",
      "name": "Alexandre Cormier"
    }
  ]
}