{
  "@context": "https://w3id.org/ro/crate/1.1/context",
  "@graph": [
    {
      "@id": "ro-crate-metadata.json",
      "@type": "CreativeWork",
      "about": {
        "@id": "./"
      },
      "conformsTo": [
        {
          "@id": "https://w3id.org/ro/crate/1.1"
        },
        {
          "@id": "https://about.workflowhub.eu/Workflow-RO-Crate/"
        }
      ]
    },
    {
      "@id": "./",
      "@type": "Dataset",
      "datePublished": "2024-05-17T00:34:24.787+00:00",
      "mainEntity": {
        "@id": "main_workflow.ga"
      }
    },
    {
      "@id": "main_workflow.ga",
      "@type": [
        "File",
        "SoftwareSourceCode",
        "ComputationalWorkflow"
      ],
      "author": [
        {
          "@id": "#51795641-abd4-4abc-9c1f-cdd9c4accd41"
        },
        {
          "@id": "#c4bfef65-22b7-4e24-9cf1-249ea06c68c4"
        },
        {
          "@id": "#c748e21e-ef7e-4336-b359-8eb85b8d84ff"
        },
        {
          "@id": "#312b2d6e-0379-4ee0-8a25-a7db182dde56"
        }
      ],
      "license": {
        "@id": "https://spdx.org/licenses/GPL-3.0-or-later"
      },
      "name": "Genome Assembly using PacBio data",
      "version": 4,
      "programmingLanguage": {
        "@id": "https://w3id.org/workflowhub/workflow-ro-crate#galaxy"
      }
    },
    {
      "@id": "https://spdx.org/licenses/GPL-3.0-or-later",
      "@type": "CreativeWork",
      "name": "GPL-3.0-or-later"
    },
    {
      "@id": "https://w3id.org/workflowhub/workflow-ro-crate#galaxy",
      "@type": "ComputerLanguage",
      "identifier": {
        "@id": "https://galaxyproject.org/"
      },
      "name": "Galaxy",
      "url": {
        "@id": "https://galaxyproject.org/"
      },
      "version": "23.1"
    },
    {
      "@id": "#51795641-abd4-4abc-9c1f-cdd9c4accd41",
      "@type": "Person",
      "name": "Erwan Corre"
    },
    {
      "@id": "#c4bfef65-22b7-4e24-9cf1-249ea06c68c4",
      "@type": "Person",
      "name": "Stéphanie Robin"
    },
    {
      "@id": "#c748e21e-ef7e-4336-b359-8eb85b8d84ff",
      "@type": "Person",
      "name": "Anthony Bretaudeau"
    },
    {
      "@id": "#312b2d6e-0379-4ee0-8a25-a7db182dde56",
      "@type": "Person",
      "name": "Alexandre Cormier"
    }
  ]
}