{
  "@context": "https://w3id.org/ro/crate/1.1/context",
  "@graph": [
    {
      "@id": "ro-crate-metadata.json",
      "@type": "CreativeWork",
      "about": {
        "@id": "./"
      },
      "conformsTo": [
        {
          "@id": "https://w3id.org/ro/crate/1.1"
        },
        {
          "@id": "https://about.workflowhub.eu/Workflow-RO-Crate/"
        }
      ]
    },
    {
      "@id": "./",
      "@type": "Dataset",
      "datePublished": "2024-04-25T00:35:41.263+00:00",
      "mainEntity": {
        "@id": "main_workflow.ga"
      }
    },
    {
      "@id": "main_workflow.ga",
      "@type": [
        "File",
        "SoftwareSourceCode",
        "ComputationalWorkflow"
      ],
      "author": [
        {
          "@id": "#51824926-a62a-45dc-9e37-421b595bedfb"
        },
        {
          "@id": "#11184006-54eb-43e8-bb7b-5ca866f62c56"
        },
        {
          "@id": "#71f0a55b-f24f-47f6-9620-b506ef5f0233"
        },
        {
          "@id": "#8d449d18-9512-48d5-a522-a654d8f8dca5"
        }
      ],
      "license": {
        "@id": "https://spdx.org/licenses/GPL-3.0-or-later"
      },
      "name": "Genome Assembly using PacBio data",
      "version": 4,
      "programmingLanguage": {
        "@id": "https://w3id.org/workflowhub/workflow-ro-crate#galaxy"
      }
    },
    {
      "@id": "https://spdx.org/licenses/GPL-3.0-or-later",
      "@type": "CreativeWork",
      "name": "GPL-3.0-or-later"
    },
    {
      "@id": "https://w3id.org/workflowhub/workflow-ro-crate#galaxy",
      "@type": "ComputerLanguage",
      "identifier": {
        "@id": "https://galaxyproject.org/"
      },
      "name": "Galaxy",
      "url": {
        "@id": "https://galaxyproject.org/"
      },
      "version": "23.1"
    },
    {
      "@id": "#51824926-a62a-45dc-9e37-421b595bedfb",
      "@type": "Person",
      "name": "Erwan Corre"
    },
    {
      "@id": "#11184006-54eb-43e8-bb7b-5ca866f62c56",
      "@type": "Person",
      "name": "Stéphanie Robin"
    },
    {
      "@id": "#71f0a55b-f24f-47f6-9620-b506ef5f0233",
      "@type": "Person",
      "name": "Anthony Bretaudeau"
    },
    {
      "@id": "#8d449d18-9512-48d5-a522-a654d8f8dca5",
      "@type": "Person",
      "name": "Alexandre Cormier"
    }
  ]
}