{
  "@context": "https://w3id.org/ro/crate/1.1/context",
  "@graph": [
    {
      "@id": "ro-crate-metadata.json",
      "@type": "CreativeWork",
      "about": {
        "@id": "./"
      },
      "conformsTo": [
        {
          "@id": "https://w3id.org/ro/crate/1.1"
        },
        {
          "@id": "https://about.workflowhub.eu/Workflow-RO-Crate/"
        }
      ]
    },
    {
      "@id": "./",
      "@type": "Dataset",
      "datePublished": "2024-01-14T00:36:43.670+00:00",
      "mainEntity": {
        "@id": "main_workflow.ga"
      }
    },
    {
      "@id": "main_workflow.ga",
      "@type": [
        "File",
        "SoftwareSourceCode",
        "ComputationalWorkflow"
      ],
      "author": [
        {
          "@id": "#e4af71a5-8418-4c6e-bae3-db934eef0b25"
        },
        {
          "@id": "#95b2e66f-024a-4bf0-bf00-8c0d6d85dc4d"
        },
        {
          "@id": "#1c057552-01d0-44e5-b404-62aefb9e318b"
        },
        {
          "@id": "#1d8496bf-e6c2-45c3-acb6-0bb9cf9f0f61"
        }
      ],
      "license": {
        "@id": "https://spdx.org/licenses/GPL-3.0-or-later"
      },
      "name": "Genome Assembly using PacBio data",
      "version": 4,
      "programmingLanguage": {
        "@id": "https://w3id.org/workflowhub/workflow-ro-crate#galaxy"
      }
    },
    {
      "@id": "https://spdx.org/licenses/GPL-3.0-or-later",
      "@type": "CreativeWork",
      "name": "GPL-3.0-or-later"
    },
    {
      "@id": "https://w3id.org/workflowhub/workflow-ro-crate#galaxy",
      "@type": "ComputerLanguage",
      "identifier": {
        "@id": "https://galaxyproject.org/"
      },
      "name": "Galaxy",
      "url": {
        "@id": "https://galaxyproject.org/"
      },
      "version": "23.1"
    },
    {
      "@id": "#e4af71a5-8418-4c6e-bae3-db934eef0b25",
      "@type": "Person",
      "name": "Erwan Corre"
    },
    {
      "@id": "#95b2e66f-024a-4bf0-bf00-8c0d6d85dc4d",
      "@type": "Person",
      "name": "Stéphanie Robin"
    },
    {
      "@id": "#1c057552-01d0-44e5-b404-62aefb9e318b",
      "@type": "Person",
      "name": "Anthony Bretaudeau"
    },
    {
      "@id": "#1d8496bf-e6c2-45c3-acb6-0bb9cf9f0f61",
      "@type": "Person",
      "name": "Alexandre Cormier"
    }
  ]
}