{
  "@context": "https://w3id.org/ro/crate/1.1/context",
  "@graph": [
    {
      "@id": "ro-crate-metadata.json",
      "@type": "CreativeWork",
      "about": {
        "@id": "./"
      },
      "conformsTo": [
        {
          "@id": "https://w3id.org/ro/crate/1.1"
        },
        {
          "@id": "https://about.workflowhub.eu/Workflow-RO-Crate/"
        }
      ]
    },
    {
      "@id": "./",
      "@type": "Dataset",
      "datePublished": "2024-05-13T00:35:38.865+00:00",
      "mainEntity": {
        "@id": "main_workflow.ga"
      }
    },
    {
      "@id": "main_workflow.ga",
      "@type": [
        "File",
        "SoftwareSourceCode",
        "ComputationalWorkflow"
      ],
      "author": [
        {
          "@id": "#51bdbc05-7c87-4e73-bd13-516b39cc4b7d"
        },
        {
          "@id": "#e3fc43cf-a6a8-4966-84c6-eed72a4b0eb5"
        },
        {
          "@id": "#916806f2-68c1-4f97-9f7c-0685b88e847f"
        },
        {
          "@id": "#42dce75d-6641-4ccf-947d-b31d5c3ae937"
        }
      ],
      "license": {
        "@id": "https://spdx.org/licenses/GPL-3.0-or-later"
      },
      "name": "Genome Assembly using PacBio data",
      "version": 4,
      "programmingLanguage": {
        "@id": "https://w3id.org/workflowhub/workflow-ro-crate#galaxy"
      }
    },
    {
      "@id": "https://spdx.org/licenses/GPL-3.0-or-later",
      "@type": "CreativeWork",
      "name": "GPL-3.0-or-later"
    },
    {
      "@id": "https://w3id.org/workflowhub/workflow-ro-crate#galaxy",
      "@type": "ComputerLanguage",
      "identifier": {
        "@id": "https://galaxyproject.org/"
      },
      "name": "Galaxy",
      "url": {
        "@id": "https://galaxyproject.org/"
      },
      "version": "23.1"
    },
    {
      "@id": "#51bdbc05-7c87-4e73-bd13-516b39cc4b7d",
      "@type": "Person",
      "name": "Erwan Corre"
    },
    {
      "@id": "#e3fc43cf-a6a8-4966-84c6-eed72a4b0eb5",
      "@type": "Person",
      "name": "Stéphanie Robin"
    },
    {
      "@id": "#916806f2-68c1-4f97-9f7c-0685b88e847f",
      "@type": "Person",
      "name": "Anthony Bretaudeau"
    },
    {
      "@id": "#42dce75d-6641-4ccf-947d-b31d5c3ae937",
      "@type": "Person",
      "name": "Alexandre Cormier"
    }
  ]
}