{
  "@context": "https://w3id.org/ro/crate/1.1/context",
  "@graph": [
    {
      "@id": "ro-crate-metadata.json",
      "@type": "CreativeWork",
      "about": {
        "@id": "./"
      },
      "conformsTo": [
        {
          "@id": "https://w3id.org/ro/crate/1.1"
        },
        {
          "@id": "https://about.workflowhub.eu/Workflow-RO-Crate/"
        }
      ]
    },
    {
      "@id": "./",
      "@type": "Dataset",
      "datePublished": "2024-03-03T00:33:41.176+00:00",
      "mainEntity": {
        "@id": "main_workflow.ga"
      }
    },
    {
      "@id": "main_workflow.ga",
      "@type": [
        "File",
        "SoftwareSourceCode",
        "ComputationalWorkflow"
      ],
      "author": [
        {
          "@id": "#237f5f20-7169-41fb-8c87-9aa28c4ffba7"
        },
        {
          "@id": "#fe7a3db4-dbe5-4bf0-97ba-6efd2a1c9365"
        },
        {
          "@id": "#bb5ee9c3-1e3c-41a9-9358-f0163d537b51"
        },
        {
          "@id": "#042801a6-4d18-4a50-9513-e66ebad62ae5"
        }
      ],
      "license": {
        "@id": "https://spdx.org/licenses/GPL-3.0-or-later"
      },
      "name": "Genome Assembly using PacBio data",
      "version": 4,
      "programmingLanguage": {
        "@id": "https://w3id.org/workflowhub/workflow-ro-crate#galaxy"
      }
    },
    {
      "@id": "https://spdx.org/licenses/GPL-3.0-or-later",
      "@type": "CreativeWork",
      "name": "GPL-3.0-or-later"
    },
    {
      "@id": "https://w3id.org/workflowhub/workflow-ro-crate#galaxy",
      "@type": "ComputerLanguage",
      "identifier": {
        "@id": "https://galaxyproject.org/"
      },
      "name": "Galaxy",
      "url": {
        "@id": "https://galaxyproject.org/"
      },
      "version": "23.1"
    },
    {
      "@id": "#237f5f20-7169-41fb-8c87-9aa28c4ffba7",
      "@type": "Person",
      "name": "Erwan Corre"
    },
    {
      "@id": "#fe7a3db4-dbe5-4bf0-97ba-6efd2a1c9365",
      "@type": "Person",
      "name": "Stéphanie Robin"
    },
    {
      "@id": "#bb5ee9c3-1e3c-41a9-9358-f0163d537b51",
      "@type": "Person",
      "name": "Anthony Bretaudeau"
    },
    {
      "@id": "#042801a6-4d18-4a50-9513-e66ebad62ae5",
      "@type": "Person",
      "name": "Alexandre Cormier"
    }
  ]
}