{
  "@context": "https://w3id.org/ro/crate/1.1/context",
  "@graph": [
    {
      "@id": "ro-crate-metadata.json",
      "@type": "CreativeWork",
      "about": {
        "@id": "./"
      },
      "conformsTo": [
        {
          "@id": "https://w3id.org/ro/crate/1.1"
        },
        {
          "@id": "https://about.workflowhub.eu/Workflow-RO-Crate/"
        }
      ]
    },
    {
      "@id": "./",
      "@type": "Dataset",
      "datePublished": "2024-05-18T00:34:17.499+00:00",
      "mainEntity": {
        "@id": "main_workflow.ga"
      }
    },
    {
      "@id": "main_workflow.ga",
      "@type": [
        "File",
        "SoftwareSourceCode",
        "ComputationalWorkflow"
      ],
      "author": [
        {
          "@id": "#8511ad5b-c655-4d7c-b3ca-24569df60ab5"
        },
        {
          "@id": "#39ac22fa-1d78-4b8f-a3ce-b90b2d27bbdc"
        },
        {
          "@id": "#4402c923-691b-41f3-9049-44fe8060085a"
        },
        {
          "@id": "#aac4dc6c-a923-4f90-80bb-93ad7c4ed2ba"
        }
      ],
      "license": {
        "@id": "https://spdx.org/licenses/GPL-3.0-or-later"
      },
      "name": "Genome Assembly using PacBio data",
      "version": 4,
      "programmingLanguage": {
        "@id": "https://w3id.org/workflowhub/workflow-ro-crate#galaxy"
      }
    },
    {
      "@id": "https://spdx.org/licenses/GPL-3.0-or-later",
      "@type": "CreativeWork",
      "name": "GPL-3.0-or-later"
    },
    {
      "@id": "https://w3id.org/workflowhub/workflow-ro-crate#galaxy",
      "@type": "ComputerLanguage",
      "identifier": {
        "@id": "https://galaxyproject.org/"
      },
      "name": "Galaxy",
      "url": {
        "@id": "https://galaxyproject.org/"
      },
      "version": "23.1"
    },
    {
      "@id": "#8511ad5b-c655-4d7c-b3ca-24569df60ab5",
      "@type": "Person",
      "name": "Erwan Corre"
    },
    {
      "@id": "#39ac22fa-1d78-4b8f-a3ce-b90b2d27bbdc",
      "@type": "Person",
      "name": "Stéphanie Robin"
    },
    {
      "@id": "#4402c923-691b-41f3-9049-44fe8060085a",
      "@type": "Person",
      "name": "Anthony Bretaudeau"
    },
    {
      "@id": "#aac4dc6c-a923-4f90-80bb-93ad7c4ed2ba",
      "@type": "Person",
      "name": "Alexandre Cormier"
    }
  ]
}