{
  "@context": "https://w3id.org/ro/crate/1.1/context",
  "@graph": [
    {
      "@id": "ro-crate-metadata.json",
      "@type": "CreativeWork",
      "about": {
        "@id": "./"
      },
      "conformsTo": [
        {
          "@id": "https://w3id.org/ro/crate/1.1"
        },
        {
          "@id": "https://about.workflowhub.eu/Workflow-RO-Crate/"
        }
      ]
    },
    {
      "@id": "./",
      "@type": "Dataset",
      "datePublished": "2024-04-26T00:32:59.402+00:00",
      "mainEntity": {
        "@id": "main_workflow.ga"
      }
    },
    {
      "@id": "main_workflow.ga",
      "@type": [
        "File",
        "SoftwareSourceCode",
        "ComputationalWorkflow"
      ],
      "author": [
        {
          "@id": "#0c1ccee6-7788-4a17-a3a5-ed8a3622aca3"
        },
        {
          "@id": "#26e7883c-d909-4975-9abd-17711d265f22"
        },
        {
          "@id": "#1c83097b-5247-45cd-8747-6cd9eeecafcd"
        },
        {
          "@id": "#c1869351-a0bc-4e00-9c29-7fccd4018757"
        }
      ],
      "license": {
        "@id": "https://spdx.org/licenses/GPL-3.0-or-later"
      },
      "name": "Genome Assembly using PacBio data",
      "version": 4,
      "programmingLanguage": {
        "@id": "https://w3id.org/workflowhub/workflow-ro-crate#galaxy"
      }
    },
    {
      "@id": "https://spdx.org/licenses/GPL-3.0-or-later",
      "@type": "CreativeWork",
      "name": "GPL-3.0-or-later"
    },
    {
      "@id": "https://w3id.org/workflowhub/workflow-ro-crate#galaxy",
      "@type": "ComputerLanguage",
      "identifier": {
        "@id": "https://galaxyproject.org/"
      },
      "name": "Galaxy",
      "url": {
        "@id": "https://galaxyproject.org/"
      },
      "version": "23.1"
    },
    {
      "@id": "#0c1ccee6-7788-4a17-a3a5-ed8a3622aca3",
      "@type": "Person",
      "name": "Erwan Corre"
    },
    {
      "@id": "#26e7883c-d909-4975-9abd-17711d265f22",
      "@type": "Person",
      "name": "Stéphanie Robin"
    },
    {
      "@id": "#1c83097b-5247-45cd-8747-6cd9eeecafcd",
      "@type": "Person",
      "name": "Anthony Bretaudeau"
    },
    {
      "@id": "#c1869351-a0bc-4e00-9c29-7fccd4018757",
      "@type": "Person",
      "name": "Alexandre Cormier"
    }
  ]
}