{
  "@context": "https://w3id.org/ro/crate/1.1/context",
  "@graph": [
    {
      "@id": "ro-crate-metadata.json",
      "@type": "CreativeWork",
      "about": {
        "@id": "./"
      },
      "conformsTo": [
        {
          "@id": "https://w3id.org/ro/crate/1.1"
        },
        {
          "@id": "https://about.workflowhub.eu/Workflow-RO-Crate/"
        }
      ]
    },
    {
      "@id": "./",
      "@type": "Dataset",
      "datePublished": "2024-06-04T00:35:31.897+00:00",
      "mainEntity": {
        "@id": "main_workflow.ga"
      }
    },
    {
      "@id": "main_workflow.ga",
      "@type": [
        "File",
        "SoftwareSourceCode",
        "ComputationalWorkflow"
      ],
      "author": [
        {
          "@id": "#5aba13a8-4edc-4615-809b-8b6569f1d7c9"
        },
        {
          "@id": "#a3f3ef26-3f04-4a34-a4d1-a34a7f736ca1"
        },
        {
          "@id": "#9efdc659-2877-4ac5-bfd0-7dc2628a297e"
        },
        {
          "@id": "#c10415e3-1204-40e2-9644-fbb8060f2322"
        }
      ],
      "license": {
        "@id": "https://spdx.org/licenses/GPL-3.0-or-later"
      },
      "name": "Genome Assembly using PacBio data",
      "version": 4,
      "programmingLanguage": {
        "@id": "https://w3id.org/workflowhub/workflow-ro-crate#galaxy"
      }
    },
    {
      "@id": "https://spdx.org/licenses/GPL-3.0-or-later",
      "@type": "CreativeWork",
      "name": "GPL-3.0-or-later"
    },
    {
      "@id": "https://w3id.org/workflowhub/workflow-ro-crate#galaxy",
      "@type": "ComputerLanguage",
      "identifier": {
        "@id": "https://galaxyproject.org/"
      },
      "name": "Galaxy",
      "url": {
        "@id": "https://galaxyproject.org/"
      },
      "version": "23.1"
    },
    {
      "@id": "#5aba13a8-4edc-4615-809b-8b6569f1d7c9",
      "@type": "Person",
      "name": "Erwan Corre"
    },
    {
      "@id": "#a3f3ef26-3f04-4a34-a4d1-a34a7f736ca1",
      "@type": "Person",
      "name": "Stéphanie Robin"
    },
    {
      "@id": "#9efdc659-2877-4ac5-bfd0-7dc2628a297e",
      "@type": "Person",
      "name": "Anthony Bretaudeau"
    },
    {
      "@id": "#c10415e3-1204-40e2-9644-fbb8060f2322",
      "@type": "Person",
      "name": "Alexandre Cormier"
    }
  ]
}