{
  "@context": "https://w3id.org/ro/crate/1.1/context",
  "@graph": [
    {
      "@id": "ro-crate-metadata.json",
      "@type": "CreativeWork",
      "about": {
        "@id": "./"
      },
      "conformsTo": [
        {
          "@id": "https://w3id.org/ro/crate/1.1"
        },
        {
          "@id": "https://about.workflowhub.eu/Workflow-RO-Crate/"
        }
      ]
    },
    {
      "@id": "./",
      "@type": "Dataset",
      "datePublished": "2024-05-11T00:33:07.988+00:00",
      "mainEntity": {
        "@id": "main_workflow.ga"
      }
    },
    {
      "@id": "main_workflow.ga",
      "@type": [
        "File",
        "SoftwareSourceCode",
        "ComputationalWorkflow"
      ],
      "author": [
        {
          "@id": "#3496a71f-dce2-43d7-9761-d9fcbd812af7"
        },
        {
          "@id": "#00e0711f-1015-4bbc-a44f-4f8fb11aea6a"
        },
        {
          "@id": "#89c8d6e7-3972-443b-805f-b0cae94d7ddf"
        },
        {
          "@id": "#57310598-10bd-47ba-be83-2f8eff2ab1b6"
        }
      ],
      "license": {
        "@id": "https://spdx.org/licenses/GPL-3.0-or-later"
      },
      "name": "Genome Assembly using PacBio data",
      "version": 4,
      "programmingLanguage": {
        "@id": "https://w3id.org/workflowhub/workflow-ro-crate#galaxy"
      }
    },
    {
      "@id": "https://spdx.org/licenses/GPL-3.0-or-later",
      "@type": "CreativeWork",
      "name": "GPL-3.0-or-later"
    },
    {
      "@id": "https://w3id.org/workflowhub/workflow-ro-crate#galaxy",
      "@type": "ComputerLanguage",
      "identifier": {
        "@id": "https://galaxyproject.org/"
      },
      "name": "Galaxy",
      "url": {
        "@id": "https://galaxyproject.org/"
      },
      "version": "23.1"
    },
    {
      "@id": "#3496a71f-dce2-43d7-9761-d9fcbd812af7",
      "@type": "Person",
      "name": "Erwan Corre"
    },
    {
      "@id": "#00e0711f-1015-4bbc-a44f-4f8fb11aea6a",
      "@type": "Person",
      "name": "Stéphanie Robin"
    },
    {
      "@id": "#89c8d6e7-3972-443b-805f-b0cae94d7ddf",
      "@type": "Person",
      "name": "Anthony Bretaudeau"
    },
    {
      "@id": "#57310598-10bd-47ba-be83-2f8eff2ab1b6",
      "@type": "Person",
      "name": "Alexandre Cormier"
    }
  ]
}