{
  "@context": "https://w3id.org/ro/crate/1.1/context",
  "@graph": [
    {
      "@id": "ro-crate-metadata.json",
      "@type": "CreativeWork",
      "about": {
        "@id": "./"
      },
      "conformsTo": [
        {
          "@id": "https://w3id.org/ro/crate/1.1"
        },
        {
          "@id": "https://about.workflowhub.eu/Workflow-RO-Crate/"
        }
      ]
    },
    {
      "@id": "./",
      "@type": "Dataset",
      "datePublished": "2024-03-15T00:31:33.411+00:00",
      "mainEntity": {
        "@id": "main_workflow.ga"
      }
    },
    {
      "@id": "main_workflow.ga",
      "@type": [
        "File",
        "SoftwareSourceCode",
        "ComputationalWorkflow"
      ],
      "author": [
        {
          "@id": "#f32de7ae-8c0e-45ad-b96b-99a7d5cb1ab3"
        },
        {
          "@id": "#f3bbd1a3-e796-40b8-9937-3f03b13dba6e"
        },
        {
          "@id": "#1a1f7b10-a650-4e41-9e66-d8ddc3caa13f"
        },
        {
          "@id": "#f984e2e1-e87e-472b-8440-f25e0a7ebc76"
        }
      ],
      "license": {
        "@id": "https://spdx.org/licenses/GPL-3.0-or-later"
      },
      "name": "Genome Assembly using PacBio data",
      "version": 4,
      "programmingLanguage": {
        "@id": "https://w3id.org/workflowhub/workflow-ro-crate#galaxy"
      }
    },
    {
      "@id": "https://spdx.org/licenses/GPL-3.0-or-later",
      "@type": "CreativeWork",
      "name": "GPL-3.0-or-later"
    },
    {
      "@id": "https://w3id.org/workflowhub/workflow-ro-crate#galaxy",
      "@type": "ComputerLanguage",
      "identifier": {
        "@id": "https://galaxyproject.org/"
      },
      "name": "Galaxy",
      "url": {
        "@id": "https://galaxyproject.org/"
      },
      "version": "23.1"
    },
    {
      "@id": "#f32de7ae-8c0e-45ad-b96b-99a7d5cb1ab3",
      "@type": "Person",
      "name": "Erwan Corre"
    },
    {
      "@id": "#f3bbd1a3-e796-40b8-9937-3f03b13dba6e",
      "@type": "Person",
      "name": "Stéphanie Robin"
    },
    {
      "@id": "#1a1f7b10-a650-4e41-9e66-d8ddc3caa13f",
      "@type": "Person",
      "name": "Anthony Bretaudeau"
    },
    {
      "@id": "#f984e2e1-e87e-472b-8440-f25e0a7ebc76",
      "@type": "Person",
      "name": "Alexandre Cormier"
    }
  ]
}