{
  "@context": "https://w3id.org/ro/crate/1.1/context",
  "@graph": [
    {
      "@id": "ro-crate-metadata.json",
      "@type": "CreativeWork",
      "about": {
        "@id": "./"
      },
      "conformsTo": [
        {
          "@id": "https://w3id.org/ro/crate/1.1"
        },
        {
          "@id": "https://about.workflowhub.eu/Workflow-RO-Crate/"
        }
      ]
    },
    {
      "@id": "./",
      "@type": "Dataset",
      "datePublished": "2023-12-19T00:33:05.011+00:00",
      "mainEntity": {
        "@id": "main_workflow.ga"
      }
    },
    {
      "@id": "main_workflow.ga",
      "@type": [
        "File",
        "SoftwareSourceCode",
        "ComputationalWorkflow"
      ],
      "author": [
        {
          "@id": "#45aa74e3-0d9b-40d8-84b1-03ecd68aa814"
        },
        {
          "@id": "#d1c6909a-70a9-416a-89a8-c4423de9ca93"
        },
        {
          "@id": "#c333610f-4de9-4e84-bf8f-ec1b652235b1"
        },
        {
          "@id": "#1697cf90-9832-498e-b897-736537fff030"
        }
      ],
      "license": {
        "@id": "https://spdx.org/licenses/GPL-3.0-or-later"
      },
      "name": "Genome Assembly using PacBio data",
      "version": 4,
      "programmingLanguage": {
        "@id": "https://w3id.org/workflowhub/workflow-ro-crate#galaxy"
      }
    },
    {
      "@id": "https://spdx.org/licenses/GPL-3.0-or-later",
      "@type": "CreativeWork",
      "name": "GPL-3.0-or-later"
    },
    {
      "@id": "https://w3id.org/workflowhub/workflow-ro-crate#galaxy",
      "@type": "ComputerLanguage",
      "identifier": {
        "@id": "https://galaxyproject.org/"
      },
      "name": "Galaxy",
      "url": {
        "@id": "https://galaxyproject.org/"
      },
      "version": "23.1"
    },
    {
      "@id": "#45aa74e3-0d9b-40d8-84b1-03ecd68aa814",
      "@type": "Person",
      "name": "Erwan Corre"
    },
    {
      "@id": "#d1c6909a-70a9-416a-89a8-c4423de9ca93",
      "@type": "Person",
      "name": "Stéphanie Robin"
    },
    {
      "@id": "#c333610f-4de9-4e84-bf8f-ec1b652235b1",
      "@type": "Person",
      "name": "Anthony Bretaudeau"
    },
    {
      "@id": "#1697cf90-9832-498e-b897-736537fff030",
      "@type": "Person",
      "name": "Alexandre Cormier"
    }
  ]
}