{
  "@context": "https://w3id.org/ro/crate/1.1/context",
  "@graph": [
    {
      "@id": "ro-crate-metadata.json",
      "@type": "CreativeWork",
      "about": {
        "@id": "./"
      },
      "conformsTo": [
        {
          "@id": "https://w3id.org/ro/crate/1.1"
        },
        {
          "@id": "https://about.workflowhub.eu/Workflow-RO-Crate/"
        }
      ]
    },
    {
      "@id": "./",
      "@type": "Dataset",
      "datePublished": "2024-04-12T00:33:11.871+00:00",
      "mainEntity": {
        "@id": "main_workflow.ga"
      }
    },
    {
      "@id": "main_workflow.ga",
      "@type": [
        "File",
        "SoftwareSourceCode",
        "ComputationalWorkflow"
      ],
      "author": [
        {
          "@id": "#81b07e2c-0b00-4680-b4a9-2a39991d76cf"
        },
        {
          "@id": "#c160e5ae-5587-4cfc-9deb-22cb9063a530"
        },
        {
          "@id": "#f2c60428-cbce-4ca6-b7dd-182442565035"
        },
        {
          "@id": "#7b1ebc4d-6969-4b9d-a3ba-f2833b096a81"
        }
      ],
      "license": {
        "@id": "https://spdx.org/licenses/GPL-3.0-or-later"
      },
      "name": "Genome Assembly using PacBio data",
      "version": 4,
      "programmingLanguage": {
        "@id": "https://w3id.org/workflowhub/workflow-ro-crate#galaxy"
      }
    },
    {
      "@id": "https://spdx.org/licenses/GPL-3.0-or-later",
      "@type": "CreativeWork",
      "name": "GPL-3.0-or-later"
    },
    {
      "@id": "https://w3id.org/workflowhub/workflow-ro-crate#galaxy",
      "@type": "ComputerLanguage",
      "identifier": {
        "@id": "https://galaxyproject.org/"
      },
      "name": "Galaxy",
      "url": {
        "@id": "https://galaxyproject.org/"
      },
      "version": "23.1"
    },
    {
      "@id": "#81b07e2c-0b00-4680-b4a9-2a39991d76cf",
      "@type": "Person",
      "name": "Erwan Corre"
    },
    {
      "@id": "#c160e5ae-5587-4cfc-9deb-22cb9063a530",
      "@type": "Person",
      "name": "Stéphanie Robin"
    },
    {
      "@id": "#f2c60428-cbce-4ca6-b7dd-182442565035",
      "@type": "Person",
      "name": "Anthony Bretaudeau"
    },
    {
      "@id": "#7b1ebc4d-6969-4b9d-a3ba-f2833b096a81",
      "@type": "Person",
      "name": "Alexandre Cormier"
    }
  ]
}