{
  "@context": "https://w3id.org/ro/crate/1.1/context",
  "@graph": [
    {
      "@id": "ro-crate-metadata.json",
      "@type": "CreativeWork",
      "about": {
        "@id": "./"
      },
      "conformsTo": [
        {
          "@id": "https://w3id.org/ro/crate/1.1"
        },
        {
          "@id": "https://about.workflowhub.eu/Workflow-RO-Crate/"
        }
      ]
    },
    {
      "@id": "./",
      "@type": "Dataset",
      "datePublished": "2023-11-21T00:32:50.253+00:00",
      "mainEntity": {
        "@id": "main_workflow.ga"
      }
    },
    {
      "@id": "main_workflow.ga",
      "@type": [
        "File",
        "SoftwareSourceCode",
        "ComputationalWorkflow"
      ],
      "author": [
        {
          "@id": "#3f13e512-4b11-4d3d-8083-fd879c42a49c"
        },
        {
          "@id": "#c1071185-d83d-499b-ae54-49583f566e08"
        },
        {
          "@id": "#fa08954f-f9a8-4dd6-acfd-e7a547ff9a03"
        },
        {
          "@id": "#78c69444-cc00-43ba-b20f-bb1ae48c2352"
        }
      ],
      "license": {
        "@id": "https://spdx.org/licenses/GPL-3.0-or-later"
      },
      "name": "Genome Assembly using PacBio data",
      "version": 4,
      "programmingLanguage": {
        "@id": "https://w3id.org/workflowhub/workflow-ro-crate#galaxy"
      }
    },
    {
      "@id": "https://spdx.org/licenses/GPL-3.0-or-later",
      "@type": "CreativeWork",
      "name": "GPL-3.0-or-later"
    },
    {
      "@id": "https://w3id.org/workflowhub/workflow-ro-crate#galaxy",
      "@type": "ComputerLanguage",
      "identifier": {
        "@id": "https://galaxyproject.org/"
      },
      "name": "Galaxy",
      "url": {
        "@id": "https://galaxyproject.org/"
      },
      "version": "23.1"
    },
    {
      "@id": "#3f13e512-4b11-4d3d-8083-fd879c42a49c",
      "@type": "Person",
      "name": "Erwan Corre"
    },
    {
      "@id": "#c1071185-d83d-499b-ae54-49583f566e08",
      "@type": "Person",
      "name": "Stéphanie Robin"
    },
    {
      "@id": "#fa08954f-f9a8-4dd6-acfd-e7a547ff9a03",
      "@type": "Person",
      "name": "Anthony Bretaudeau"
    },
    {
      "@id": "#78c69444-cc00-43ba-b20f-bb1ae48c2352",
      "@type": "Person",
      "name": "Alexandre Cormier"
    }
  ]
}