{
  "@context": "https://w3id.org/ro/crate/1.1/context",
  "@graph": [
    {
      "@id": "ro-crate-metadata.json",
      "@type": "CreativeWork",
      "about": {
        "@id": "./"
      },
      "conformsTo": [
        {
          "@id": "https://w3id.org/ro/crate/1.1"
        },
        {
          "@id": "https://about.workflowhub.eu/Workflow-RO-Crate/"
        }
      ]
    },
    {
      "@id": "./",
      "@type": "Dataset",
      "datePublished": "2024-03-26T00:31:37.038+00:00",
      "mainEntity": {
        "@id": "main_workflow.ga"
      }
    },
    {
      "@id": "main_workflow.ga",
      "@type": [
        "File",
        "SoftwareSourceCode",
        "ComputationalWorkflow"
      ],
      "author": [
        {
          "@id": "#55653dc2-515f-4921-97d0-e5a2fb45b51c"
        },
        {
          "@id": "#6fc2df70-6edb-4899-9c6a-4f2b6f0a8e4c"
        },
        {
          "@id": "#3d1ec52e-a64e-4874-b0bf-6fc838497e6f"
        },
        {
          "@id": "#9afc79e0-b2ff-4964-a50d-7e3735465d00"
        }
      ],
      "license": {
        "@id": "https://spdx.org/licenses/GPL-3.0-or-later"
      },
      "name": "Genome Assembly using PacBio data",
      "version": 4,
      "programmingLanguage": {
        "@id": "https://w3id.org/workflowhub/workflow-ro-crate#galaxy"
      }
    },
    {
      "@id": "https://spdx.org/licenses/GPL-3.0-or-later",
      "@type": "CreativeWork",
      "name": "GPL-3.0-or-later"
    },
    {
      "@id": "https://w3id.org/workflowhub/workflow-ro-crate#galaxy",
      "@type": "ComputerLanguage",
      "identifier": {
        "@id": "https://galaxyproject.org/"
      },
      "name": "Galaxy",
      "url": {
        "@id": "https://galaxyproject.org/"
      },
      "version": "23.1"
    },
    {
      "@id": "#55653dc2-515f-4921-97d0-e5a2fb45b51c",
      "@type": "Person",
      "name": "Erwan Corre"
    },
    {
      "@id": "#6fc2df70-6edb-4899-9c6a-4f2b6f0a8e4c",
      "@type": "Person",
      "name": "Stéphanie Robin"
    },
    {
      "@id": "#3d1ec52e-a64e-4874-b0bf-6fc838497e6f",
      "@type": "Person",
      "name": "Anthony Bretaudeau"
    },
    {
      "@id": "#9afc79e0-b2ff-4964-a50d-7e3735465d00",
      "@type": "Person",
      "name": "Alexandre Cormier"
    }
  ]
}