{
  "@context": "https://w3id.org/ro/crate/1.1/context",
  "@graph": [
    {
      "@id": "ro-crate-metadata.json",
      "@type": "CreativeWork",
      "about": {
        "@id": "./"
      },
      "conformsTo": [
        {
          "@id": "https://w3id.org/ro/crate/1.1"
        },
        {
          "@id": "https://about.workflowhub.eu/Workflow-RO-Crate/"
        }
      ]
    },
    {
      "@id": "./",
      "@type": "Dataset",
      "datePublished": "2023-12-14T00:32:31.427+00:00",
      "mainEntity": {
        "@id": "main_workflow.ga"
      }
    },
    {
      "@id": "main_workflow.ga",
      "@type": [
        "File",
        "SoftwareSourceCode",
        "ComputationalWorkflow"
      ],
      "author": [
        {
          "@id": "#d25ec29e-ce0e-49fd-aa85-78a15fe0316a"
        },
        {
          "@id": "https://orcid.org/0000-0001-9760-8992"
        },
        {
          "@id": "#ecc7c672-5431-4ede-85a5-5f7f4b89c4d2"
        }
      ],
      "license": {
        "@id": "https://spdx.org/licenses/AGPL-3.0-or-later"
      },
      "name": "Genome Assembly of MRSA using Oxford Nanopore MinION Data (imported from uploaded file)",
      "version": 4,
      "programmingLanguage": {
        "@id": "https://w3id.org/workflowhub/workflow-ro-crate#galaxy"
      }
    },
    {
      "@id": "https://spdx.org/licenses/AGPL-3.0-or-later",
      "@type": "CreativeWork",
      "name": "AGPL-3.0-or-later"
    },
    {
      "@id": "https://w3id.org/workflowhub/workflow-ro-crate#galaxy",
      "@type": "ComputerLanguage",
      "identifier": {
        "@id": "https://galaxyproject.org/"
      },
      "name": "Galaxy",
      "url": {
        "@id": "https://galaxyproject.org/"
      },
      "version": "23.1"
    },
    {
      "@id": "#d25ec29e-ce0e-49fd-aa85-78a15fe0316a",
      "@type": "Organization",
      "name": "Avans Hogeschool"
    },
    {
      "@id": "https://orcid.org/0000-0001-9760-8992",
      "@type": "Person",
      "name": "Helena Rasche"
    },
    {
      "@id": "#ecc7c672-5431-4ede-85a5-5f7f4b89c4d2",
      "@type": "Person",
      "name": "Miaomiao Zhou"
    }
  ]
}