{
  "@context": "https://w3id.org/ro/crate/1.1/context",
  "@graph": [
    {
      "@id": "ro-crate-metadata.json",
      "@type": "CreativeWork",
      "about": {
        "@id": "./"
      },
      "conformsTo": [
        {
          "@id": "https://w3id.org/ro/crate/1.1"
        },
        {
          "@id": "https://about.workflowhub.eu/Workflow-RO-Crate/"
        }
      ]
    },
    {
      "@id": "./",
      "@type": "Dataset",
      "datePublished": "2024-02-11T00:34:32.325+00:00",
      "mainEntity": {
        "@id": "main_workflow.ga"
      }
    },
    {
      "@id": "main_workflow.ga",
      "@type": [
        "File",
        "SoftwareSourceCode",
        "ComputationalWorkflow"
      ],
      "author": [
        {
          "@id": "#5f5e657b-9b97-4a8f-a7c1-2aa070c086bc"
        },
        {
          "@id": "https://orcid.org/0000-0001-9760-8992"
        },
        {
          "@id": "#9f2ae652-4bc2-4369-b02e-de49360ba6b8"
        }
      ],
      "license": {
        "@id": "https://spdx.org/licenses/AGPL-3.0-or-later"
      },
      "name": "Genome Assembly of MRSA using Oxford Nanopore MinION Data (imported from uploaded file)",
      "version": 4,
      "programmingLanguage": {
        "@id": "https://w3id.org/workflowhub/workflow-ro-crate#galaxy"
      }
    },
    {
      "@id": "https://spdx.org/licenses/AGPL-3.0-or-later",
      "@type": "CreativeWork",
      "name": "AGPL-3.0-or-later"
    },
    {
      "@id": "https://w3id.org/workflowhub/workflow-ro-crate#galaxy",
      "@type": "ComputerLanguage",
      "identifier": {
        "@id": "https://galaxyproject.org/"
      },
      "name": "Galaxy",
      "url": {
        "@id": "https://galaxyproject.org/"
      },
      "version": "23.1"
    },
    {
      "@id": "#5f5e657b-9b97-4a8f-a7c1-2aa070c086bc",
      "@type": "Organization",
      "name": "Avans Hogeschool"
    },
    {
      "@id": "https://orcid.org/0000-0001-9760-8992",
      "@type": "Person",
      "name": "Helena Rasche"
    },
    {
      "@id": "#9f2ae652-4bc2-4369-b02e-de49360ba6b8",
      "@type": "Person",
      "name": "Miaomiao Zhou"
    }
  ]
}