{
  "@context": "https://w3id.org/ro/crate/1.1/context",
  "@graph": [
    {
      "@id": "ro-crate-metadata.json",
      "@type": "CreativeWork",
      "about": {
        "@id": "./"
      },
      "conformsTo": [
        {
          "@id": "https://w3id.org/ro/crate/1.1"
        },
        {
          "@id": "https://about.workflowhub.eu/Workflow-RO-Crate/"
        }
      ]
    },
    {
      "@id": "./",
      "@type": "Dataset",
      "datePublished": "2023-12-25T00:33:16.056+00:00",
      "mainEntity": {
        "@id": "main_workflow.ga"
      }
    },
    {
      "@id": "main_workflow.ga",
      "@type": [
        "File",
        "SoftwareSourceCode",
        "ComputationalWorkflow"
      ],
      "author": [
        {
          "@id": "#69777b4b-b025-4606-a135-49717a26e282"
        },
        {
          "@id": "https://orcid.org/0000-0001-9760-8992"
        },
        {
          "@id": "#07379ab0-9407-4d6a-984c-74d45b501156"
        }
      ],
      "license": {
        "@id": "https://spdx.org/licenses/AGPL-3.0-or-later"
      },
      "name": "Genome Assembly of MRSA using Oxford Nanopore MinION Data (imported from uploaded file)",
      "version": 4,
      "programmingLanguage": {
        "@id": "https://w3id.org/workflowhub/workflow-ro-crate#galaxy"
      }
    },
    {
      "@id": "https://spdx.org/licenses/AGPL-3.0-or-later",
      "@type": "CreativeWork",
      "name": "AGPL-3.0-or-later"
    },
    {
      "@id": "https://w3id.org/workflowhub/workflow-ro-crate#galaxy",
      "@type": "ComputerLanguage",
      "identifier": {
        "@id": "https://galaxyproject.org/"
      },
      "name": "Galaxy",
      "url": {
        "@id": "https://galaxyproject.org/"
      },
      "version": "23.1"
    },
    {
      "@id": "#69777b4b-b025-4606-a135-49717a26e282",
      "@type": "Organization",
      "name": "Avans Hogeschool"
    },
    {
      "@id": "https://orcid.org/0000-0001-9760-8992",
      "@type": "Person",
      "name": "Helena Rasche"
    },
    {
      "@id": "#07379ab0-9407-4d6a-984c-74d45b501156",
      "@type": "Person",
      "name": "Miaomiao Zhou"
    }
  ]
}