{
  "@context": "https://w3id.org/ro/crate/1.1/context",
  "@graph": [
    {
      "@id": "ro-crate-metadata.json",
      "@type": "CreativeWork",
      "about": {
        "@id": "./"
      },
      "conformsTo": [
        {
          "@id": "https://w3id.org/ro/crate/1.1"
        },
        {
          "@id": "https://about.workflowhub.eu/Workflow-RO-Crate/"
        }
      ]
    },
    {
      "@id": "./",
      "@type": "Dataset",
      "datePublished": "2024-01-11T00:36:50.007+00:00",
      "mainEntity": {
        "@id": "main_workflow.ga"
      }
    },
    {
      "@id": "main_workflow.ga",
      "@type": [
        "File",
        "SoftwareSourceCode",
        "ComputationalWorkflow"
      ],
      "author": [
        {
          "@id": "#0aac10cc-357d-43d2-9387-d4bf96c2c31a"
        },
        {
          "@id": "https://orcid.org/0000-0001-9760-8992"
        },
        {
          "@id": "#687bf8c9-bf0a-4f8f-b8bf-64b3b45fdbc8"
        }
      ],
      "license": {
        "@id": "https://spdx.org/licenses/AGPL-3.0-or-later"
      },
      "name": "Genome Assembly of MRSA using Oxford Nanopore MinION Data (imported from uploaded file)",
      "version": 4,
      "programmingLanguage": {
        "@id": "https://w3id.org/workflowhub/workflow-ro-crate#galaxy"
      }
    },
    {
      "@id": "https://spdx.org/licenses/AGPL-3.0-or-later",
      "@type": "CreativeWork",
      "name": "AGPL-3.0-or-later"
    },
    {
      "@id": "https://w3id.org/workflowhub/workflow-ro-crate#galaxy",
      "@type": "ComputerLanguage",
      "identifier": {
        "@id": "https://galaxyproject.org/"
      },
      "name": "Galaxy",
      "url": {
        "@id": "https://galaxyproject.org/"
      },
      "version": "23.1"
    },
    {
      "@id": "#0aac10cc-357d-43d2-9387-d4bf96c2c31a",
      "@type": "Organization",
      "name": "Avans Hogeschool"
    },
    {
      "@id": "https://orcid.org/0000-0001-9760-8992",
      "@type": "Person",
      "name": "Helena Rasche"
    },
    {
      "@id": "#687bf8c9-bf0a-4f8f-b8bf-64b3b45fdbc8",
      "@type": "Person",
      "name": "Miaomiao Zhou"
    }
  ]
}