{
  "@context": "https://w3id.org/ro/crate/1.1/context",
  "@graph": [
    {
      "@id": "ro-crate-metadata.json",
      "@type": "CreativeWork",
      "about": {
        "@id": "./"
      },
      "conformsTo": [
        {
          "@id": "https://w3id.org/ro/crate/1.1"
        },
        {
          "@id": "https://about.workflowhub.eu/Workflow-RO-Crate/"
        }
      ]
    },
    {
      "@id": "./",
      "@type": "Dataset",
      "datePublished": "2024-04-12T00:33:11.787+00:00",
      "mainEntity": {
        "@id": "main_workflow.ga"
      }
    },
    {
      "@id": "main_workflow.ga",
      "@type": [
        "File",
        "SoftwareSourceCode",
        "ComputationalWorkflow"
      ],
      "author": [
        {
          "@id": "#c4c505c3-583d-474f-a939-dfbe3101c310"
        },
        {
          "@id": "#fdf46090-b64f-4678-8a17-ba039ceb3afe"
        },
        {
          "@id": "#77675270-2c7a-42bd-9f6f-8e4e9cb723bc"
        },
        {
          "@id": "#88273fb5-b117-4404-9aa1-b610865779c4"
        },
        {
          "@id": "#39d57eca-5cb7-42ad-9172-7d9a0d858596"
        }
      ],
      "license": {
        "@id": "https://spdx.org/licenses/GPL-3.0-or-later"
      },
      "name": "Genome Assembly Quality Control",
      "version": 1,
      "programmingLanguage": {
        "@id": "https://w3id.org/workflowhub/workflow-ro-crate#galaxy"
      }
    },
    {
      "@id": "https://spdx.org/licenses/GPL-3.0-or-later",
      "@type": "CreativeWork",
      "name": "GPL-3.0-or-later"
    },
    {
      "@id": "https://w3id.org/workflowhub/workflow-ro-crate#galaxy",
      "@type": "ComputerLanguage",
      "identifier": {
        "@id": "https://galaxyproject.org/"
      },
      "name": "Galaxy",
      "url": {
        "@id": "https://galaxyproject.org/"
      },
      "version": "23.1"
    },
    {
      "@id": "#c4c505c3-583d-474f-a939-dfbe3101c310",
      "@type": "Person",
      "name": "Erwan Corre"
    },
    {
      "@id": "#fdf46090-b64f-4678-8a17-ba039ceb3afe",
      "@type": "Person",
      "name": "Stéphanie Robin"
    },
    {
      "@id": "#77675270-2c7a-42bd-9f6f-8e4e9cb723bc",
      "@type": "Person",
      "name": "Anthony Bretaudeau"
    },
    {
      "@id": "#88273fb5-b117-4404-9aa1-b610865779c4",
      "@type": "Person",
      "name": "Alexandre Cormier"
    },
    {
      "@id": "#39d57eca-5cb7-42ad-9172-7d9a0d858596",
      "@type": "Person",
      "name": "Laura Leroi"
    }
  ]
}