{
  "@context": "https://w3id.org/ro/crate/1.1/context",
  "@graph": [
    {
      "@id": "ro-crate-metadata.json",
      "@type": "CreativeWork",
      "about": {
        "@id": "./"
      },
      "conformsTo": [
        {
          "@id": "https://w3id.org/ro/crate/1.1"
        },
        {
          "@id": "https://about.workflowhub.eu/Workflow-RO-Crate/"
        }
      ]
    },
    {
      "@id": "./",
      "@type": "Dataset",
      "datePublished": "2024-01-09T00:33:43.873+00:00",
      "mainEntity": {
        "@id": "main_workflow.ga"
      }
    },
    {
      "@id": "main_workflow.ga",
      "@type": [
        "File",
        "SoftwareSourceCode",
        "ComputationalWorkflow"
      ],
      "author": [
        {
          "@id": "#2e023c84-032f-492b-a84f-d0a5d1b93b1e"
        },
        {
          "@id": "#fa7375a3-ff36-44f9-8858-39672279143e"
        },
        {
          "@id": "#a474ed37-4984-479b-9377-d4808c5d9961"
        },
        {
          "@id": "#4e01628a-bdd4-46f0-9efc-b474b891ff11"
        },
        {
          "@id": "#68b8d637-9631-4a37-b216-7c603576364d"
        }
      ],
      "license": {
        "@id": "https://spdx.org/licenses/GPL-3.0-or-later"
      },
      "name": "Genome Assembly Quality Control",
      "version": 1,
      "programmingLanguage": {
        "@id": "https://w3id.org/workflowhub/workflow-ro-crate#galaxy"
      }
    },
    {
      "@id": "https://spdx.org/licenses/GPL-3.0-or-later",
      "@type": "CreativeWork",
      "name": "GPL-3.0-or-later"
    },
    {
      "@id": "https://w3id.org/workflowhub/workflow-ro-crate#galaxy",
      "@type": "ComputerLanguage",
      "identifier": {
        "@id": "https://galaxyproject.org/"
      },
      "name": "Galaxy",
      "url": {
        "@id": "https://galaxyproject.org/"
      },
      "version": "23.1"
    },
    {
      "@id": "#2e023c84-032f-492b-a84f-d0a5d1b93b1e",
      "@type": "Person",
      "name": "Erwan Corre"
    },
    {
      "@id": "#fa7375a3-ff36-44f9-8858-39672279143e",
      "@type": "Person",
      "name": "Stéphanie Robin"
    },
    {
      "@id": "#a474ed37-4984-479b-9377-d4808c5d9961",
      "@type": "Person",
      "name": "Anthony Bretaudeau"
    },
    {
      "@id": "#4e01628a-bdd4-46f0-9efc-b474b891ff11",
      "@type": "Person",
      "name": "Alexandre Cormier"
    },
    {
      "@id": "#68b8d637-9631-4a37-b216-7c603576364d",
      "@type": "Person",
      "name": "Laura Leroi"
    }
  ]
}