{
  "@context": "https://w3id.org/ro/crate/1.1/context",
  "@graph": [
    {
      "@id": "ro-crate-metadata.json",
      "@type": "CreativeWork",
      "about": {
        "@id": "./"
      },
      "conformsTo": [
        {
          "@id": "https://w3id.org/ro/crate/1.1"
        },
        {
          "@id": "https://about.workflowhub.eu/Workflow-RO-Crate/"
        }
      ]
    },
    {
      "@id": "./",
      "@type": "Dataset",
      "datePublished": "2023-12-31T00:35:30.756+00:00",
      "mainEntity": {
        "@id": "main_workflow.ga"
      }
    },
    {
      "@id": "main_workflow.ga",
      "@type": [
        "File",
        "SoftwareSourceCode",
        "ComputationalWorkflow"
      ],
      "author": [
        {
          "@id": "#f1e002cb-819c-4005-b31e-126d577312d7"
        },
        {
          "@id": "#acb7f7db-8b67-46d2-bb9f-3e694b0abef9"
        },
        {
          "@id": "#39f4c426-f999-437e-b43f-882819b656b6"
        },
        {
          "@id": "#ce564e67-6486-4d44-9303-6a70e67d0d1a"
        },
        {
          "@id": "#face3604-2d54-43bf-a2dd-c99372b9a268"
        }
      ],
      "license": {
        "@id": "https://spdx.org/licenses/GPL-3.0-or-later"
      },
      "name": "Genome Assembly Quality Control",
      "version": 1,
      "programmingLanguage": {
        "@id": "https://w3id.org/workflowhub/workflow-ro-crate#galaxy"
      }
    },
    {
      "@id": "https://spdx.org/licenses/GPL-3.0-or-later",
      "@type": "CreativeWork",
      "name": "GPL-3.0-or-later"
    },
    {
      "@id": "https://w3id.org/workflowhub/workflow-ro-crate#galaxy",
      "@type": "ComputerLanguage",
      "identifier": {
        "@id": "https://galaxyproject.org/"
      },
      "name": "Galaxy",
      "url": {
        "@id": "https://galaxyproject.org/"
      },
      "version": "23.1"
    },
    {
      "@id": "#f1e002cb-819c-4005-b31e-126d577312d7",
      "@type": "Person",
      "name": "Erwan Corre"
    },
    {
      "@id": "#acb7f7db-8b67-46d2-bb9f-3e694b0abef9",
      "@type": "Person",
      "name": "Stéphanie Robin"
    },
    {
      "@id": "#39f4c426-f999-437e-b43f-882819b656b6",
      "@type": "Person",
      "name": "Anthony Bretaudeau"
    },
    {
      "@id": "#ce564e67-6486-4d44-9303-6a70e67d0d1a",
      "@type": "Person",
      "name": "Alexandre Cormier"
    },
    {
      "@id": "#face3604-2d54-43bf-a2dd-c99372b9a268",
      "@type": "Person",
      "name": "Laura Leroi"
    }
  ]
}