{
  "@context": "https://w3id.org/ro/crate/1.1/context",
  "@graph": [
    {
      "@id": "ro-crate-metadata.json",
      "@type": "CreativeWork",
      "about": {
        "@id": "./"
      },
      "conformsTo": [
        {
          "@id": "https://w3id.org/ro/crate/1.1"
        },
        {
          "@id": "https://about.workflowhub.eu/Workflow-RO-Crate/"
        }
      ]
    },
    {
      "@id": "./",
      "@type": "Dataset",
      "datePublished": "2024-05-07T00:33:35.158+00:00",
      "mainEntity": {
        "@id": "main_workflow.ga"
      }
    },
    {
      "@id": "main_workflow.ga",
      "@type": [
        "File",
        "SoftwareSourceCode",
        "ComputationalWorkflow"
      ],
      "author": [
        {
          "@id": "#a33c677b-e87a-451b-af03-64df859f225b"
        },
        {
          "@id": "#bd47957a-4e32-42d9-884f-4351e2bf229e"
        },
        {
          "@id": "#81bf4739-a162-40a2-ae6a-c92a6e506653"
        },
        {
          "@id": "#37a076f2-be8c-4413-81cc-0fea4f50df89"
        },
        {
          "@id": "#e49bd800-4f0b-4292-9668-b6abf013c0b5"
        }
      ],
      "license": {
        "@id": "https://spdx.org/licenses/GPL-3.0-or-later"
      },
      "name": "Genome Assembly Quality Control",
      "version": 1,
      "programmingLanguage": {
        "@id": "https://w3id.org/workflowhub/workflow-ro-crate#galaxy"
      }
    },
    {
      "@id": "https://spdx.org/licenses/GPL-3.0-or-later",
      "@type": "CreativeWork",
      "name": "GPL-3.0-or-later"
    },
    {
      "@id": "https://w3id.org/workflowhub/workflow-ro-crate#galaxy",
      "@type": "ComputerLanguage",
      "identifier": {
        "@id": "https://galaxyproject.org/"
      },
      "name": "Galaxy",
      "url": {
        "@id": "https://galaxyproject.org/"
      },
      "version": "23.1"
    },
    {
      "@id": "#a33c677b-e87a-451b-af03-64df859f225b",
      "@type": "Person",
      "name": "Erwan Corre"
    },
    {
      "@id": "#bd47957a-4e32-42d9-884f-4351e2bf229e",
      "@type": "Person",
      "name": "Stéphanie Robin"
    },
    {
      "@id": "#81bf4739-a162-40a2-ae6a-c92a6e506653",
      "@type": "Person",
      "name": "Anthony Bretaudeau"
    },
    {
      "@id": "#37a076f2-be8c-4413-81cc-0fea4f50df89",
      "@type": "Person",
      "name": "Alexandre Cormier"
    },
    {
      "@id": "#e49bd800-4f0b-4292-9668-b6abf013c0b5",
      "@type": "Person",
      "name": "Laura Leroi"
    }
  ]
}