{
  "@context": "https://w3id.org/ro/crate/1.1/context",
  "@graph": [
    {
      "@id": "ro-crate-metadata.json",
      "@type": "CreativeWork",
      "about": {
        "@id": "./"
      },
      "conformsTo": [
        {
          "@id": "https://w3id.org/ro/crate/1.1"
        },
        {
          "@id": "https://about.workflowhub.eu/Workflow-RO-Crate/"
        }
      ]
    },
    {
      "@id": "./",
      "@type": "Dataset",
      "datePublished": "2024-05-22T00:34:27.316+00:00",
      "mainEntity": {
        "@id": "main_workflow.ga"
      }
    },
    {
      "@id": "main_workflow.ga",
      "@type": [
        "File",
        "SoftwareSourceCode",
        "ComputationalWorkflow"
      ],
      "author": [
        {
          "@id": "#01f21ac5-9ce3-428c-b53e-ada74e667cfb"
        },
        {
          "@id": "#33725d43-d76d-4f0e-ad58-c0488151cedf"
        },
        {
          "@id": "#2c6517ae-2c0c-4bff-8ab7-acb7a848f2cd"
        },
        {
          "@id": "#5040d4f6-9309-4a78-be7a-58535212a138"
        },
        {
          "@id": "#9677c755-6587-4e56-a98b-824c34ac5d64"
        }
      ],
      "license": {
        "@id": "https://spdx.org/licenses/GPL-3.0-or-later"
      },
      "name": "Genome Assembly Quality Control",
      "version": 1,
      "programmingLanguage": {
        "@id": "https://w3id.org/workflowhub/workflow-ro-crate#galaxy"
      }
    },
    {
      "@id": "https://spdx.org/licenses/GPL-3.0-or-later",
      "@type": "CreativeWork",
      "name": "GPL-3.0-or-later"
    },
    {
      "@id": "https://w3id.org/workflowhub/workflow-ro-crate#galaxy",
      "@type": "ComputerLanguage",
      "identifier": {
        "@id": "https://galaxyproject.org/"
      },
      "name": "Galaxy",
      "url": {
        "@id": "https://galaxyproject.org/"
      },
      "version": "23.1"
    },
    {
      "@id": "#01f21ac5-9ce3-428c-b53e-ada74e667cfb",
      "@type": "Person",
      "name": "Erwan Corre"
    },
    {
      "@id": "#33725d43-d76d-4f0e-ad58-c0488151cedf",
      "@type": "Person",
      "name": "Stéphanie Robin"
    },
    {
      "@id": "#2c6517ae-2c0c-4bff-8ab7-acb7a848f2cd",
      "@type": "Person",
      "name": "Anthony Bretaudeau"
    },
    {
      "@id": "#5040d4f6-9309-4a78-be7a-58535212a138",
      "@type": "Person",
      "name": "Alexandre Cormier"
    },
    {
      "@id": "#9677c755-6587-4e56-a98b-824c34ac5d64",
      "@type": "Person",
      "name": "Laura Leroi"
    }
  ]
}