{
  "@context": "https://w3id.org/ro/crate/1.1/context",
  "@graph": [
    {
      "@id": "ro-crate-metadata.json",
      "@type": "CreativeWork",
      "about": {
        "@id": "./"
      },
      "conformsTo": [
        {
          "@id": "https://w3id.org/ro/crate/1.1"
        },
        {
          "@id": "https://about.workflowhub.eu/Workflow-RO-Crate/"
        }
      ]
    },
    {
      "@id": "./",
      "@type": "Dataset",
      "datePublished": "2024-01-13T00:33:22.761+00:00",
      "mainEntity": {
        "@id": "main_workflow.ga"
      }
    },
    {
      "@id": "main_workflow.ga",
      "@type": [
        "File",
        "SoftwareSourceCode",
        "ComputationalWorkflow"
      ],
      "author": [
        {
          "@id": "#c95e8768-8a26-4ff0-9df8-57be9c6e4ee6"
        },
        {
          "@id": "#5c267308-16b3-4e8b-865f-38ed1b936f89"
        },
        {
          "@id": "#d0b53852-8284-4fa4-89ac-6a6497d5682c"
        },
        {
          "@id": "#0e3c0121-051e-4e3c-83de-b30695cf5324"
        },
        {
          "@id": "#c2bd0e47-6fff-4c9f-bb6a-3af1781c31e6"
        }
      ],
      "license": {
        "@id": "https://spdx.org/licenses/GPL-3.0-or-later"
      },
      "name": "Genome Assembly Quality Control",
      "version": 1,
      "programmingLanguage": {
        "@id": "https://w3id.org/workflowhub/workflow-ro-crate#galaxy"
      }
    },
    {
      "@id": "https://spdx.org/licenses/GPL-3.0-or-later",
      "@type": "CreativeWork",
      "name": "GPL-3.0-or-later"
    },
    {
      "@id": "https://w3id.org/workflowhub/workflow-ro-crate#galaxy",
      "@type": "ComputerLanguage",
      "identifier": {
        "@id": "https://galaxyproject.org/"
      },
      "name": "Galaxy",
      "url": {
        "@id": "https://galaxyproject.org/"
      },
      "version": "23.1"
    },
    {
      "@id": "#c95e8768-8a26-4ff0-9df8-57be9c6e4ee6",
      "@type": "Person",
      "name": "Erwan Corre"
    },
    {
      "@id": "#5c267308-16b3-4e8b-865f-38ed1b936f89",
      "@type": "Person",
      "name": "Stéphanie Robin"
    },
    {
      "@id": "#d0b53852-8284-4fa4-89ac-6a6497d5682c",
      "@type": "Person",
      "name": "Anthony Bretaudeau"
    },
    {
      "@id": "#0e3c0121-051e-4e3c-83de-b30695cf5324",
      "@type": "Person",
      "name": "Alexandre Cormier"
    },
    {
      "@id": "#c2bd0e47-6fff-4c9f-bb6a-3af1781c31e6",
      "@type": "Person",
      "name": "Laura Leroi"
    }
  ]
}