{
  "@context": "https://w3id.org/ro/crate/1.1/context",
  "@graph": [
    {
      "@id": "ro-crate-metadata.json",
      "@type": "CreativeWork",
      "about": {
        "@id": "./"
      },
      "conformsTo": [
        {
          "@id": "https://w3id.org/ro/crate/1.1"
        },
        {
          "@id": "https://about.workflowhub.eu/Workflow-RO-Crate/"
        }
      ]
    },
    {
      "@id": "./",
      "@type": "Dataset",
      "datePublished": "2024-02-21T00:31:13.960+00:00",
      "mainEntity": {
        "@id": "main_workflow.ga"
      }
    },
    {
      "@id": "main_workflow.ga",
      "@type": [
        "File",
        "SoftwareSourceCode",
        "ComputationalWorkflow"
      ],
      "author": [
        {
          "@id": "#c12f0cc8-b37d-4155-905a-452cfc58b0fa"
        },
        {
          "@id": "#83136ccd-ddf4-48f5-ab9a-6ac4f2c5622b"
        },
        {
          "@id": "#5684cf92-994d-451a-9e57-76f5b6b483d4"
        },
        {
          "@id": "#203ea7fe-5b2e-4155-8d00-45ca84be1aeb"
        },
        {
          "@id": "#4e4b4d6c-3736-48ac-8d79-0481f1cd0609"
        }
      ],
      "license": {
        "@id": "https://spdx.org/licenses/GPL-3.0-or-later"
      },
      "name": "Genome Assembly Quality Control",
      "version": 1,
      "programmingLanguage": {
        "@id": "https://w3id.org/workflowhub/workflow-ro-crate#galaxy"
      }
    },
    {
      "@id": "https://spdx.org/licenses/GPL-3.0-or-later",
      "@type": "CreativeWork",
      "name": "GPL-3.0-or-later"
    },
    {
      "@id": "https://w3id.org/workflowhub/workflow-ro-crate#galaxy",
      "@type": "ComputerLanguage",
      "identifier": {
        "@id": "https://galaxyproject.org/"
      },
      "name": "Galaxy",
      "url": {
        "@id": "https://galaxyproject.org/"
      },
      "version": "23.1"
    },
    {
      "@id": "#c12f0cc8-b37d-4155-905a-452cfc58b0fa",
      "@type": "Person",
      "name": "Erwan Corre"
    },
    {
      "@id": "#83136ccd-ddf4-48f5-ab9a-6ac4f2c5622b",
      "@type": "Person",
      "name": "Stéphanie Robin"
    },
    {
      "@id": "#5684cf92-994d-451a-9e57-76f5b6b483d4",
      "@type": "Person",
      "name": "Anthony Bretaudeau"
    },
    {
      "@id": "#203ea7fe-5b2e-4155-8d00-45ca84be1aeb",
      "@type": "Person",
      "name": "Alexandre Cormier"
    },
    {
      "@id": "#4e4b4d6c-3736-48ac-8d79-0481f1cd0609",
      "@type": "Person",
      "name": "Laura Leroi"
    }
  ]
}