{
  "@context": "https://w3id.org/ro/crate/1.1/context",
  "@graph": [
    {
      "@id": "ro-crate-metadata.json",
      "@type": "CreativeWork",
      "about": {
        "@id": "./"
      },
      "conformsTo": [
        {
          "@id": "https://w3id.org/ro/crate/1.1"
        },
        {
          "@id": "https://about.workflowhub.eu/Workflow-RO-Crate/"
        }
      ]
    },
    {
      "@id": "./",
      "@type": "Dataset",
      "datePublished": "2024-01-16T00:33:21.023+00:00",
      "mainEntity": {
        "@id": "main_workflow.ga"
      }
    },
    {
      "@id": "main_workflow.ga",
      "@type": [
        "File",
        "SoftwareSourceCode",
        "ComputationalWorkflow"
      ],
      "author": [
        {
          "@id": "#6243dfb7-3c49-40f3-8bfe-c8334404d72c"
        },
        {
          "@id": "#fd1254f5-25ed-4b04-a73f-86bf6e9298a6"
        },
        {
          "@id": "#8aeca21c-ab38-4c09-8fe3-d6ca1d3f286a"
        },
        {
          "@id": "#b7d02aee-a44a-4cec-8084-c343aeb7ff16"
        },
        {
          "@id": "#f6cf4511-75ce-4b3e-b6a5-8d8b1e918006"
        }
      ],
      "license": {
        "@id": "https://spdx.org/licenses/GPL-3.0-or-later"
      },
      "name": "Genome Assembly Quality Control",
      "version": 1,
      "programmingLanguage": {
        "@id": "https://w3id.org/workflowhub/workflow-ro-crate#galaxy"
      }
    },
    {
      "@id": "https://spdx.org/licenses/GPL-3.0-or-later",
      "@type": "CreativeWork",
      "name": "GPL-3.0-or-later"
    },
    {
      "@id": "https://w3id.org/workflowhub/workflow-ro-crate#galaxy",
      "@type": "ComputerLanguage",
      "identifier": {
        "@id": "https://galaxyproject.org/"
      },
      "name": "Galaxy",
      "url": {
        "@id": "https://galaxyproject.org/"
      },
      "version": "23.1"
    },
    {
      "@id": "#6243dfb7-3c49-40f3-8bfe-c8334404d72c",
      "@type": "Person",
      "name": "Erwan Corre"
    },
    {
      "@id": "#fd1254f5-25ed-4b04-a73f-86bf6e9298a6",
      "@type": "Person",
      "name": "Stéphanie Robin"
    },
    {
      "@id": "#8aeca21c-ab38-4c09-8fe3-d6ca1d3f286a",
      "@type": "Person",
      "name": "Anthony Bretaudeau"
    },
    {
      "@id": "#b7d02aee-a44a-4cec-8084-c343aeb7ff16",
      "@type": "Person",
      "name": "Alexandre Cormier"
    },
    {
      "@id": "#f6cf4511-75ce-4b3e-b6a5-8d8b1e918006",
      "@type": "Person",
      "name": "Laura Leroi"
    }
  ]
}