{
  "@context": "https://w3id.org/ro/crate/1.1/context",
  "@graph": [
    {
      "@id": "ro-crate-metadata.json",
      "@type": "CreativeWork",
      "about": {
        "@id": "./"
      },
      "conformsTo": [
        {
          "@id": "https://w3id.org/ro/crate/1.1"
        },
        {
          "@id": "https://about.workflowhub.eu/Workflow-RO-Crate/"
        }
      ]
    },
    {
      "@id": "./",
      "@type": "Dataset",
      "datePublished": "2024-05-27T00:35:45.181+00:00",
      "mainEntity": {
        "@id": "main_workflow.ga"
      }
    },
    {
      "@id": "main_workflow.ga",
      "@type": [
        "File",
        "SoftwareSourceCode",
        "ComputationalWorkflow"
      ],
      "author": [
        {
          "@id": "#81b4d772-6404-4ac3-bf01-11f93f10785a"
        },
        {
          "@id": "#c87fa143-b895-40d9-9cb9-8f29f2fdd01e"
        },
        {
          "@id": "#12abe92b-c45c-42b4-835a-a4900d8449d4"
        },
        {
          "@id": "#37a5ffda-a16e-4667-9187-9d39897df51f"
        },
        {
          "@id": "#76fbdb71-3ec0-4c7a-b51f-51c4e4f7780f"
        }
      ],
      "license": {
        "@id": "https://spdx.org/licenses/GPL-3.0-or-later"
      },
      "name": "Genome Assembly Quality Control",
      "version": 1,
      "programmingLanguage": {
        "@id": "https://w3id.org/workflowhub/workflow-ro-crate#galaxy"
      }
    },
    {
      "@id": "https://spdx.org/licenses/GPL-3.0-or-later",
      "@type": "CreativeWork",
      "name": "GPL-3.0-or-later"
    },
    {
      "@id": "https://w3id.org/workflowhub/workflow-ro-crate#galaxy",
      "@type": "ComputerLanguage",
      "identifier": {
        "@id": "https://galaxyproject.org/"
      },
      "name": "Galaxy",
      "url": {
        "@id": "https://galaxyproject.org/"
      },
      "version": "23.1"
    },
    {
      "@id": "#81b4d772-6404-4ac3-bf01-11f93f10785a",
      "@type": "Person",
      "name": "Erwan Corre"
    },
    {
      "@id": "#c87fa143-b895-40d9-9cb9-8f29f2fdd01e",
      "@type": "Person",
      "name": "Stéphanie Robin"
    },
    {
      "@id": "#12abe92b-c45c-42b4-835a-a4900d8449d4",
      "@type": "Person",
      "name": "Anthony Bretaudeau"
    },
    {
      "@id": "#37a5ffda-a16e-4667-9187-9d39897df51f",
      "@type": "Person",
      "name": "Alexandre Cormier"
    },
    {
      "@id": "#76fbdb71-3ec0-4c7a-b51f-51c4e4f7780f",
      "@type": "Person",
      "name": "Laura Leroi"
    }
  ]
}