{
  "@context": "https://w3id.org/ro/crate/1.1/context",
  "@graph": [
    {
      "@id": "ro-crate-metadata.json",
      "@type": "CreativeWork",
      "about": {
        "@id": "./"
      },
      "conformsTo": [
        {
          "@id": "https://w3id.org/ro/crate/1.1"
        },
        {
          "@id": "https://about.workflowhub.eu/Workflow-RO-Crate/"
        }
      ]
    },
    {
      "@id": "./",
      "@type": "Dataset",
      "datePublished": "2023-12-23T00:31:49.441+00:00",
      "mainEntity": {
        "@id": "main_workflow.ga"
      }
    },
    {
      "@id": "main_workflow.ga",
      "@type": [
        "File",
        "SoftwareSourceCode",
        "ComputationalWorkflow"
      ],
      "author": [
        {
          "@id": "#c4f9a061-e1b3-4d5f-bc44-ccda52768841"
        },
        {
          "@id": "#77f20baa-8c81-4839-bbcd-88e1d5aa2b5f"
        },
        {
          "@id": "#e3fba3f1-75d5-496f-9e01-33cc070c2a1c"
        },
        {
          "@id": "#5b40fdf8-deef-4114-86a8-f8ee5e76426d"
        },
        {
          "@id": "#4b18af65-72d4-4674-9e4c-e58327183751"
        }
      ],
      "license": {
        "@id": "https://spdx.org/licenses/GPL-3.0-or-later"
      },
      "name": "Genome Assembly Quality Control",
      "version": 1,
      "programmingLanguage": {
        "@id": "https://w3id.org/workflowhub/workflow-ro-crate#galaxy"
      }
    },
    {
      "@id": "https://spdx.org/licenses/GPL-3.0-or-later",
      "@type": "CreativeWork",
      "name": "GPL-3.0-or-later"
    },
    {
      "@id": "https://w3id.org/workflowhub/workflow-ro-crate#galaxy",
      "@type": "ComputerLanguage",
      "identifier": {
        "@id": "https://galaxyproject.org/"
      },
      "name": "Galaxy",
      "url": {
        "@id": "https://galaxyproject.org/"
      },
      "version": "23.1"
    },
    {
      "@id": "#c4f9a061-e1b3-4d5f-bc44-ccda52768841",
      "@type": "Person",
      "name": "Erwan Corre"
    },
    {
      "@id": "#77f20baa-8c81-4839-bbcd-88e1d5aa2b5f",
      "@type": "Person",
      "name": "Stéphanie Robin"
    },
    {
      "@id": "#e3fba3f1-75d5-496f-9e01-33cc070c2a1c",
      "@type": "Person",
      "name": "Anthony Bretaudeau"
    },
    {
      "@id": "#5b40fdf8-deef-4114-86a8-f8ee5e76426d",
      "@type": "Person",
      "name": "Alexandre Cormier"
    },
    {
      "@id": "#4b18af65-72d4-4674-9e4c-e58327183751",
      "@type": "Person",
      "name": "Laura Leroi"
    }
  ]
}