{
  "@context": "https://w3id.org/ro/crate/1.1/context",
  "@graph": [
    {
      "@id": "ro-crate-metadata.json",
      "@type": "CreativeWork",
      "about": {
        "@id": "./"
      },
      "conformsTo": [
        {
          "@id": "https://w3id.org/ro/crate/1.1"
        },
        {
          "@id": "https://about.workflowhub.eu/Workflow-RO-Crate/"
        }
      ]
    },
    {
      "@id": "./",
      "@type": "Dataset",
      "datePublished": "2024-01-28T00:33:58.642+00:00",
      "mainEntity": {
        "@id": "main_workflow.ga"
      }
    },
    {
      "@id": "main_workflow.ga",
      "@type": [
        "File",
        "SoftwareSourceCode",
        "ComputationalWorkflow"
      ],
      "author": [
        {
          "@id": "#cff56dd1-39e7-4d02-96f0-1e11764b374e"
        },
        {
          "@id": "#3f270875-3243-427c-b1bb-2451c89b5914"
        },
        {
          "@id": "#9f084a5f-9029-4a40-bba2-0b4ce6fcc1e9"
        },
        {
          "@id": "#9c03401c-7f8d-4033-8a7e-be09df8fc407"
        },
        {
          "@id": "#57252d5a-d472-4c89-8792-b090d7c5592b"
        }
      ],
      "license": {
        "@id": "https://spdx.org/licenses/GPL-3.0-or-later"
      },
      "name": "Genome Assembly Quality Control",
      "version": 1,
      "programmingLanguage": {
        "@id": "https://w3id.org/workflowhub/workflow-ro-crate#galaxy"
      }
    },
    {
      "@id": "https://spdx.org/licenses/GPL-3.0-or-later",
      "@type": "CreativeWork",
      "name": "GPL-3.0-or-later"
    },
    {
      "@id": "https://w3id.org/workflowhub/workflow-ro-crate#galaxy",
      "@type": "ComputerLanguage",
      "identifier": {
        "@id": "https://galaxyproject.org/"
      },
      "name": "Galaxy",
      "url": {
        "@id": "https://galaxyproject.org/"
      },
      "version": "23.1"
    },
    {
      "@id": "#cff56dd1-39e7-4d02-96f0-1e11764b374e",
      "@type": "Person",
      "name": "Erwan Corre"
    },
    {
      "@id": "#3f270875-3243-427c-b1bb-2451c89b5914",
      "@type": "Person",
      "name": "Stéphanie Robin"
    },
    {
      "@id": "#9f084a5f-9029-4a40-bba2-0b4ce6fcc1e9",
      "@type": "Person",
      "name": "Anthony Bretaudeau"
    },
    {
      "@id": "#9c03401c-7f8d-4033-8a7e-be09df8fc407",
      "@type": "Person",
      "name": "Alexandre Cormier"
    },
    {
      "@id": "#57252d5a-d472-4c89-8792-b090d7c5592b",
      "@type": "Person",
      "name": "Laura Leroi"
    }
  ]
}