{
  "@context": "https://w3id.org/ro/crate/1.1/context",
  "@graph": [
    {
      "@id": "ro-crate-metadata.json",
      "@type": "CreativeWork",
      "about": {
        "@id": "./"
      },
      "conformsTo": [
        {
          "@id": "https://w3id.org/ro/crate/1.1"
        },
        {
          "@id": "https://about.workflowhub.eu/Workflow-RO-Crate/"
        }
      ]
    },
    {
      "@id": "./",
      "@type": "Dataset",
      "datePublished": "2023-12-27T00:31:24.239+00:00",
      "mainEntity": {
        "@id": "main_workflow.ga"
      }
    },
    {
      "@id": "main_workflow.ga",
      "@type": [
        "File",
        "SoftwareSourceCode",
        "ComputationalWorkflow"
      ],
      "author": [
        {
          "@id": "#e3b935c6-476f-4feb-b169-e00aa1348990"
        },
        {
          "@id": "#44b5993c-cd0b-43bc-912c-211c2d26091f"
        },
        {
          "@id": "#86a04555-46a5-4de1-bd81-dac6e3da6c2e"
        },
        {
          "@id": "#fa8c119c-d954-4c7d-b00e-e9a326d4d929"
        },
        {
          "@id": "#0bd2adee-f1ea-4efd-af23-ce8f5f5720fb"
        }
      ],
      "license": {
        "@id": "https://spdx.org/licenses/GPL-3.0-or-later"
      },
      "name": "Genome Assembly Quality Control",
      "version": 1,
      "programmingLanguage": {
        "@id": "https://w3id.org/workflowhub/workflow-ro-crate#galaxy"
      }
    },
    {
      "@id": "https://spdx.org/licenses/GPL-3.0-or-later",
      "@type": "CreativeWork",
      "name": "GPL-3.0-or-later"
    },
    {
      "@id": "https://w3id.org/workflowhub/workflow-ro-crate#galaxy",
      "@type": "ComputerLanguage",
      "identifier": {
        "@id": "https://galaxyproject.org/"
      },
      "name": "Galaxy",
      "url": {
        "@id": "https://galaxyproject.org/"
      },
      "version": "23.1"
    },
    {
      "@id": "#e3b935c6-476f-4feb-b169-e00aa1348990",
      "@type": "Person",
      "name": "Erwan Corre"
    },
    {
      "@id": "#44b5993c-cd0b-43bc-912c-211c2d26091f",
      "@type": "Person",
      "name": "Stéphanie Robin"
    },
    {
      "@id": "#86a04555-46a5-4de1-bd81-dac6e3da6c2e",
      "@type": "Person",
      "name": "Anthony Bretaudeau"
    },
    {
      "@id": "#fa8c119c-d954-4c7d-b00e-e9a326d4d929",
      "@type": "Person",
      "name": "Alexandre Cormier"
    },
    {
      "@id": "#0bd2adee-f1ea-4efd-af23-ce8f5f5720fb",
      "@type": "Person",
      "name": "Laura Leroi"
    }
  ]
}