{
  "@context": "https://w3id.org/ro/crate/1.1/context",
  "@graph": [
    {
      "@id": "ro-crate-metadata.json",
      "@type": "CreativeWork",
      "about": {
        "@id": "./"
      },
      "conformsTo": [
        {
          "@id": "https://w3id.org/ro/crate/1.1"
        },
        {
          "@id": "https://about.workflowhub.eu/Workflow-RO-Crate/"
        }
      ]
    },
    {
      "@id": "./",
      "@type": "Dataset",
      "datePublished": "2024-01-31T00:31:48.288+00:00",
      "mainEntity": {
        "@id": "main_workflow.ga"
      }
    },
    {
      "@id": "main_workflow.ga",
      "@type": [
        "File",
        "SoftwareSourceCode",
        "ComputationalWorkflow"
      ],
      "author": [
        {
          "@id": "#cc05ffeb-ea48-4ba7-967d-fbdba37f88c1"
        },
        {
          "@id": "#4e8415fe-0103-43ea-8ebe-22756b6c97d3"
        },
        {
          "@id": "#d6a0753f-3b01-4444-896f-a34af3b7e05b"
        },
        {
          "@id": "#9a2bc553-b806-4ae7-a0a8-ce1b458e9cb2"
        },
        {
          "@id": "#55b0bdd8-20cf-446d-a31e-45bb2890ecfc"
        }
      ],
      "license": {
        "@id": "https://spdx.org/licenses/GPL-3.0-or-later"
      },
      "name": "Genome Assembly Quality Control",
      "version": 1,
      "programmingLanguage": {
        "@id": "https://w3id.org/workflowhub/workflow-ro-crate#galaxy"
      }
    },
    {
      "@id": "https://spdx.org/licenses/GPL-3.0-or-later",
      "@type": "CreativeWork",
      "name": "GPL-3.0-or-later"
    },
    {
      "@id": "https://w3id.org/workflowhub/workflow-ro-crate#galaxy",
      "@type": "ComputerLanguage",
      "identifier": {
        "@id": "https://galaxyproject.org/"
      },
      "name": "Galaxy",
      "url": {
        "@id": "https://galaxyproject.org/"
      },
      "version": "23.1"
    },
    {
      "@id": "#cc05ffeb-ea48-4ba7-967d-fbdba37f88c1",
      "@type": "Person",
      "name": "Erwan Corre"
    },
    {
      "@id": "#4e8415fe-0103-43ea-8ebe-22756b6c97d3",
      "@type": "Person",
      "name": "Stéphanie Robin"
    },
    {
      "@id": "#d6a0753f-3b01-4444-896f-a34af3b7e05b",
      "@type": "Person",
      "name": "Anthony Bretaudeau"
    },
    {
      "@id": "#9a2bc553-b806-4ae7-a0a8-ce1b458e9cb2",
      "@type": "Person",
      "name": "Alexandre Cormier"
    },
    {
      "@id": "#55b0bdd8-20cf-446d-a31e-45bb2890ecfc",
      "@type": "Person",
      "name": "Laura Leroi"
    }
  ]
}