{
  "@context": "https://w3id.org/ro/crate/1.1/context",
  "@graph": [
    {
      "@id": "ro-crate-metadata.json",
      "@type": "CreativeWork",
      "about": {
        "@id": "./"
      },
      "conformsTo": [
        {
          "@id": "https://w3id.org/ro/crate/1.1"
        },
        {
          "@id": "https://about.workflowhub.eu/Workflow-RO-Crate/"
        }
      ]
    },
    {
      "@id": "./",
      "@type": "Dataset",
      "datePublished": "2024-04-14T00:38:53.430+00:00",
      "mainEntity": {
        "@id": "main_workflow.ga"
      }
    },
    {
      "@id": "main_workflow.ga",
      "@type": [
        "File",
        "SoftwareSourceCode",
        "ComputationalWorkflow"
      ],
      "author": [
        {
          "@id": "#ff179c26-0222-46b5-af60-0e4ec4fbb620"
        },
        {
          "@id": "#dbc95ed2-ba80-48f1-bea2-d03ad9b6a9a5"
        },
        {
          "@id": "#a262b7c3-f7fc-40df-ba0b-7a9263845afd"
        },
        {
          "@id": "#d16c56be-f3ec-4507-ba6b-0011822e77f9"
        },
        {
          "@id": "#24be7267-19fa-49e3-9398-34665e44d837"
        }
      ],
      "license": {
        "@id": "https://spdx.org/licenses/GPL-3.0-or-later"
      },
      "name": "Genome Assembly Quality Control",
      "version": 1,
      "programmingLanguage": {
        "@id": "https://w3id.org/workflowhub/workflow-ro-crate#galaxy"
      }
    },
    {
      "@id": "https://spdx.org/licenses/GPL-3.0-or-later",
      "@type": "CreativeWork",
      "name": "GPL-3.0-or-later"
    },
    {
      "@id": "https://w3id.org/workflowhub/workflow-ro-crate#galaxy",
      "@type": "ComputerLanguage",
      "identifier": {
        "@id": "https://galaxyproject.org/"
      },
      "name": "Galaxy",
      "url": {
        "@id": "https://galaxyproject.org/"
      },
      "version": "23.1"
    },
    {
      "@id": "#ff179c26-0222-46b5-af60-0e4ec4fbb620",
      "@type": "Person",
      "name": "Erwan Corre"
    },
    {
      "@id": "#dbc95ed2-ba80-48f1-bea2-d03ad9b6a9a5",
      "@type": "Person",
      "name": "Stéphanie Robin"
    },
    {
      "@id": "#a262b7c3-f7fc-40df-ba0b-7a9263845afd",
      "@type": "Person",
      "name": "Anthony Bretaudeau"
    },
    {
      "@id": "#d16c56be-f3ec-4507-ba6b-0011822e77f9",
      "@type": "Person",
      "name": "Alexandre Cormier"
    },
    {
      "@id": "#24be7267-19fa-49e3-9398-34665e44d837",
      "@type": "Person",
      "name": "Laura Leroi"
    }
  ]
}