{
  "@context": "https://w3id.org/ro/crate/1.1/context",
  "@graph": [
    {
      "@id": "ro-crate-metadata.json",
      "@type": "CreativeWork",
      "about": {
        "@id": "./"
      },
      "conformsTo": [
        {
          "@id": "https://w3id.org/ro/crate/1.1"
        },
        {
          "@id": "https://about.workflowhub.eu/Workflow-RO-Crate/"
        }
      ]
    },
    {
      "@id": "./",
      "@type": "Dataset",
      "datePublished": "2023-12-03T00:34:49.000+00:00",
      "mainEntity": {
        "@id": "main_workflow.ga"
      }
    },
    {
      "@id": "main_workflow.ga",
      "@type": [
        "File",
        "SoftwareSourceCode",
        "ComputationalWorkflow"
      ],
      "author": [
        {
          "@id": "#d6c69c61-b12a-4bc2-9985-9a2333b8741c"
        },
        {
          "@id": "#554f5f85-0fd4-4a91-9653-09748c922348"
        },
        {
          "@id": "#a76a5520-60fd-4c6a-8165-353fb8c75269"
        },
        {
          "@id": "#5e3e6065-f4c4-43a3-8944-1ea22d8a3b75"
        },
        {
          "@id": "#30c2b077-227d-4dfe-985a-15176090bd93"
        }
      ],
      "license": {
        "@id": "https://spdx.org/licenses/GPL-3.0-or-later"
      },
      "name": "Genome Assembly Quality Control",
      "version": 1,
      "programmingLanguage": {
        "@id": "https://w3id.org/workflowhub/workflow-ro-crate#galaxy"
      }
    },
    {
      "@id": "https://spdx.org/licenses/GPL-3.0-or-later",
      "@type": "CreativeWork",
      "name": "GPL-3.0-or-later"
    },
    {
      "@id": "https://w3id.org/workflowhub/workflow-ro-crate#galaxy",
      "@type": "ComputerLanguage",
      "identifier": {
        "@id": "https://galaxyproject.org/"
      },
      "name": "Galaxy",
      "url": {
        "@id": "https://galaxyproject.org/"
      },
      "version": "23.1"
    },
    {
      "@id": "#d6c69c61-b12a-4bc2-9985-9a2333b8741c",
      "@type": "Person",
      "name": "Erwan Corre"
    },
    {
      "@id": "#554f5f85-0fd4-4a91-9653-09748c922348",
      "@type": "Person",
      "name": "Stéphanie Robin"
    },
    {
      "@id": "#a76a5520-60fd-4c6a-8165-353fb8c75269",
      "@type": "Person",
      "name": "Anthony Bretaudeau"
    },
    {
      "@id": "#5e3e6065-f4c4-43a3-8944-1ea22d8a3b75",
      "@type": "Person",
      "name": "Alexandre Cormier"
    },
    {
      "@id": "#30c2b077-227d-4dfe-985a-15176090bd93",
      "@type": "Person",
      "name": "Laura Leroi"
    }
  ]
}