{
  "@context": "https://w3id.org/ro/crate/1.1/context",
  "@graph": [
    {
      "@id": "ro-crate-metadata.json",
      "@type": "CreativeWork",
      "about": {
        "@id": "./"
      },
      "conformsTo": [
        {
          "@id": "https://w3id.org/ro/crate/1.1"
        },
        {
          "@id": "https://about.workflowhub.eu/Workflow-RO-Crate/"
        }
      ]
    },
    {
      "@id": "./",
      "@type": "Dataset",
      "datePublished": "2024-01-30T00:31:39.680+00:00",
      "mainEntity": {
        "@id": "main_workflow.ga"
      }
    },
    {
      "@id": "main_workflow.ga",
      "@type": [
        "File",
        "SoftwareSourceCode",
        "ComputationalWorkflow"
      ],
      "author": [
        {
          "@id": "#23c0b01d-7022-42c4-85af-843e41718077"
        },
        {
          "@id": "#1efa8990-a768-42c8-8556-44a043fd9f67"
        },
        {
          "@id": "#cb7f5ef7-4e67-4563-ab5e-e69bc51f6008"
        },
        {
          "@id": "#d385d2d2-6760-4b04-bd65-af77e11c90c0"
        },
        {
          "@id": "#9a45f5aa-03e5-46f9-95e2-2d0c10d59051"
        }
      ],
      "license": {
        "@id": "https://spdx.org/licenses/GPL-3.0-or-later"
      },
      "name": "Genome Assembly Quality Control",
      "version": 1,
      "programmingLanguage": {
        "@id": "https://w3id.org/workflowhub/workflow-ro-crate#galaxy"
      }
    },
    {
      "@id": "https://spdx.org/licenses/GPL-3.0-or-later",
      "@type": "CreativeWork",
      "name": "GPL-3.0-or-later"
    },
    {
      "@id": "https://w3id.org/workflowhub/workflow-ro-crate#galaxy",
      "@type": "ComputerLanguage",
      "identifier": {
        "@id": "https://galaxyproject.org/"
      },
      "name": "Galaxy",
      "url": {
        "@id": "https://galaxyproject.org/"
      },
      "version": "23.1"
    },
    {
      "@id": "#23c0b01d-7022-42c4-85af-843e41718077",
      "@type": "Person",
      "name": "Erwan Corre"
    },
    {
      "@id": "#1efa8990-a768-42c8-8556-44a043fd9f67",
      "@type": "Person",
      "name": "Stéphanie Robin"
    },
    {
      "@id": "#cb7f5ef7-4e67-4563-ab5e-e69bc51f6008",
      "@type": "Person",
      "name": "Anthony Bretaudeau"
    },
    {
      "@id": "#d385d2d2-6760-4b04-bd65-af77e11c90c0",
      "@type": "Person",
      "name": "Alexandre Cormier"
    },
    {
      "@id": "#9a45f5aa-03e5-46f9-95e2-2d0c10d59051",
      "@type": "Person",
      "name": "Laura Leroi"
    }
  ]
}