{
  "@context": "https://w3id.org/ro/crate/1.1/context",
  "@graph": [
    {
      "@id": "ro-crate-metadata.json",
      "@type": "CreativeWork",
      "about": {
        "@id": "./"
      },
      "conformsTo": [
        {
          "@id": "https://w3id.org/ro/crate/1.1"
        },
        {
          "@id": "https://about.workflowhub.eu/Workflow-RO-Crate/"
        }
      ]
    },
    {
      "@id": "./",
      "@type": "Dataset",
      "datePublished": "2024-02-19T00:33:19.098+00:00",
      "mainEntity": {
        "@id": "main_workflow.ga"
      }
    },
    {
      "@id": "main_workflow.ga",
      "@type": [
        "File",
        "SoftwareSourceCode",
        "ComputationalWorkflow"
      ],
      "author": [
        {
          "@id": "#fead1b89-5e33-447f-b649-3c7a73c05fe7"
        },
        {
          "@id": "#6383d41c-9e70-4fd9-ae11-901996e6697f"
        },
        {
          "@id": "#3bb15d0b-66ed-4e9e-afa0-ad02eb33b398"
        },
        {
          "@id": "#01d1f3ef-6e96-4b6a-97c7-9031e6e5fac1"
        },
        {
          "@id": "#b8f9d7dc-e36a-45ff-a443-1aa45011556b"
        }
      ],
      "license": {
        "@id": "https://spdx.org/licenses/GPL-3.0-or-later"
      },
      "name": "Genome Assembly Quality Control",
      "version": 1,
      "programmingLanguage": {
        "@id": "https://w3id.org/workflowhub/workflow-ro-crate#galaxy"
      }
    },
    {
      "@id": "https://spdx.org/licenses/GPL-3.0-or-later",
      "@type": "CreativeWork",
      "name": "GPL-3.0-or-later"
    },
    {
      "@id": "https://w3id.org/workflowhub/workflow-ro-crate#galaxy",
      "@type": "ComputerLanguage",
      "identifier": {
        "@id": "https://galaxyproject.org/"
      },
      "name": "Galaxy",
      "url": {
        "@id": "https://galaxyproject.org/"
      },
      "version": "23.1"
    },
    {
      "@id": "#fead1b89-5e33-447f-b649-3c7a73c05fe7",
      "@type": "Person",
      "name": "Erwan Corre"
    },
    {
      "@id": "#6383d41c-9e70-4fd9-ae11-901996e6697f",
      "@type": "Person",
      "name": "Stéphanie Robin"
    },
    {
      "@id": "#3bb15d0b-66ed-4e9e-afa0-ad02eb33b398",
      "@type": "Person",
      "name": "Anthony Bretaudeau"
    },
    {
      "@id": "#01d1f3ef-6e96-4b6a-97c7-9031e6e5fac1",
      "@type": "Person",
      "name": "Alexandre Cormier"
    },
    {
      "@id": "#b8f9d7dc-e36a-45ff-a443-1aa45011556b",
      "@type": "Person",
      "name": "Laura Leroi"
    }
  ]
}