{
  "@context": "https://w3id.org/ro/crate/1.1/context",
  "@graph": [
    {
      "@id": "ro-crate-metadata.json",
      "@type": "CreativeWork",
      "about": {
        "@id": "./"
      },
      "conformsTo": [
        {
          "@id": "https://w3id.org/ro/crate/1.1"
        },
        {
          "@id": "https://about.workflowhub.eu/Workflow-RO-Crate/"
        }
      ]
    },
    {
      "@id": "./",
      "@type": "Dataset",
      "datePublished": "2024-01-05T00:33:10.565+00:00",
      "mainEntity": {
        "@id": "main_workflow.ga"
      }
    },
    {
      "@id": "main_workflow.ga",
      "@type": [
        "File",
        "SoftwareSourceCode",
        "ComputationalWorkflow"
      ],
      "author": [
        {
          "@id": "#b36ad58b-e2aa-4665-88ce-f44cf67e94ca"
        },
        {
          "@id": "#c8ffafeb-5224-42ef-96c9-9ca35597e924"
        },
        {
          "@id": "#6ddc0a73-4c38-4e76-80e6-99a5fdd5724a"
        },
        {
          "@id": "#d5b3ce36-cd27-46e9-bc33-c64e2ab4252d"
        },
        {
          "@id": "#5369459d-cfcc-4322-a2aa-5b9f1b17dbb8"
        }
      ],
      "license": {
        "@id": "https://spdx.org/licenses/GPL-3.0-or-later"
      },
      "name": "Genome Assembly Quality Control",
      "version": 1,
      "programmingLanguage": {
        "@id": "https://w3id.org/workflowhub/workflow-ro-crate#galaxy"
      }
    },
    {
      "@id": "https://spdx.org/licenses/GPL-3.0-or-later",
      "@type": "CreativeWork",
      "name": "GPL-3.0-or-later"
    },
    {
      "@id": "https://w3id.org/workflowhub/workflow-ro-crate#galaxy",
      "@type": "ComputerLanguage",
      "identifier": {
        "@id": "https://galaxyproject.org/"
      },
      "name": "Galaxy",
      "url": {
        "@id": "https://galaxyproject.org/"
      },
      "version": "23.1"
    },
    {
      "@id": "#b36ad58b-e2aa-4665-88ce-f44cf67e94ca",
      "@type": "Person",
      "name": "Erwan Corre"
    },
    {
      "@id": "#c8ffafeb-5224-42ef-96c9-9ca35597e924",
      "@type": "Person",
      "name": "Stéphanie Robin"
    },
    {
      "@id": "#6ddc0a73-4c38-4e76-80e6-99a5fdd5724a",
      "@type": "Person",
      "name": "Anthony Bretaudeau"
    },
    {
      "@id": "#d5b3ce36-cd27-46e9-bc33-c64e2ab4252d",
      "@type": "Person",
      "name": "Alexandre Cormier"
    },
    {
      "@id": "#5369459d-cfcc-4322-a2aa-5b9f1b17dbb8",
      "@type": "Person",
      "name": "Laura Leroi"
    }
  ]
}