{
  "@context": "https://w3id.org/ro/crate/1.1/context",
  "@graph": [
    {
      "@id": "ro-crate-metadata.json",
      "@type": "CreativeWork",
      "about": {
        "@id": "./"
      },
      "conformsTo": [
        {
          "@id": "https://w3id.org/ro/crate/1.1"
        },
        {
          "@id": "https://about.workflowhub.eu/Workflow-RO-Crate/"
        }
      ]
    },
    {
      "@id": "./",
      "@type": "Dataset",
      "datePublished": "2024-01-01T00:36:32.256+00:00",
      "mainEntity": {
        "@id": "main_workflow.ga"
      }
    },
    {
      "@id": "main_workflow.ga",
      "@type": [
        "File",
        "SoftwareSourceCode",
        "ComputationalWorkflow"
      ],
      "author": [
        {
          "@id": "#4e74e48d-dd4d-4581-a791-abeee24caab0"
        },
        {
          "@id": "#92727fae-51c0-4671-8576-c99f1726196f"
        },
        {
          "@id": "#7fdb2a83-a499-46e6-87b8-e78912885bd7"
        },
        {
          "@id": "#e3c161f9-a836-47c3-9e6b-961acf9ec8fd"
        },
        {
          "@id": "#e9beed4d-d29a-44a1-bc46-4501c119507b"
        }
      ],
      "license": {
        "@id": "https://spdx.org/licenses/GPL-3.0-or-later"
      },
      "name": "Genome Assembly Quality Control",
      "version": 1,
      "programmingLanguage": {
        "@id": "https://w3id.org/workflowhub/workflow-ro-crate#galaxy"
      }
    },
    {
      "@id": "https://spdx.org/licenses/GPL-3.0-or-later",
      "@type": "CreativeWork",
      "name": "GPL-3.0-or-later"
    },
    {
      "@id": "https://w3id.org/workflowhub/workflow-ro-crate#galaxy",
      "@type": "ComputerLanguage",
      "identifier": {
        "@id": "https://galaxyproject.org/"
      },
      "name": "Galaxy",
      "url": {
        "@id": "https://galaxyproject.org/"
      },
      "version": "23.1"
    },
    {
      "@id": "#4e74e48d-dd4d-4581-a791-abeee24caab0",
      "@type": "Person",
      "name": "Erwan Corre"
    },
    {
      "@id": "#92727fae-51c0-4671-8576-c99f1726196f",
      "@type": "Person",
      "name": "Stéphanie Robin"
    },
    {
      "@id": "#7fdb2a83-a499-46e6-87b8-e78912885bd7",
      "@type": "Person",
      "name": "Anthony Bretaudeau"
    },
    {
      "@id": "#e3c161f9-a836-47c3-9e6b-961acf9ec8fd",
      "@type": "Person",
      "name": "Alexandre Cormier"
    },
    {
      "@id": "#e9beed4d-d29a-44a1-bc46-4501c119507b",
      "@type": "Person",
      "name": "Laura Leroi"
    }
  ]
}