{
  "@context": "https://w3id.org/ro/crate/1.1/context",
  "@graph": [
    {
      "@id": "ro-crate-metadata.json",
      "@type": "CreativeWork",
      "about": {
        "@id": "./"
      },
      "conformsTo": [
        {
          "@id": "https://w3id.org/ro/crate/1.1"
        },
        {
          "@id": "https://about.workflowhub.eu/Workflow-RO-Crate/"
        }
      ]
    },
    {
      "@id": "./",
      "@type": "Dataset",
      "datePublished": "2024-05-17T00:34:24.699+00:00",
      "mainEntity": {
        "@id": "main_workflow.ga"
      }
    },
    {
      "@id": "main_workflow.ga",
      "@type": [
        "File",
        "SoftwareSourceCode",
        "ComputationalWorkflow"
      ],
      "author": [
        {
          "@id": "#3017e4eb-63a8-4035-b7cd-f9b05236ccaa"
        },
        {
          "@id": "#372fe51d-9150-4cda-b4af-f8417baa58cd"
        },
        {
          "@id": "#02301cb6-06b0-4be6-8c53-7f5bc21496e0"
        },
        {
          "@id": "#9aa312e3-875a-4c97-b4e8-d2f4b4f7b80d"
        },
        {
          "@id": "#06fbafc0-7f80-407f-a6f1-f79200364ca2"
        }
      ],
      "license": {
        "@id": "https://spdx.org/licenses/GPL-3.0-or-later"
      },
      "name": "Genome Assembly Quality Control",
      "version": 1,
      "programmingLanguage": {
        "@id": "https://w3id.org/workflowhub/workflow-ro-crate#galaxy"
      }
    },
    {
      "@id": "https://spdx.org/licenses/GPL-3.0-or-later",
      "@type": "CreativeWork",
      "name": "GPL-3.0-or-later"
    },
    {
      "@id": "https://w3id.org/workflowhub/workflow-ro-crate#galaxy",
      "@type": "ComputerLanguage",
      "identifier": {
        "@id": "https://galaxyproject.org/"
      },
      "name": "Galaxy",
      "url": {
        "@id": "https://galaxyproject.org/"
      },
      "version": "23.1"
    },
    {
      "@id": "#3017e4eb-63a8-4035-b7cd-f9b05236ccaa",
      "@type": "Person",
      "name": "Erwan Corre"
    },
    {
      "@id": "#372fe51d-9150-4cda-b4af-f8417baa58cd",
      "@type": "Person",
      "name": "Stéphanie Robin"
    },
    {
      "@id": "#02301cb6-06b0-4be6-8c53-7f5bc21496e0",
      "@type": "Person",
      "name": "Anthony Bretaudeau"
    },
    {
      "@id": "#9aa312e3-875a-4c97-b4e8-d2f4b4f7b80d",
      "@type": "Person",
      "name": "Alexandre Cormier"
    },
    {
      "@id": "#06fbafc0-7f80-407f-a6f1-f79200364ca2",
      "@type": "Person",
      "name": "Laura Leroi"
    }
  ]
}