{
  "@context": "https://w3id.org/ro/crate/1.1/context",
  "@graph": [
    {
      "@id": "ro-crate-metadata.json",
      "@type": "CreativeWork",
      "about": {
        "@id": "./"
      },
      "conformsTo": [
        {
          "@id": "https://w3id.org/ro/crate/1.1"
        },
        {
          "@id": "https://about.workflowhub.eu/Workflow-RO-Crate/"
        }
      ]
    },
    {
      "@id": "./",
      "@type": "Dataset",
      "datePublished": "2024-04-10T00:32:29.805+00:00",
      "mainEntity": {
        "@id": "main_workflow.ga"
      }
    },
    {
      "@id": "main_workflow.ga",
      "@type": [
        "File",
        "SoftwareSourceCode",
        "ComputationalWorkflow"
      ],
      "author": [
        {
          "@id": "#287c7d54-f8a6-4880-a370-982fda9b6200"
        },
        {
          "@id": "#b9519737-0f41-4a01-b809-2c6a11419898"
        },
        {
          "@id": "#9688a3c5-1195-4301-8f38-61648c18f5c8"
        },
        {
          "@id": "#40ca9c7d-9c1f-4ef7-ba6b-911407d59ee1"
        },
        {
          "@id": "#8ee4ed89-c8cd-4b99-b967-6873d10b6b84"
        }
      ],
      "license": {
        "@id": "https://spdx.org/licenses/GPL-3.0-or-later"
      },
      "name": "Genome Assembly Quality Control",
      "version": 1,
      "programmingLanguage": {
        "@id": "https://w3id.org/workflowhub/workflow-ro-crate#galaxy"
      }
    },
    {
      "@id": "https://spdx.org/licenses/GPL-3.0-or-later",
      "@type": "CreativeWork",
      "name": "GPL-3.0-or-later"
    },
    {
      "@id": "https://w3id.org/workflowhub/workflow-ro-crate#galaxy",
      "@type": "ComputerLanguage",
      "identifier": {
        "@id": "https://galaxyproject.org/"
      },
      "name": "Galaxy",
      "url": {
        "@id": "https://galaxyproject.org/"
      },
      "version": "23.1"
    },
    {
      "@id": "#287c7d54-f8a6-4880-a370-982fda9b6200",
      "@type": "Person",
      "name": "Erwan Corre"
    },
    {
      "@id": "#b9519737-0f41-4a01-b809-2c6a11419898",
      "@type": "Person",
      "name": "Stéphanie Robin"
    },
    {
      "@id": "#9688a3c5-1195-4301-8f38-61648c18f5c8",
      "@type": "Person",
      "name": "Anthony Bretaudeau"
    },
    {
      "@id": "#40ca9c7d-9c1f-4ef7-ba6b-911407d59ee1",
      "@type": "Person",
      "name": "Alexandre Cormier"
    },
    {
      "@id": "#8ee4ed89-c8cd-4b99-b967-6873d10b6b84",
      "@type": "Person",
      "name": "Laura Leroi"
    }
  ]
}