{
  "@context": "https://w3id.org/ro/crate/1.1/context",
  "@graph": [
    {
      "@id": "ro-crate-metadata.json",
      "@type": "CreativeWork",
      "about": {
        "@id": "./"
      },
      "conformsTo": [
        {
          "@id": "https://w3id.org/ro/crate/1.1"
        },
        {
          "@id": "https://about.workflowhub.eu/Workflow-RO-Crate/"
        }
      ]
    },
    {
      "@id": "./",
      "@type": "Dataset",
      "datePublished": "2023-12-07T00:32:16.247+00:00",
      "mainEntity": {
        "@id": "main_workflow.ga"
      }
    },
    {
      "@id": "main_workflow.ga",
      "@type": [
        "File",
        "SoftwareSourceCode",
        "ComputationalWorkflow"
      ],
      "author": [
        {
          "@id": "#cc19c9be-eb32-4c97-ab01-a866be8e29de"
        },
        {
          "@id": "#7722aaff-57e7-4234-96a4-0b1a70a0a702"
        },
        {
          "@id": "#96b974e5-2331-4cd4-b241-845af20474a1"
        },
        {
          "@id": "#ed217881-8a49-4b5e-8d4c-40b8e6f1fa20"
        },
        {
          "@id": "#b29dee27-efed-4aa3-9645-c32d6cf5b75d"
        }
      ],
      "license": {
        "@id": "https://spdx.org/licenses/GPL-3.0-or-later"
      },
      "name": "Genome Assembly Quality Control",
      "version": 1,
      "programmingLanguage": {
        "@id": "https://w3id.org/workflowhub/workflow-ro-crate#galaxy"
      }
    },
    {
      "@id": "https://spdx.org/licenses/GPL-3.0-or-later",
      "@type": "CreativeWork",
      "name": "GPL-3.0-or-later"
    },
    {
      "@id": "https://w3id.org/workflowhub/workflow-ro-crate#galaxy",
      "@type": "ComputerLanguage",
      "identifier": {
        "@id": "https://galaxyproject.org/"
      },
      "name": "Galaxy",
      "url": {
        "@id": "https://galaxyproject.org/"
      },
      "version": "23.1"
    },
    {
      "@id": "#cc19c9be-eb32-4c97-ab01-a866be8e29de",
      "@type": "Person",
      "name": "Erwan Corre"
    },
    {
      "@id": "#7722aaff-57e7-4234-96a4-0b1a70a0a702",
      "@type": "Person",
      "name": "Stéphanie Robin"
    },
    {
      "@id": "#96b974e5-2331-4cd4-b241-845af20474a1",
      "@type": "Person",
      "name": "Anthony Bretaudeau"
    },
    {
      "@id": "#ed217881-8a49-4b5e-8d4c-40b8e6f1fa20",
      "@type": "Person",
      "name": "Alexandre Cormier"
    },
    {
      "@id": "#b29dee27-efed-4aa3-9645-c32d6cf5b75d",
      "@type": "Person",
      "name": "Laura Leroi"
    }
  ]
}