{
  "@context": "https://w3id.org/ro/crate/1.1/context",
  "@graph": [
    {
      "@id": "ro-crate-metadata.json",
      "@type": "CreativeWork",
      "about": {
        "@id": "./"
      },
      "conformsTo": [
        {
          "@id": "https://w3id.org/ro/crate/1.1"
        },
        {
          "@id": "https://about.workflowhub.eu/Workflow-RO-Crate/"
        }
      ]
    },
    {
      "@id": "./",
      "@type": "Dataset",
      "datePublished": "2024-03-15T00:31:33.323+00:00",
      "mainEntity": {
        "@id": "main_workflow.ga"
      }
    },
    {
      "@id": "main_workflow.ga",
      "@type": [
        "File",
        "SoftwareSourceCode",
        "ComputationalWorkflow"
      ],
      "author": [
        {
          "@id": "#9d6c876f-8786-4893-ac06-11148de0dfeb"
        },
        {
          "@id": "#6a35d61c-9003-4830-aa2f-662ceb3266ef"
        },
        {
          "@id": "#b4cc4c7e-4515-400b-86ee-bb903043e649"
        },
        {
          "@id": "#dc322fb5-d7de-492c-ad6b-84fe940aaa08"
        },
        {
          "@id": "#5a0b26c3-1520-4841-9667-06fa8459b0c2"
        }
      ],
      "license": {
        "@id": "https://spdx.org/licenses/GPL-3.0-or-later"
      },
      "name": "Genome Assembly Quality Control",
      "version": 1,
      "programmingLanguage": {
        "@id": "https://w3id.org/workflowhub/workflow-ro-crate#galaxy"
      }
    },
    {
      "@id": "https://spdx.org/licenses/GPL-3.0-or-later",
      "@type": "CreativeWork",
      "name": "GPL-3.0-or-later"
    },
    {
      "@id": "https://w3id.org/workflowhub/workflow-ro-crate#galaxy",
      "@type": "ComputerLanguage",
      "identifier": {
        "@id": "https://galaxyproject.org/"
      },
      "name": "Galaxy",
      "url": {
        "@id": "https://galaxyproject.org/"
      },
      "version": "23.1"
    },
    {
      "@id": "#9d6c876f-8786-4893-ac06-11148de0dfeb",
      "@type": "Person",
      "name": "Erwan Corre"
    },
    {
      "@id": "#6a35d61c-9003-4830-aa2f-662ceb3266ef",
      "@type": "Person",
      "name": "Stéphanie Robin"
    },
    {
      "@id": "#b4cc4c7e-4515-400b-86ee-bb903043e649",
      "@type": "Person",
      "name": "Anthony Bretaudeau"
    },
    {
      "@id": "#dc322fb5-d7de-492c-ad6b-84fe940aaa08",
      "@type": "Person",
      "name": "Alexandre Cormier"
    },
    {
      "@id": "#5a0b26c3-1520-4841-9667-06fa8459b0c2",
      "@type": "Person",
      "name": "Laura Leroi"
    }
  ]
}