{
  "@context": "https://w3id.org/ro/crate/1.1/context",
  "@graph": [
    {
      "@id": "ro-crate-metadata.json",
      "@type": "CreativeWork",
      "about": {
        "@id": "./"
      },
      "conformsTo": [
        {
          "@id": "https://w3id.org/ro/crate/1.1"
        },
        {
          "@id": "https://about.workflowhub.eu/Workflow-RO-Crate/"
        }
      ]
    },
    {
      "@id": "./",
      "@type": "Dataset",
      "datePublished": "2024-05-14T00:34:08.551+00:00",
      "mainEntity": {
        "@id": "main_workflow.ga"
      }
    },
    {
      "@id": "main_workflow.ga",
      "@type": [
        "File",
        "SoftwareSourceCode",
        "ComputationalWorkflow"
      ],
      "author": [
        {
          "@id": "#7950b910-dbaf-4086-82f5-8f89b9e597b6"
        },
        {
          "@id": "#626f4ceb-0424-4862-9bb8-16a0c558e8ae"
        },
        {
          "@id": "#d254a227-8a6e-4309-b44c-c9a3c0a84250"
        },
        {
          "@id": "#2443ceed-3e39-4e68-a687-65f3fd5075a0"
        },
        {
          "@id": "#22ef1559-f7d4-45cb-868c-b81b931e5a20"
        }
      ],
      "license": {
        "@id": "https://spdx.org/licenses/GPL-3.0-or-later"
      },
      "name": "Genome Assembly Quality Control",
      "version": 1,
      "programmingLanguage": {
        "@id": "https://w3id.org/workflowhub/workflow-ro-crate#galaxy"
      }
    },
    {
      "@id": "https://spdx.org/licenses/GPL-3.0-or-later",
      "@type": "CreativeWork",
      "name": "GPL-3.0-or-later"
    },
    {
      "@id": "https://w3id.org/workflowhub/workflow-ro-crate#galaxy",
      "@type": "ComputerLanguage",
      "identifier": {
        "@id": "https://galaxyproject.org/"
      },
      "name": "Galaxy",
      "url": {
        "@id": "https://galaxyproject.org/"
      },
      "version": "23.1"
    },
    {
      "@id": "#7950b910-dbaf-4086-82f5-8f89b9e597b6",
      "@type": "Person",
      "name": "Erwan Corre"
    },
    {
      "@id": "#626f4ceb-0424-4862-9bb8-16a0c558e8ae",
      "@type": "Person",
      "name": "Stéphanie Robin"
    },
    {
      "@id": "#d254a227-8a6e-4309-b44c-c9a3c0a84250",
      "@type": "Person",
      "name": "Anthony Bretaudeau"
    },
    {
      "@id": "#2443ceed-3e39-4e68-a687-65f3fd5075a0",
      "@type": "Person",
      "name": "Alexandre Cormier"
    },
    {
      "@id": "#22ef1559-f7d4-45cb-868c-b81b931e5a20",
      "@type": "Person",
      "name": "Laura Leroi"
    }
  ]
}