{
  "@context": "https://w3id.org/ro/crate/1.1/context",
  "@graph": [
    {
      "@id": "ro-crate-metadata.json",
      "@type": "CreativeWork",
      "about": {
        "@id": "./"
      },
      "conformsTo": [
        {
          "@id": "https://w3id.org/ro/crate/1.1"
        },
        {
          "@id": "https://about.workflowhub.eu/Workflow-RO-Crate/"
        }
      ]
    },
    {
      "@id": "./",
      "@type": "Dataset",
      "datePublished": "2023-12-25T00:33:15.936+00:00",
      "mainEntity": {
        "@id": "main_workflow.ga"
      }
    },
    {
      "@id": "main_workflow.ga",
      "@type": [
        "File",
        "SoftwareSourceCode",
        "ComputationalWorkflow"
      ],
      "author": [
        {
          "@id": "#69139be6-bc8e-4325-9525-a3e7471d633b"
        },
        {
          "@id": "#1fb7fed5-3160-437a-b5a8-36bf604250b5"
        },
        {
          "@id": "#cabbd497-9c53-457b-ae92-b018d66133ab"
        },
        {
          "@id": "#56842871-c13f-476b-bce6-8933609ffcde"
        },
        {
          "@id": "#6688d5cb-299e-4cf2-a0bb-fe64d78a196e"
        }
      ],
      "license": {
        "@id": "https://spdx.org/licenses/GPL-3.0-or-later"
      },
      "name": "Genome Assembly Quality Control",
      "version": 1,
      "programmingLanguage": {
        "@id": "https://w3id.org/workflowhub/workflow-ro-crate#galaxy"
      }
    },
    {
      "@id": "https://spdx.org/licenses/GPL-3.0-or-later",
      "@type": "CreativeWork",
      "name": "GPL-3.0-or-later"
    },
    {
      "@id": "https://w3id.org/workflowhub/workflow-ro-crate#galaxy",
      "@type": "ComputerLanguage",
      "identifier": {
        "@id": "https://galaxyproject.org/"
      },
      "name": "Galaxy",
      "url": {
        "@id": "https://galaxyproject.org/"
      },
      "version": "23.1"
    },
    {
      "@id": "#69139be6-bc8e-4325-9525-a3e7471d633b",
      "@type": "Person",
      "name": "Erwan Corre"
    },
    {
      "@id": "#1fb7fed5-3160-437a-b5a8-36bf604250b5",
      "@type": "Person",
      "name": "Stéphanie Robin"
    },
    {
      "@id": "#cabbd497-9c53-457b-ae92-b018d66133ab",
      "@type": "Person",
      "name": "Anthony Bretaudeau"
    },
    {
      "@id": "#56842871-c13f-476b-bce6-8933609ffcde",
      "@type": "Person",
      "name": "Alexandre Cormier"
    },
    {
      "@id": "#6688d5cb-299e-4cf2-a0bb-fe64d78a196e",
      "@type": "Person",
      "name": "Laura Leroi"
    }
  ]
}