{
  "@context": "https://w3id.org/ro/crate/1.1/context",
  "@graph": [
    {
      "@id": "ro-crate-metadata.json",
      "@type": "CreativeWork",
      "about": {
        "@id": "./"
      },
      "conformsTo": [
        {
          "@id": "https://w3id.org/ro/crate/1.1"
        },
        {
          "@id": "https://about.workflowhub.eu/Workflow-RO-Crate/"
        }
      ]
    },
    {
      "@id": "./",
      "@type": "Dataset",
      "datePublished": "2024-03-24T00:35:14.248+00:00",
      "mainEntity": {
        "@id": "main_workflow.ga"
      }
    },
    {
      "@id": "main_workflow.ga",
      "@type": [
        "File",
        "SoftwareSourceCode",
        "ComputationalWorkflow"
      ],
      "author": [
        {
          "@id": "#de0a65ec-99de-4b23-a0db-241acbc5fc0f"
        },
        {
          "@id": "#11158681-284b-45d0-b806-66cab6802bbe"
        },
        {
          "@id": "#7fb666c4-a6b0-44e5-9204-822d83ae1d7e"
        },
        {
          "@id": "#abae5a41-03a0-4ab2-b1ba-3b3d881fb471"
        },
        {
          "@id": "#368ec685-6996-428a-bf7f-2d87ef77b2ac"
        }
      ],
      "license": {
        "@id": "https://spdx.org/licenses/GPL-3.0-or-later"
      },
      "name": "Genome Assembly Quality Control",
      "version": 1,
      "programmingLanguage": {
        "@id": "https://w3id.org/workflowhub/workflow-ro-crate#galaxy"
      }
    },
    {
      "@id": "https://spdx.org/licenses/GPL-3.0-or-later",
      "@type": "CreativeWork",
      "name": "GPL-3.0-or-later"
    },
    {
      "@id": "https://w3id.org/workflowhub/workflow-ro-crate#galaxy",
      "@type": "ComputerLanguage",
      "identifier": {
        "@id": "https://galaxyproject.org/"
      },
      "name": "Galaxy",
      "url": {
        "@id": "https://galaxyproject.org/"
      },
      "version": "23.1"
    },
    {
      "@id": "#de0a65ec-99de-4b23-a0db-241acbc5fc0f",
      "@type": "Person",
      "name": "Erwan Corre"
    },
    {
      "@id": "#11158681-284b-45d0-b806-66cab6802bbe",
      "@type": "Person",
      "name": "Stéphanie Robin"
    },
    {
      "@id": "#7fb666c4-a6b0-44e5-9204-822d83ae1d7e",
      "@type": "Person",
      "name": "Anthony Bretaudeau"
    },
    {
      "@id": "#abae5a41-03a0-4ab2-b1ba-3b3d881fb471",
      "@type": "Person",
      "name": "Alexandre Cormier"
    },
    {
      "@id": "#368ec685-6996-428a-bf7f-2d87ef77b2ac",
      "@type": "Person",
      "name": "Laura Leroi"
    }
  ]
}