{
  "@context": "https://w3id.org/ro/crate/1.1/context",
  "@graph": [
    {
      "@id": "ro-crate-metadata.json",
      "@type": "CreativeWork",
      "about": {
        "@id": "./"
      },
      "conformsTo": [
        {
          "@id": "https://w3id.org/ro/crate/1.1"
        },
        {
          "@id": "https://about.workflowhub.eu/Workflow-RO-Crate/"
        }
      ]
    },
    {
      "@id": "./",
      "@type": "Dataset",
      "datePublished": "2023-12-01T00:35:49.551+00:00",
      "mainEntity": {
        "@id": "main_workflow.ga"
      }
    },
    {
      "@id": "main_workflow.ga",
      "@type": [
        "File",
        "SoftwareSourceCode",
        "ComputationalWorkflow"
      ],
      "author": [
        {
          "@id": "#1d84e30d-ed79-4ae1-a0ef-030adf4668db"
        },
        {
          "@id": "#57c14431-457b-46c3-a95a-e204750e64d3"
        },
        {
          "@id": "#fb1b9a02-4a03-4f0f-884d-3dc72372604c"
        },
        {
          "@id": "#4ca4676d-e817-4d3c-aa4f-cf76b2957991"
        },
        {
          "@id": "#c7c5b247-62de-44b2-bba2-9b482dcb65ad"
        }
      ],
      "license": {
        "@id": "https://spdx.org/licenses/GPL-3.0-or-later"
      },
      "name": "Genome Assembly Quality Control",
      "version": 1,
      "programmingLanguage": {
        "@id": "https://w3id.org/workflowhub/workflow-ro-crate#galaxy"
      }
    },
    {
      "@id": "https://spdx.org/licenses/GPL-3.0-or-later",
      "@type": "CreativeWork",
      "name": "GPL-3.0-or-later"
    },
    {
      "@id": "https://w3id.org/workflowhub/workflow-ro-crate#galaxy",
      "@type": "ComputerLanguage",
      "identifier": {
        "@id": "https://galaxyproject.org/"
      },
      "name": "Galaxy",
      "url": {
        "@id": "https://galaxyproject.org/"
      },
      "version": "23.1"
    },
    {
      "@id": "#1d84e30d-ed79-4ae1-a0ef-030adf4668db",
      "@type": "Person",
      "name": "Erwan Corre"
    },
    {
      "@id": "#57c14431-457b-46c3-a95a-e204750e64d3",
      "@type": "Person",
      "name": "Stéphanie Robin"
    },
    {
      "@id": "#fb1b9a02-4a03-4f0f-884d-3dc72372604c",
      "@type": "Person",
      "name": "Anthony Bretaudeau"
    },
    {
      "@id": "#4ca4676d-e817-4d3c-aa4f-cf76b2957991",
      "@type": "Person",
      "name": "Alexandre Cormier"
    },
    {
      "@id": "#c7c5b247-62de-44b2-bba2-9b482dcb65ad",
      "@type": "Person",
      "name": "Laura Leroi"
    }
  ]
}