{
  "@context": "https://w3id.org/ro/crate/1.1/context",
  "@graph": [
    {
      "@id": "ro-crate-metadata.json",
      "@type": "CreativeWork",
      "about": {
        "@id": "./"
      },
      "conformsTo": [
        {
          "@id": "https://w3id.org/ro/crate/1.1"
        },
        {
          "@id": "https://about.workflowhub.eu/Workflow-RO-Crate/"
        }
      ]
    },
    {
      "@id": "./",
      "@type": "Dataset",
      "datePublished": "2023-12-20T00:26:51.778+00:00",
      "mainEntity": {
        "@id": "main_workflow.ga"
      }
    },
    {
      "@id": "main_workflow.ga",
      "@type": [
        "File",
        "SoftwareSourceCode",
        "ComputationalWorkflow"
      ],
      "author": [
        {
          "@id": "#2a1afd62-91d3-45a6-8325-ed640c03499d"
        },
        {
          "@id": "#5b616d17-de64-4d23-9c0a-d90de8dc423e"
        },
        {
          "@id": "#92ad5695-e80e-4a05-acec-46a829bed234"
        },
        {
          "@id": "#ba566c70-c778-4f4f-b60e-3e5d3a7f46bf"
        },
        {
          "@id": "#103380c5-28ae-4710-8a25-69875703855d"
        }
      ],
      "license": {
        "@id": "https://spdx.org/licenses/GPL-3.0-or-later"
      },
      "name": "Genome Assembly Quality Control",
      "version": 1,
      "programmingLanguage": {
        "@id": "https://w3id.org/workflowhub/workflow-ro-crate#galaxy"
      }
    },
    {
      "@id": "https://spdx.org/licenses/GPL-3.0-or-later",
      "@type": "CreativeWork",
      "name": "GPL-3.0-or-later"
    },
    {
      "@id": "https://w3id.org/workflowhub/workflow-ro-crate#galaxy",
      "@type": "ComputerLanguage",
      "identifier": {
        "@id": "https://galaxyproject.org/"
      },
      "name": "Galaxy",
      "url": {
        "@id": "https://galaxyproject.org/"
      },
      "version": "23.1"
    },
    {
      "@id": "#2a1afd62-91d3-45a6-8325-ed640c03499d",
      "@type": "Person",
      "name": "Erwan Corre"
    },
    {
      "@id": "#5b616d17-de64-4d23-9c0a-d90de8dc423e",
      "@type": "Person",
      "name": "Stéphanie Robin"
    },
    {
      "@id": "#92ad5695-e80e-4a05-acec-46a829bed234",
      "@type": "Person",
      "name": "Anthony Bretaudeau"
    },
    {
      "@id": "#ba566c70-c778-4f4f-b60e-3e5d3a7f46bf",
      "@type": "Person",
      "name": "Alexandre Cormier"
    },
    {
      "@id": "#103380c5-28ae-4710-8a25-69875703855d",
      "@type": "Person",
      "name": "Laura Leroi"
    }
  ]
}