{
  "@context": "https://w3id.org/ro/crate/1.1/context",
  "@graph": [
    {
      "@id": "ro-crate-metadata.json",
      "@type": "CreativeWork",
      "about": {
        "@id": "./"
      },
      "conformsTo": [
        {
          "@id": "https://w3id.org/ro/crate/1.1"
        },
        {
          "@id": "https://about.workflowhub.eu/Workflow-RO-Crate/"
        }
      ]
    },
    {
      "@id": "./",
      "@type": "Dataset",
      "datePublished": "2024-05-29T00:37:18.425+00:00",
      "mainEntity": {
        "@id": "main_workflow.ga"
      }
    },
    {
      "@id": "main_workflow.ga",
      "@type": [
        "File",
        "SoftwareSourceCode",
        "ComputationalWorkflow"
      ],
      "author": [
        {
          "@id": "#779069c1-104d-49a0-aaaf-236ef7c5555c"
        },
        {
          "@id": "#bb55951e-7604-4495-9ba0-a682ebccb27b"
        },
        {
          "@id": "#e398053a-019c-4042-a19a-762a796b0a6d"
        },
        {
          "@id": "#e43063a9-cd51-4445-938b-75f6d400eff8"
        },
        {
          "@id": "#ec57aeab-4a7f-48d7-877f-9b76e7c8d071"
        }
      ],
      "license": {
        "@id": "https://spdx.org/licenses/GPL-3.0-or-later"
      },
      "name": "Genome Assembly Quality Control",
      "version": 1,
      "programmingLanguage": {
        "@id": "https://w3id.org/workflowhub/workflow-ro-crate#galaxy"
      }
    },
    {
      "@id": "https://spdx.org/licenses/GPL-3.0-or-later",
      "@type": "CreativeWork",
      "name": "GPL-3.0-or-later"
    },
    {
      "@id": "https://w3id.org/workflowhub/workflow-ro-crate#galaxy",
      "@type": "ComputerLanguage",
      "identifier": {
        "@id": "https://galaxyproject.org/"
      },
      "name": "Galaxy",
      "url": {
        "@id": "https://galaxyproject.org/"
      },
      "version": "23.1"
    },
    {
      "@id": "#779069c1-104d-49a0-aaaf-236ef7c5555c",
      "@type": "Person",
      "name": "Erwan Corre"
    },
    {
      "@id": "#bb55951e-7604-4495-9ba0-a682ebccb27b",
      "@type": "Person",
      "name": "Stéphanie Robin"
    },
    {
      "@id": "#e398053a-019c-4042-a19a-762a796b0a6d",
      "@type": "Person",
      "name": "Anthony Bretaudeau"
    },
    {
      "@id": "#e43063a9-cd51-4445-938b-75f6d400eff8",
      "@type": "Person",
      "name": "Alexandre Cormier"
    },
    {
      "@id": "#ec57aeab-4a7f-48d7-877f-9b76e7c8d071",
      "@type": "Person",
      "name": "Laura Leroi"
    }
  ]
}