{
  "@context": "https://w3id.org/ro/crate/1.1/context",
  "@graph": [
    {
      "@id": "ro-crate-metadata.json",
      "@type": "CreativeWork",
      "about": {
        "@id": "./"
      },
      "conformsTo": [
        {
          "@id": "https://w3id.org/ro/crate/1.1"
        },
        {
          "@id": "https://about.workflowhub.eu/Workflow-RO-Crate/"
        }
      ]
    },
    {
      "@id": "./",
      "@type": "Dataset",
      "datePublished": "2023-12-11T00:33:53.179+00:00",
      "mainEntity": {
        "@id": "main_workflow.ga"
      }
    },
    {
      "@id": "main_workflow.ga",
      "@type": [
        "File",
        "SoftwareSourceCode",
        "ComputationalWorkflow"
      ],
      "author": [
        {
          "@id": "#12fd23b7-4964-4f66-b848-617b4a98076e"
        },
        {
          "@id": "#0f983105-7f6b-472c-b64a-21b9e2b41c7e"
        },
        {
          "@id": "#b2b55f1f-019b-4eae-a527-6ea81f8d2761"
        },
        {
          "@id": "#3a6ab4be-98b2-47b1-bc92-458f6ce30ffd"
        },
        {
          "@id": "#6c873d3d-7e32-4161-8fdd-5436564b9b0d"
        }
      ],
      "license": {
        "@id": "https://spdx.org/licenses/GPL-3.0-or-later"
      },
      "name": "Genome Assembly Quality Control",
      "version": 1,
      "programmingLanguage": {
        "@id": "https://w3id.org/workflowhub/workflow-ro-crate#galaxy"
      }
    },
    {
      "@id": "https://spdx.org/licenses/GPL-3.0-or-later",
      "@type": "CreativeWork",
      "name": "GPL-3.0-or-later"
    },
    {
      "@id": "https://w3id.org/workflowhub/workflow-ro-crate#galaxy",
      "@type": "ComputerLanguage",
      "identifier": {
        "@id": "https://galaxyproject.org/"
      },
      "name": "Galaxy",
      "url": {
        "@id": "https://galaxyproject.org/"
      },
      "version": "23.1"
    },
    {
      "@id": "#12fd23b7-4964-4f66-b848-617b4a98076e",
      "@type": "Person",
      "name": "Erwan Corre"
    },
    {
      "@id": "#0f983105-7f6b-472c-b64a-21b9e2b41c7e",
      "@type": "Person",
      "name": "Stéphanie Robin"
    },
    {
      "@id": "#b2b55f1f-019b-4eae-a527-6ea81f8d2761",
      "@type": "Person",
      "name": "Anthony Bretaudeau"
    },
    {
      "@id": "#3a6ab4be-98b2-47b1-bc92-458f6ce30ffd",
      "@type": "Person",
      "name": "Alexandre Cormier"
    },
    {
      "@id": "#6c873d3d-7e32-4161-8fdd-5436564b9b0d",
      "@type": "Person",
      "name": "Laura Leroi"
    }
  ]
}