{
  "@context": "https://w3id.org/ro/crate/1.1/context",
  "@graph": [
    {
      "@id": "ro-crate-metadata.json",
      "@type": "CreativeWork",
      "about": {
        "@id": "./"
      },
      "conformsTo": [
        {
          "@id": "https://w3id.org/ro/crate/1.1"
        },
        {
          "@id": "https://about.workflowhub.eu/Workflow-RO-Crate/"
        }
      ]
    },
    {
      "@id": "./",
      "@type": "Dataset",
      "datePublished": "2024-04-15T03:02:28.347+00:00",
      "mainEntity": {
        "@id": "main_workflow.ga"
      }
    },
    {
      "@id": "main_workflow.ga",
      "@type": [
        "File",
        "SoftwareSourceCode",
        "ComputationalWorkflow"
      ],
      "author": [
        {
          "@id": "#519ef64b-50af-49cd-9269-7a1fae8ebd19"
        },
        {
          "@id": "#23136554-38e2-428a-a8ea-d4db8265fd6f"
        },
        {
          "@id": "#1c7b3a00-007c-4e02-b657-b8513cfc95c0"
        },
        {
          "@id": "#f02e9da1-21a4-4b79-a643-5d7170ec7099"
        },
        {
          "@id": "#b2e5aba1-06d7-46a6-a27e-62b9192d6a1c"
        }
      ],
      "license": {
        "@id": "https://spdx.org/licenses/GPL-3.0-or-later"
      },
      "name": "Genome Assembly Quality Control",
      "version": 1,
      "programmingLanguage": {
        "@id": "https://w3id.org/workflowhub/workflow-ro-crate#galaxy"
      }
    },
    {
      "@id": "https://spdx.org/licenses/GPL-3.0-or-later",
      "@type": "CreativeWork",
      "name": "GPL-3.0-or-later"
    },
    {
      "@id": "https://w3id.org/workflowhub/workflow-ro-crate#galaxy",
      "@type": "ComputerLanguage",
      "identifier": {
        "@id": "https://galaxyproject.org/"
      },
      "name": "Galaxy",
      "url": {
        "@id": "https://galaxyproject.org/"
      },
      "version": "23.1"
    },
    {
      "@id": "#519ef64b-50af-49cd-9269-7a1fae8ebd19",
      "@type": "Person",
      "name": "Erwan Corre"
    },
    {
      "@id": "#23136554-38e2-428a-a8ea-d4db8265fd6f",
      "@type": "Person",
      "name": "Stéphanie Robin"
    },
    {
      "@id": "#1c7b3a00-007c-4e02-b657-b8513cfc95c0",
      "@type": "Person",
      "name": "Anthony Bretaudeau"
    },
    {
      "@id": "#f02e9da1-21a4-4b79-a643-5d7170ec7099",
      "@type": "Person",
      "name": "Alexandre Cormier"
    },
    {
      "@id": "#b2e5aba1-06d7-46a6-a27e-62b9192d6a1c",
      "@type": "Person",
      "name": "Laura Leroi"
    }
  ]
}