{
  "@context": "https://w3id.org/ro/crate/1.1/context",
  "@graph": [
    {
      "@id": "ro-crate-metadata.json",
      "@type": "CreativeWork",
      "about": {
        "@id": "./"
      },
      "conformsTo": [
        {
          "@id": "https://w3id.org/ro/crate/1.1"
        },
        {
          "@id": "https://about.workflowhub.eu/Workflow-RO-Crate/"
        }
      ]
    },
    {
      "@id": "./",
      "@type": "Dataset",
      "datePublished": "2024-05-04T00:32:27.863+00:00",
      "mainEntity": {
        "@id": "main_workflow.ga"
      }
    },
    {
      "@id": "main_workflow.ga",
      "@type": [
        "File",
        "SoftwareSourceCode",
        "ComputationalWorkflow"
      ],
      "author": [
        {
          "@id": "#1997d34b-105f-4d43-833e-123fabff692e"
        },
        {
          "@id": "#534a5c5c-af48-4cf7-9908-02a1b625ee3f"
        },
        {
          "@id": "#01282052-3752-4092-8035-b43990b256fe"
        },
        {
          "@id": "#a5f820db-2b42-4ab4-b22c-7568edea055e"
        },
        {
          "@id": "#fe2a67dd-e3e9-4796-99e9-54dee9e3eaa4"
        }
      ],
      "license": {
        "@id": "https://spdx.org/licenses/GPL-3.0-or-later"
      },
      "name": "Genome Assembly Quality Control",
      "version": 1,
      "programmingLanguage": {
        "@id": "https://w3id.org/workflowhub/workflow-ro-crate#galaxy"
      }
    },
    {
      "@id": "https://spdx.org/licenses/GPL-3.0-or-later",
      "@type": "CreativeWork",
      "name": "GPL-3.0-or-later"
    },
    {
      "@id": "https://w3id.org/workflowhub/workflow-ro-crate#galaxy",
      "@type": "ComputerLanguage",
      "identifier": {
        "@id": "https://galaxyproject.org/"
      },
      "name": "Galaxy",
      "url": {
        "@id": "https://galaxyproject.org/"
      },
      "version": "23.1"
    },
    {
      "@id": "#1997d34b-105f-4d43-833e-123fabff692e",
      "@type": "Person",
      "name": "Erwan Corre"
    },
    {
      "@id": "#534a5c5c-af48-4cf7-9908-02a1b625ee3f",
      "@type": "Person",
      "name": "Stéphanie Robin"
    },
    {
      "@id": "#01282052-3752-4092-8035-b43990b256fe",
      "@type": "Person",
      "name": "Anthony Bretaudeau"
    },
    {
      "@id": "#a5f820db-2b42-4ab4-b22c-7568edea055e",
      "@type": "Person",
      "name": "Alexandre Cormier"
    },
    {
      "@id": "#fe2a67dd-e3e9-4796-99e9-54dee9e3eaa4",
      "@type": "Person",
      "name": "Laura Leroi"
    }
  ]
}