{
  "@context": "https://w3id.org/ro/crate/1.1/context",
  "@graph": [
    {
      "@id": "ro-crate-metadata.json",
      "@type": "CreativeWork",
      "about": {
        "@id": "./"
      },
      "conformsTo": [
        {
          "@id": "https://w3id.org/ro/crate/1.1"
        },
        {
          "@id": "https://about.workflowhub.eu/Workflow-RO-Crate/"
        }
      ]
    },
    {
      "@id": "./",
      "@type": "Dataset",
      "datePublished": "2024-02-18T00:34:01.878+00:00",
      "mainEntity": {
        "@id": "main_workflow.ga"
      }
    },
    {
      "@id": "main_workflow.ga",
      "@type": [
        "File",
        "SoftwareSourceCode",
        "ComputationalWorkflow"
      ],
      "author": [
        {
          "@id": "#f344d039-ad58-49f4-8ee3-b9a13a9b4684"
        },
        {
          "@id": "#344d0e22-99e4-4543-8ac7-a7772999b0a6"
        },
        {
          "@id": "#2c280923-296b-4859-8b2c-0a42c068e5f4"
        },
        {
          "@id": "#96459248-dcff-468e-a628-3c9a28670bb7"
        },
        {
          "@id": "#e7505bcb-e54c-4268-bbca-3ddfac2db341"
        }
      ],
      "license": {
        "@id": "https://spdx.org/licenses/GPL-3.0-or-later"
      },
      "name": "Genome Assembly Quality Control",
      "version": 1,
      "programmingLanguage": {
        "@id": "https://w3id.org/workflowhub/workflow-ro-crate#galaxy"
      }
    },
    {
      "@id": "https://spdx.org/licenses/GPL-3.0-or-later",
      "@type": "CreativeWork",
      "name": "GPL-3.0-or-later"
    },
    {
      "@id": "https://w3id.org/workflowhub/workflow-ro-crate#galaxy",
      "@type": "ComputerLanguage",
      "identifier": {
        "@id": "https://galaxyproject.org/"
      },
      "name": "Galaxy",
      "url": {
        "@id": "https://galaxyproject.org/"
      },
      "version": "23.1"
    },
    {
      "@id": "#f344d039-ad58-49f4-8ee3-b9a13a9b4684",
      "@type": "Person",
      "name": "Erwan Corre"
    },
    {
      "@id": "#344d0e22-99e4-4543-8ac7-a7772999b0a6",
      "@type": "Person",
      "name": "Stéphanie Robin"
    },
    {
      "@id": "#2c280923-296b-4859-8b2c-0a42c068e5f4",
      "@type": "Person",
      "name": "Anthony Bretaudeau"
    },
    {
      "@id": "#96459248-dcff-468e-a628-3c9a28670bb7",
      "@type": "Person",
      "name": "Alexandre Cormier"
    },
    {
      "@id": "#e7505bcb-e54c-4268-bbca-3ddfac2db341",
      "@type": "Person",
      "name": "Laura Leroi"
    }
  ]
}