{
  "@context": "https://w3id.org/ro/crate/1.1/context",
  "@graph": [
    {
      "@id": "ro-crate-metadata.json",
      "@type": "CreativeWork",
      "about": {
        "@id": "./"
      },
      "conformsTo": [
        {
          "@id": "https://w3id.org/ro/crate/1.1"
        },
        {
          "@id": "https://about.workflowhub.eu/Workflow-RO-Crate/"
        }
      ]
    },
    {
      "@id": "./",
      "@type": "Dataset",
      "datePublished": "2023-12-12T00:33:16.813+00:00",
      "mainEntity": {
        "@id": "main_workflow.ga"
      }
    },
    {
      "@id": "main_workflow.ga",
      "@type": [
        "File",
        "SoftwareSourceCode",
        "ComputationalWorkflow"
      ],
      "author": [
        {
          "@id": "#f9975977-f65e-49c9-96c1-0dcf6ecccded"
        },
        {
          "@id": "#9e8a8ca6-a6e6-49cd-b889-a629edd28229"
        },
        {
          "@id": "#8f28f412-38bf-454a-86f3-3e99b72e44eb"
        },
        {
          "@id": "#1f0c6597-d88c-451b-a119-e491ae9dc5ec"
        },
        {
          "@id": "#474ccdf8-723b-4da9-ac37-cc260168daad"
        }
      ],
      "license": {
        "@id": "https://spdx.org/licenses/GPL-3.0-or-later"
      },
      "name": "Genome Assembly Quality Control",
      "version": 1,
      "programmingLanguage": {
        "@id": "https://w3id.org/workflowhub/workflow-ro-crate#galaxy"
      }
    },
    {
      "@id": "https://spdx.org/licenses/GPL-3.0-or-later",
      "@type": "CreativeWork",
      "name": "GPL-3.0-or-later"
    },
    {
      "@id": "https://w3id.org/workflowhub/workflow-ro-crate#galaxy",
      "@type": "ComputerLanguage",
      "identifier": {
        "@id": "https://galaxyproject.org/"
      },
      "name": "Galaxy",
      "url": {
        "@id": "https://galaxyproject.org/"
      },
      "version": "23.1"
    },
    {
      "@id": "#f9975977-f65e-49c9-96c1-0dcf6ecccded",
      "@type": "Person",
      "name": "Erwan Corre"
    },
    {
      "@id": "#9e8a8ca6-a6e6-49cd-b889-a629edd28229",
      "@type": "Person",
      "name": "Stéphanie Robin"
    },
    {
      "@id": "#8f28f412-38bf-454a-86f3-3e99b72e44eb",
      "@type": "Person",
      "name": "Anthony Bretaudeau"
    },
    {
      "@id": "#1f0c6597-d88c-451b-a119-e491ae9dc5ec",
      "@type": "Person",
      "name": "Alexandre Cormier"
    },
    {
      "@id": "#474ccdf8-723b-4da9-ac37-cc260168daad",
      "@type": "Person",
      "name": "Laura Leroi"
    }
  ]
}