{
  "@context": "https://w3id.org/ro/crate/1.1/context",
  "@graph": [
    {
      "@id": "ro-crate-metadata.json",
      "@type": "CreativeWork",
      "about": {
        "@id": "./"
      },
      "conformsTo": [
        {
          "@id": "https://w3id.org/ro/crate/1.1"
        },
        {
          "@id": "https://about.workflowhub.eu/Workflow-RO-Crate/"
        }
      ]
    },
    {
      "@id": "./",
      "@type": "Dataset",
      "datePublished": "2024-02-01T00:32:53.790+00:00",
      "mainEntity": {
        "@id": "main_workflow.ga"
      }
    },
    {
      "@id": "main_workflow.ga",
      "@type": [
        "File",
        "SoftwareSourceCode",
        "ComputationalWorkflow"
      ],
      "author": [
        {
          "@id": "#33da2adb-9dfc-4cb4-a2ce-857ce00852c7"
        },
        {
          "@id": "#4304ba4d-d727-420a-b422-b4ba5bc955f4"
        },
        {
          "@id": "#b5317c1c-3b33-4f6e-81d4-007909757edd"
        },
        {
          "@id": "#679a5553-f28a-4385-84e0-36348ce3ea0d"
        },
        {
          "@id": "#98ea20ce-fd6a-4b0a-81a3-0b103831bbd4"
        }
      ],
      "license": {
        "@id": "https://spdx.org/licenses/GPL-3.0-or-later"
      },
      "name": "Genome Assembly Quality Control",
      "version": 1,
      "programmingLanguage": {
        "@id": "https://w3id.org/workflowhub/workflow-ro-crate#galaxy"
      }
    },
    {
      "@id": "https://spdx.org/licenses/GPL-3.0-or-later",
      "@type": "CreativeWork",
      "name": "GPL-3.0-or-later"
    },
    {
      "@id": "https://w3id.org/workflowhub/workflow-ro-crate#galaxy",
      "@type": "ComputerLanguage",
      "identifier": {
        "@id": "https://galaxyproject.org/"
      },
      "name": "Galaxy",
      "url": {
        "@id": "https://galaxyproject.org/"
      },
      "version": "23.1"
    },
    {
      "@id": "#33da2adb-9dfc-4cb4-a2ce-857ce00852c7",
      "@type": "Person",
      "name": "Erwan Corre"
    },
    {
      "@id": "#4304ba4d-d727-420a-b422-b4ba5bc955f4",
      "@type": "Person",
      "name": "Stéphanie Robin"
    },
    {
      "@id": "#b5317c1c-3b33-4f6e-81d4-007909757edd",
      "@type": "Person",
      "name": "Anthony Bretaudeau"
    },
    {
      "@id": "#679a5553-f28a-4385-84e0-36348ce3ea0d",
      "@type": "Person",
      "name": "Alexandre Cormier"
    },
    {
      "@id": "#98ea20ce-fd6a-4b0a-81a3-0b103831bbd4",
      "@type": "Person",
      "name": "Laura Leroi"
    }
  ]
}