{
  "@context": "https://w3id.org/ro/crate/1.1/context",
  "@graph": [
    {
      "@id": "ro-crate-metadata.json",
      "@type": "CreativeWork",
      "about": {
        "@id": "./"
      },
      "conformsTo": [
        {
          "@id": "https://w3id.org/ro/crate/1.1"
        },
        {
          "@id": "https://about.workflowhub.eu/Workflow-RO-Crate/"
        }
      ]
    },
    {
      "@id": "./",
      "@type": "Dataset",
      "datePublished": "2024-05-31T00:34:28.527+00:00",
      "mainEntity": {
        "@id": "main_workflow.ga"
      }
    },
    {
      "@id": "main_workflow.ga",
      "@type": [
        "File",
        "SoftwareSourceCode",
        "ComputationalWorkflow"
      ],
      "author": [
        {
          "@id": "#912a7dc4-48d5-44a4-9100-b2ba3e426db5"
        },
        {
          "@id": "#df71b07f-f282-4022-bb0a-be8864dd42ee"
        },
        {
          "@id": "#6d2159d6-e672-45ff-adab-097ded5bab2d"
        },
        {
          "@id": "#f8ecb6e8-5121-46d9-9c4a-55613ee2a92c"
        },
        {
          "@id": "#515e6c60-2598-41ea-b133-08a97b2fb5c5"
        }
      ],
      "license": {
        "@id": "https://spdx.org/licenses/GPL-3.0-or-later"
      },
      "name": "Genome Assembly Quality Control",
      "version": 1,
      "programmingLanguage": {
        "@id": "https://w3id.org/workflowhub/workflow-ro-crate#galaxy"
      }
    },
    {
      "@id": "https://spdx.org/licenses/GPL-3.0-or-later",
      "@type": "CreativeWork",
      "name": "GPL-3.0-or-later"
    },
    {
      "@id": "https://w3id.org/workflowhub/workflow-ro-crate#galaxy",
      "@type": "ComputerLanguage",
      "identifier": {
        "@id": "https://galaxyproject.org/"
      },
      "name": "Galaxy",
      "url": {
        "@id": "https://galaxyproject.org/"
      },
      "version": "23.1"
    },
    {
      "@id": "#912a7dc4-48d5-44a4-9100-b2ba3e426db5",
      "@type": "Person",
      "name": "Erwan Corre"
    },
    {
      "@id": "#df71b07f-f282-4022-bb0a-be8864dd42ee",
      "@type": "Person",
      "name": "Stéphanie Robin"
    },
    {
      "@id": "#6d2159d6-e672-45ff-adab-097ded5bab2d",
      "@type": "Person",
      "name": "Anthony Bretaudeau"
    },
    {
      "@id": "#f8ecb6e8-5121-46d9-9c4a-55613ee2a92c",
      "@type": "Person",
      "name": "Alexandre Cormier"
    },
    {
      "@id": "#515e6c60-2598-41ea-b133-08a97b2fb5c5",
      "@type": "Person",
      "name": "Laura Leroi"
    }
  ]
}