{
  "@context": "https://w3id.org/ro/crate/1.1/context",
  "@graph": [
    {
      "@id": "ro-crate-metadata.json",
      "@type": "CreativeWork",
      "about": {
        "@id": "./"
      },
      "conformsTo": [
        {
          "@id": "https://w3id.org/ro/crate/1.1"
        },
        {
          "@id": "https://about.workflowhub.eu/Workflow-RO-Crate/"
        }
      ]
    },
    {
      "@id": "./",
      "@type": "Dataset",
      "datePublished": "2024-02-08T00:32:12.985+00:00",
      "mainEntity": {
        "@id": "main_workflow.ga"
      }
    },
    {
      "@id": "main_workflow.ga",
      "@type": [
        "File",
        "SoftwareSourceCode",
        "ComputationalWorkflow"
      ],
      "author": [
        {
          "@id": "#d7363337-e173-49a7-bfd0-a7d5606ae56f"
        },
        {
          "@id": "#c19d8fbb-9e38-4342-aa03-77a8d24627bc"
        },
        {
          "@id": "#55b7abb8-1907-4195-8250-891f7d10a6f3"
        },
        {
          "@id": "#d0027b59-0ad2-4ad0-996b-af7250686f9c"
        },
        {
          "@id": "#b6996a4b-d05e-4409-be18-28639a06ba87"
        }
      ],
      "license": {
        "@id": "https://spdx.org/licenses/GPL-3.0-or-later"
      },
      "name": "Genome Assembly Quality Control",
      "version": 1,
      "programmingLanguage": {
        "@id": "https://w3id.org/workflowhub/workflow-ro-crate#galaxy"
      }
    },
    {
      "@id": "https://spdx.org/licenses/GPL-3.0-or-later",
      "@type": "CreativeWork",
      "name": "GPL-3.0-or-later"
    },
    {
      "@id": "https://w3id.org/workflowhub/workflow-ro-crate#galaxy",
      "@type": "ComputerLanguage",
      "identifier": {
        "@id": "https://galaxyproject.org/"
      },
      "name": "Galaxy",
      "url": {
        "@id": "https://galaxyproject.org/"
      },
      "version": "23.1"
    },
    {
      "@id": "#d7363337-e173-49a7-bfd0-a7d5606ae56f",
      "@type": "Person",
      "name": "Erwan Corre"
    },
    {
      "@id": "#c19d8fbb-9e38-4342-aa03-77a8d24627bc",
      "@type": "Person",
      "name": "Stéphanie Robin"
    },
    {
      "@id": "#55b7abb8-1907-4195-8250-891f7d10a6f3",
      "@type": "Person",
      "name": "Anthony Bretaudeau"
    },
    {
      "@id": "#d0027b59-0ad2-4ad0-996b-af7250686f9c",
      "@type": "Person",
      "name": "Alexandre Cormier"
    },
    {
      "@id": "#b6996a4b-d05e-4409-be18-28639a06ba87",
      "@type": "Person",
      "name": "Laura Leroi"
    }
  ]
}