{
  "@context": "https://w3id.org/ro/crate/1.1/context",
  "@graph": [
    {
      "@id": "ro-crate-metadata.json",
      "@type": "CreativeWork",
      "about": {
        "@id": "./"
      },
      "conformsTo": [
        {
          "@id": "https://w3id.org/ro/crate/1.1"
        },
        {
          "@id": "https://about.workflowhub.eu/Workflow-RO-Crate/"
        }
      ]
    },
    {
      "@id": "./",
      "@type": "Dataset",
      "datePublished": "2024-04-05T00:32:55.201+00:00",
      "mainEntity": {
        "@id": "main_workflow.ga"
      }
    },
    {
      "@id": "main_workflow.ga",
      "@type": [
        "File",
        "SoftwareSourceCode",
        "ComputationalWorkflow"
      ],
      "author": [
        {
          "@id": "#434b37b7-33b4-4fc4-9bc5-2ceb896dc628"
        },
        {
          "@id": "#f3566340-9380-4f58-8659-7f1b73f75352"
        },
        {
          "@id": "#77235d4b-a606-44b5-b61b-d2e53862f055"
        },
        {
          "@id": "#964c4339-240f-4726-8501-9d9424a5fe60"
        },
        {
          "@id": "#7dcc4e03-d659-4d0e-91f0-adadbb1a4031"
        }
      ],
      "license": {
        "@id": "https://spdx.org/licenses/GPL-3.0-or-later"
      },
      "name": "Genome Assembly Quality Control",
      "version": 1,
      "programmingLanguage": {
        "@id": "https://w3id.org/workflowhub/workflow-ro-crate#galaxy"
      }
    },
    {
      "@id": "https://spdx.org/licenses/GPL-3.0-or-later",
      "@type": "CreativeWork",
      "name": "GPL-3.0-or-later"
    },
    {
      "@id": "https://w3id.org/workflowhub/workflow-ro-crate#galaxy",
      "@type": "ComputerLanguage",
      "identifier": {
        "@id": "https://galaxyproject.org/"
      },
      "name": "Galaxy",
      "url": {
        "@id": "https://galaxyproject.org/"
      },
      "version": "23.1"
    },
    {
      "@id": "#434b37b7-33b4-4fc4-9bc5-2ceb896dc628",
      "@type": "Person",
      "name": "Erwan Corre"
    },
    {
      "@id": "#f3566340-9380-4f58-8659-7f1b73f75352",
      "@type": "Person",
      "name": "Stéphanie Robin"
    },
    {
      "@id": "#77235d4b-a606-44b5-b61b-d2e53862f055",
      "@type": "Person",
      "name": "Anthony Bretaudeau"
    },
    {
      "@id": "#964c4339-240f-4726-8501-9d9424a5fe60",
      "@type": "Person",
      "name": "Alexandre Cormier"
    },
    {
      "@id": "#7dcc4e03-d659-4d0e-91f0-adadbb1a4031",
      "@type": "Person",
      "name": "Laura Leroi"
    }
  ]
}