{
  "@context": "https://w3id.org/ro/crate/1.1/context",
  "@graph": [
    {
      "@id": "ro-crate-metadata.json",
      "@type": "CreativeWork",
      "about": {
        "@id": "./"
      },
      "conformsTo": [
        {
          "@id": "https://w3id.org/ro/crate/1.1"
        },
        {
          "@id": "https://about.workflowhub.eu/Workflow-RO-Crate/"
        }
      ]
    },
    {
      "@id": "./",
      "@type": "Dataset",
      "datePublished": "2024-04-11T00:33:02.585+00:00",
      "mainEntity": {
        "@id": "main_workflow.ga"
      }
    },
    {
      "@id": "main_workflow.ga",
      "@type": [
        "File",
        "SoftwareSourceCode",
        "ComputationalWorkflow"
      ],
      "author": [
        {
          "@id": "#0cb797e0-1513-4e41-ab20-170c3d241d8c"
        },
        {
          "@id": "#044dcf4b-5319-4403-82e4-b937e49b9d19"
        },
        {
          "@id": "#ff7ea206-9cb5-4cb2-bff3-4e42e085845d"
        },
        {
          "@id": "#79593724-04d1-4972-bc12-33449e02156b"
        },
        {
          "@id": "#c0b25ffb-e317-4987-b9d3-b8b66c5c42ff"
        }
      ],
      "license": {
        "@id": "https://spdx.org/licenses/GPL-3.0-or-later"
      },
      "name": "Genome Assembly Quality Control",
      "version": 1,
      "programmingLanguage": {
        "@id": "https://w3id.org/workflowhub/workflow-ro-crate#galaxy"
      }
    },
    {
      "@id": "https://spdx.org/licenses/GPL-3.0-or-later",
      "@type": "CreativeWork",
      "name": "GPL-3.0-or-later"
    },
    {
      "@id": "https://w3id.org/workflowhub/workflow-ro-crate#galaxy",
      "@type": "ComputerLanguage",
      "identifier": {
        "@id": "https://galaxyproject.org/"
      },
      "name": "Galaxy",
      "url": {
        "@id": "https://galaxyproject.org/"
      },
      "version": "23.1"
    },
    {
      "@id": "#0cb797e0-1513-4e41-ab20-170c3d241d8c",
      "@type": "Person",
      "name": "Erwan Corre"
    },
    {
      "@id": "#044dcf4b-5319-4403-82e4-b937e49b9d19",
      "@type": "Person",
      "name": "Stéphanie Robin"
    },
    {
      "@id": "#ff7ea206-9cb5-4cb2-bff3-4e42e085845d",
      "@type": "Person",
      "name": "Anthony Bretaudeau"
    },
    {
      "@id": "#79593724-04d1-4972-bc12-33449e02156b",
      "@type": "Person",
      "name": "Alexandre Cormier"
    },
    {
      "@id": "#c0b25ffb-e317-4987-b9d3-b8b66c5c42ff",
      "@type": "Person",
      "name": "Laura Leroi"
    }
  ]
}