{
  "@context": "https://w3id.org/ro/crate/1.1/context",
  "@graph": [
    {
      "@id": "ro-crate-metadata.json",
      "@type": "CreativeWork",
      "about": {
        "@id": "./"
      },
      "conformsTo": [
        {
          "@id": "https://w3id.org/ro/crate/1.1"
        },
        {
          "@id": "https://about.workflowhub.eu/Workflow-RO-Crate/"
        }
      ]
    },
    {
      "@id": "./",
      "@type": "Dataset",
      "datePublished": "2024-03-23T00:30:56.093+00:00",
      "mainEntity": {
        "@id": "main_workflow.ga"
      }
    },
    {
      "@id": "main_workflow.ga",
      "@type": [
        "File",
        "SoftwareSourceCode",
        "ComputationalWorkflow"
      ],
      "author": [
        {
          "@id": "#ad200a43-9dd6-4706-b550-2201fba094fc"
        },
        {
          "@id": "#7a16284c-1d7c-48e6-af59-904a456c0cbf"
        },
        {
          "@id": "#1ed29870-c9c1-4baa-be8d-aa9a911ae7e4"
        },
        {
          "@id": "#ad5d5c46-dc98-49b0-b871-c240354c900e"
        },
        {
          "@id": "#290e5752-b65e-4aff-89c8-2a7667c37a5a"
        }
      ],
      "license": {
        "@id": "https://spdx.org/licenses/GPL-3.0-or-later"
      },
      "name": "Genome Assembly Quality Control",
      "version": 1,
      "programmingLanguage": {
        "@id": "https://w3id.org/workflowhub/workflow-ro-crate#galaxy"
      }
    },
    {
      "@id": "https://spdx.org/licenses/GPL-3.0-or-later",
      "@type": "CreativeWork",
      "name": "GPL-3.0-or-later"
    },
    {
      "@id": "https://w3id.org/workflowhub/workflow-ro-crate#galaxy",
      "@type": "ComputerLanguage",
      "identifier": {
        "@id": "https://galaxyproject.org/"
      },
      "name": "Galaxy",
      "url": {
        "@id": "https://galaxyproject.org/"
      },
      "version": "23.1"
    },
    {
      "@id": "#ad200a43-9dd6-4706-b550-2201fba094fc",
      "@type": "Person",
      "name": "Erwan Corre"
    },
    {
      "@id": "#7a16284c-1d7c-48e6-af59-904a456c0cbf",
      "@type": "Person",
      "name": "Stéphanie Robin"
    },
    {
      "@id": "#1ed29870-c9c1-4baa-be8d-aa9a911ae7e4",
      "@type": "Person",
      "name": "Anthony Bretaudeau"
    },
    {
      "@id": "#ad5d5c46-dc98-49b0-b871-c240354c900e",
      "@type": "Person",
      "name": "Alexandre Cormier"
    },
    {
      "@id": "#290e5752-b65e-4aff-89c8-2a7667c37a5a",
      "@type": "Person",
      "name": "Laura Leroi"
    }
  ]
}