{
  "@context": "https://w3id.org/ro/crate/1.1/context",
  "@graph": [
    {
      "@id": "ro-crate-metadata.json",
      "@type": "CreativeWork",
      "about": {
        "@id": "./"
      },
      "conformsTo": [
        {
          "@id": "https://w3id.org/ro/crate/1.1"
        },
        {
          "@id": "https://about.workflowhub.eu/Workflow-RO-Crate/"
        }
      ]
    },
    {
      "@id": "./",
      "@type": "Dataset",
      "datePublished": "2024-04-24T00:37:17.896+00:00",
      "mainEntity": {
        "@id": "main_workflow.ga"
      }
    },
    {
      "@id": "main_workflow.ga",
      "@type": [
        "File",
        "SoftwareSourceCode",
        "ComputationalWorkflow"
      ],
      "author": [
        {
          "@id": "#46cbd527-045c-4002-b6e8-af105a29fda1"
        },
        {
          "@id": "#10dc475c-08a3-41e0-9988-b67c8f73697a"
        },
        {
          "@id": "#374f39ad-63ea-4547-a8e0-637918dff685"
        },
        {
          "@id": "#bd1639b8-d0da-4395-867f-b30069907d75"
        },
        {
          "@id": "#82c6ef1f-2c5d-41d8-8a7e-924b12a248d4"
        }
      ],
      "license": {
        "@id": "https://spdx.org/licenses/GPL-3.0-or-later"
      },
      "name": "Genome Assembly Quality Control",
      "version": 1,
      "programmingLanguage": {
        "@id": "https://w3id.org/workflowhub/workflow-ro-crate#galaxy"
      }
    },
    {
      "@id": "https://spdx.org/licenses/GPL-3.0-or-later",
      "@type": "CreativeWork",
      "name": "GPL-3.0-or-later"
    },
    {
      "@id": "https://w3id.org/workflowhub/workflow-ro-crate#galaxy",
      "@type": "ComputerLanguage",
      "identifier": {
        "@id": "https://galaxyproject.org/"
      },
      "name": "Galaxy",
      "url": {
        "@id": "https://galaxyproject.org/"
      },
      "version": "23.1"
    },
    {
      "@id": "#46cbd527-045c-4002-b6e8-af105a29fda1",
      "@type": "Person",
      "name": "Erwan Corre"
    },
    {
      "@id": "#10dc475c-08a3-41e0-9988-b67c8f73697a",
      "@type": "Person",
      "name": "Stéphanie Robin"
    },
    {
      "@id": "#374f39ad-63ea-4547-a8e0-637918dff685",
      "@type": "Person",
      "name": "Anthony Bretaudeau"
    },
    {
      "@id": "#bd1639b8-d0da-4395-867f-b30069907d75",
      "@type": "Person",
      "name": "Alexandre Cormier"
    },
    {
      "@id": "#82c6ef1f-2c5d-41d8-8a7e-924b12a248d4",
      "@type": "Person",
      "name": "Laura Leroi"
    }
  ]
}