{
  "@context": "https://w3id.org/ro/crate/1.1/context",
  "@graph": [
    {
      "@id": "ro-crate-metadata.json",
      "@type": "CreativeWork",
      "about": {
        "@id": "./"
      },
      "conformsTo": [
        {
          "@id": "https://w3id.org/ro/crate/1.1"
        },
        {
          "@id": "https://about.workflowhub.eu/Workflow-RO-Crate/"
        }
      ]
    },
    {
      "@id": "./",
      "@type": "Dataset",
      "datePublished": "2023-12-04T00:33:15.062+00:00",
      "mainEntity": {
        "@id": "main_workflow.ga"
      }
    },
    {
      "@id": "main_workflow.ga",
      "@type": [
        "File",
        "SoftwareSourceCode",
        "ComputationalWorkflow"
      ],
      "author": [
        {
          "@id": "#54dfe056-6408-45f9-8210-d44c2d96dd39"
        },
        {
          "@id": "#010ac19c-a068-463e-a6ca-e7096f48e440"
        },
        {
          "@id": "#9b55670b-8519-4fb2-b059-416748628b48"
        },
        {
          "@id": "#90cc1ec8-090e-49ff-a30d-36c6bdf11d13"
        },
        {
          "@id": "#51cf6592-f2d2-410b-8e4c-f59042ef5c14"
        }
      ],
      "license": {
        "@id": "https://spdx.org/licenses/GPL-3.0-or-later"
      },
      "name": "Genome Assembly Quality Control",
      "version": 1,
      "programmingLanguage": {
        "@id": "https://w3id.org/workflowhub/workflow-ro-crate#galaxy"
      }
    },
    {
      "@id": "https://spdx.org/licenses/GPL-3.0-or-later",
      "@type": "CreativeWork",
      "name": "GPL-3.0-or-later"
    },
    {
      "@id": "https://w3id.org/workflowhub/workflow-ro-crate#galaxy",
      "@type": "ComputerLanguage",
      "identifier": {
        "@id": "https://galaxyproject.org/"
      },
      "name": "Galaxy",
      "url": {
        "@id": "https://galaxyproject.org/"
      },
      "version": "23.1"
    },
    {
      "@id": "#54dfe056-6408-45f9-8210-d44c2d96dd39",
      "@type": "Person",
      "name": "Erwan Corre"
    },
    {
      "@id": "#010ac19c-a068-463e-a6ca-e7096f48e440",
      "@type": "Person",
      "name": "Stéphanie Robin"
    },
    {
      "@id": "#9b55670b-8519-4fb2-b059-416748628b48",
      "@type": "Person",
      "name": "Anthony Bretaudeau"
    },
    {
      "@id": "#90cc1ec8-090e-49ff-a30d-36c6bdf11d13",
      "@type": "Person",
      "name": "Alexandre Cormier"
    },
    {
      "@id": "#51cf6592-f2d2-410b-8e4c-f59042ef5c14",
      "@type": "Person",
      "name": "Laura Leroi"
    }
  ]
}