{
  "@context": "https://w3id.org/ro/crate/1.1/context",
  "@graph": [
    {
      "@id": "ro-crate-metadata.json",
      "@type": "CreativeWork",
      "about": {
        "@id": "./"
      },
      "conformsTo": [
        {
          "@id": "https://w3id.org/ro/crate/1.1"
        },
        {
          "@id": "https://about.workflowhub.eu/Workflow-RO-Crate/"
        }
      ]
    },
    {
      "@id": "./",
      "@type": "Dataset",
      "datePublished": "2024-02-14T00:31:27.482+00:00",
      "mainEntity": {
        "@id": "main_workflow.ga"
      }
    },
    {
      "@id": "main_workflow.ga",
      "@type": [
        "File",
        "SoftwareSourceCode",
        "ComputationalWorkflow"
      ],
      "author": [
        {
          "@id": "#2d2c8357-200b-437d-a76e-c4ad5dec19c8"
        },
        {
          "@id": "#f9dfc8f6-1721-415f-a64c-2a30e5244d1c"
        },
        {
          "@id": "#b7a01a36-8ff5-4f96-b80d-0a211f259898"
        },
        {
          "@id": "#8ce1449a-4f6f-4f9c-b7a6-32d76c6ee06b"
        },
        {
          "@id": "#b2d09e78-5e4f-46fa-a72c-37035a652f5b"
        }
      ],
      "license": {
        "@id": "https://spdx.org/licenses/GPL-3.0-or-later"
      },
      "name": "Genome Assembly Quality Control",
      "version": 1,
      "programmingLanguage": {
        "@id": "https://w3id.org/workflowhub/workflow-ro-crate#galaxy"
      }
    },
    {
      "@id": "https://spdx.org/licenses/GPL-3.0-or-later",
      "@type": "CreativeWork",
      "name": "GPL-3.0-or-later"
    },
    {
      "@id": "https://w3id.org/workflowhub/workflow-ro-crate#galaxy",
      "@type": "ComputerLanguage",
      "identifier": {
        "@id": "https://galaxyproject.org/"
      },
      "name": "Galaxy",
      "url": {
        "@id": "https://galaxyproject.org/"
      },
      "version": "23.1"
    },
    {
      "@id": "#2d2c8357-200b-437d-a76e-c4ad5dec19c8",
      "@type": "Person",
      "name": "Erwan Corre"
    },
    {
      "@id": "#f9dfc8f6-1721-415f-a64c-2a30e5244d1c",
      "@type": "Person",
      "name": "Stéphanie Robin"
    },
    {
      "@id": "#b7a01a36-8ff5-4f96-b80d-0a211f259898",
      "@type": "Person",
      "name": "Anthony Bretaudeau"
    },
    {
      "@id": "#8ce1449a-4f6f-4f9c-b7a6-32d76c6ee06b",
      "@type": "Person",
      "name": "Alexandre Cormier"
    },
    {
      "@id": "#b2d09e78-5e4f-46fa-a72c-37035a652f5b",
      "@type": "Person",
      "name": "Laura Leroi"
    }
  ]
}