{
  "@context": "https://w3id.org/ro/crate/1.1/context",
  "@graph": [
    {
      "@id": "ro-crate-metadata.json",
      "@type": "CreativeWork",
      "about": {
        "@id": "./"
      },
      "conformsTo": [
        {
          "@id": "https://w3id.org/ro/crate/1.1"
        },
        {
          "@id": "https://about.workflowhub.eu/Workflow-RO-Crate/"
        }
      ]
    },
    {
      "@id": "./",
      "@type": "Dataset",
      "datePublished": "2024-03-31T00:35:59.770+00:00",
      "mainEntity": {
        "@id": "main_workflow.ga"
      }
    },
    {
      "@id": "main_workflow.ga",
      "@type": [
        "File",
        "SoftwareSourceCode",
        "ComputationalWorkflow"
      ],
      "author": [
        {
          "@id": "#97f276ae-22c3-473f-8f18-fe63fd8cf22c"
        },
        {
          "@id": "#3fe4e99d-8460-4068-96f4-00179d74f7a6"
        },
        {
          "@id": "#9eb4442f-d1e5-4154-9d66-22556afe48aa"
        },
        {
          "@id": "#17de18ee-55df-46b0-9c33-a8a9023a9a76"
        },
        {
          "@id": "#af1aee83-a09e-4ade-b3f0-d88904447c1c"
        }
      ],
      "license": {
        "@id": "https://spdx.org/licenses/GPL-3.0-or-later"
      },
      "name": "Genome Assembly Quality Control",
      "version": 1,
      "programmingLanguage": {
        "@id": "https://w3id.org/workflowhub/workflow-ro-crate#galaxy"
      }
    },
    {
      "@id": "https://spdx.org/licenses/GPL-3.0-or-later",
      "@type": "CreativeWork",
      "name": "GPL-3.0-or-later"
    },
    {
      "@id": "https://w3id.org/workflowhub/workflow-ro-crate#galaxy",
      "@type": "ComputerLanguage",
      "identifier": {
        "@id": "https://galaxyproject.org/"
      },
      "name": "Galaxy",
      "url": {
        "@id": "https://galaxyproject.org/"
      },
      "version": "23.1"
    },
    {
      "@id": "#97f276ae-22c3-473f-8f18-fe63fd8cf22c",
      "@type": "Person",
      "name": "Erwan Corre"
    },
    {
      "@id": "#3fe4e99d-8460-4068-96f4-00179d74f7a6",
      "@type": "Person",
      "name": "Stéphanie Robin"
    },
    {
      "@id": "#9eb4442f-d1e5-4154-9d66-22556afe48aa",
      "@type": "Person",
      "name": "Anthony Bretaudeau"
    },
    {
      "@id": "#17de18ee-55df-46b0-9c33-a8a9023a9a76",
      "@type": "Person",
      "name": "Alexandre Cormier"
    },
    {
      "@id": "#af1aee83-a09e-4ade-b3f0-d88904447c1c",
      "@type": "Person",
      "name": "Laura Leroi"
    }
  ]
}