{
  "@context": "https://w3id.org/ro/crate/1.1/context",
  "@graph": [
    {
      "@id": "ro-crate-metadata.json",
      "@type": "CreativeWork",
      "about": {
        "@id": "./"
      },
      "conformsTo": [
        {
          "@id": "https://w3id.org/ro/crate/1.1"
        },
        {
          "@id": "https://about.workflowhub.eu/Workflow-RO-Crate/"
        }
      ]
    },
    {
      "@id": "./",
      "@type": "Dataset",
      "datePublished": "2024-03-22T00:31:32.750+00:00",
      "mainEntity": {
        "@id": "main_workflow.ga"
      }
    },
    {
      "@id": "main_workflow.ga",
      "@type": [
        "File",
        "SoftwareSourceCode",
        "ComputationalWorkflow"
      ],
      "author": [
        {
          "@id": "#b0d06d3c-a69e-47e6-811c-0d957202ac52"
        },
        {
          "@id": "#22bc5862-b21b-49c3-8d2e-50d27a7d3d52"
        },
        {
          "@id": "#72caf1ce-b2b6-4719-adc9-489ec2409100"
        },
        {
          "@id": "#3d97ac4f-cb27-4d3c-809b-b2462299987d"
        },
        {
          "@id": "#fbde92c9-f4b5-4637-9a10-e807d860cbe4"
        }
      ],
      "license": {
        "@id": "https://spdx.org/licenses/GPL-3.0-or-later"
      },
      "name": "Genome Assembly Quality Control",
      "version": 1,
      "programmingLanguage": {
        "@id": "https://w3id.org/workflowhub/workflow-ro-crate#galaxy"
      }
    },
    {
      "@id": "https://spdx.org/licenses/GPL-3.0-or-later",
      "@type": "CreativeWork",
      "name": "GPL-3.0-or-later"
    },
    {
      "@id": "https://w3id.org/workflowhub/workflow-ro-crate#galaxy",
      "@type": "ComputerLanguage",
      "identifier": {
        "@id": "https://galaxyproject.org/"
      },
      "name": "Galaxy",
      "url": {
        "@id": "https://galaxyproject.org/"
      },
      "version": "23.1"
    },
    {
      "@id": "#b0d06d3c-a69e-47e6-811c-0d957202ac52",
      "@type": "Person",
      "name": "Erwan Corre"
    },
    {
      "@id": "#22bc5862-b21b-49c3-8d2e-50d27a7d3d52",
      "@type": "Person",
      "name": "Stéphanie Robin"
    },
    {
      "@id": "#72caf1ce-b2b6-4719-adc9-489ec2409100",
      "@type": "Person",
      "name": "Anthony Bretaudeau"
    },
    {
      "@id": "#3d97ac4f-cb27-4d3c-809b-b2462299987d",
      "@type": "Person",
      "name": "Alexandre Cormier"
    },
    {
      "@id": "#fbde92c9-f4b5-4637-9a10-e807d860cbe4",
      "@type": "Person",
      "name": "Laura Leroi"
    }
  ]
}