{
  "@context": "https://w3id.org/ro/crate/1.1/context",
  "@graph": [
    {
      "@id": "ro-crate-metadata.json",
      "@type": "CreativeWork",
      "about": {
        "@id": "./"
      },
      "conformsTo": [
        {
          "@id": "https://w3id.org/ro/crate/1.1"
        },
        {
          "@id": "https://about.workflowhub.eu/Workflow-RO-Crate/"
        }
      ]
    },
    {
      "@id": "./",
      "@type": "Dataset",
      "datePublished": "2023-12-28T00:31:09.977+00:00",
      "mainEntity": {
        "@id": "main_workflow.ga"
      }
    },
    {
      "@id": "main_workflow.ga",
      "@type": [
        "File",
        "SoftwareSourceCode",
        "ComputationalWorkflow"
      ],
      "author": [
        {
          "@id": "#7ccb1cb8-a30c-448b-974d-61d6eaf31f67"
        },
        {
          "@id": "#66d1b236-82db-4122-852b-64e8df0c42fc"
        },
        {
          "@id": "#f266695c-fce8-4b36-b817-f3c3a396125b"
        },
        {
          "@id": "#040c5bbc-9265-4dee-bdee-46799d588d63"
        },
        {
          "@id": "#31e8c088-798a-4c63-aed3-9546051e0afa"
        }
      ],
      "license": {
        "@id": "https://spdx.org/licenses/GPL-3.0-or-later"
      },
      "name": "Genome Assembly Quality Control",
      "version": 1,
      "programmingLanguage": {
        "@id": "https://w3id.org/workflowhub/workflow-ro-crate#galaxy"
      }
    },
    {
      "@id": "https://spdx.org/licenses/GPL-3.0-or-later",
      "@type": "CreativeWork",
      "name": "GPL-3.0-or-later"
    },
    {
      "@id": "https://w3id.org/workflowhub/workflow-ro-crate#galaxy",
      "@type": "ComputerLanguage",
      "identifier": {
        "@id": "https://galaxyproject.org/"
      },
      "name": "Galaxy",
      "url": {
        "@id": "https://galaxyproject.org/"
      },
      "version": "23.1"
    },
    {
      "@id": "#7ccb1cb8-a30c-448b-974d-61d6eaf31f67",
      "@type": "Person",
      "name": "Erwan Corre"
    },
    {
      "@id": "#66d1b236-82db-4122-852b-64e8df0c42fc",
      "@type": "Person",
      "name": "Stéphanie Robin"
    },
    {
      "@id": "#f266695c-fce8-4b36-b817-f3c3a396125b",
      "@type": "Person",
      "name": "Anthony Bretaudeau"
    },
    {
      "@id": "#040c5bbc-9265-4dee-bdee-46799d588d63",
      "@type": "Person",
      "name": "Alexandre Cormier"
    },
    {
      "@id": "#31e8c088-798a-4c63-aed3-9546051e0afa",
      "@type": "Person",
      "name": "Laura Leroi"
    }
  ]
}