{
  "@context": "https://w3id.org/ro/crate/1.1/context",
  "@graph": [
    {
      "@id": "ro-crate-metadata.json",
      "@type": "CreativeWork",
      "about": {
        "@id": "./"
      },
      "conformsTo": [
        {
          "@id": "https://w3id.org/ro/crate/1.1"
        },
        {
          "@id": "https://about.workflowhub.eu/Workflow-RO-Crate/"
        }
      ]
    },
    {
      "@id": "./",
      "@type": "Dataset",
      "datePublished": "2024-04-09T00:32:50.689+00:00",
      "mainEntity": {
        "@id": "main_workflow.ga"
      }
    },
    {
      "@id": "main_workflow.ga",
      "@type": [
        "File",
        "SoftwareSourceCode",
        "ComputationalWorkflow"
      ],
      "author": [
        {
          "@id": "#18cdf660-85d4-4761-b654-500b82534ee0"
        },
        {
          "@id": "#d4f8ffdc-6cdc-420d-a464-8c5e299ed4e3"
        },
        {
          "@id": "#665bd2be-089a-4fe2-985c-5fb8c009251b"
        },
        {
          "@id": "#8ae8ac6e-5858-4468-8231-533590c456e4"
        },
        {
          "@id": "#926dccad-321a-475d-b9d6-247d488d52b4"
        }
      ],
      "license": {
        "@id": "https://spdx.org/licenses/GPL-3.0-or-later"
      },
      "name": "Genome Assembly Quality Control",
      "version": 1,
      "programmingLanguage": {
        "@id": "https://w3id.org/workflowhub/workflow-ro-crate#galaxy"
      }
    },
    {
      "@id": "https://spdx.org/licenses/GPL-3.0-or-later",
      "@type": "CreativeWork",
      "name": "GPL-3.0-or-later"
    },
    {
      "@id": "https://w3id.org/workflowhub/workflow-ro-crate#galaxy",
      "@type": "ComputerLanguage",
      "identifier": {
        "@id": "https://galaxyproject.org/"
      },
      "name": "Galaxy",
      "url": {
        "@id": "https://galaxyproject.org/"
      },
      "version": "23.1"
    },
    {
      "@id": "#18cdf660-85d4-4761-b654-500b82534ee0",
      "@type": "Person",
      "name": "Erwan Corre"
    },
    {
      "@id": "#d4f8ffdc-6cdc-420d-a464-8c5e299ed4e3",
      "@type": "Person",
      "name": "Stéphanie Robin"
    },
    {
      "@id": "#665bd2be-089a-4fe2-985c-5fb8c009251b",
      "@type": "Person",
      "name": "Anthony Bretaudeau"
    },
    {
      "@id": "#8ae8ac6e-5858-4468-8231-533590c456e4",
      "@type": "Person",
      "name": "Alexandre Cormier"
    },
    {
      "@id": "#926dccad-321a-475d-b9d6-247d488d52b4",
      "@type": "Person",
      "name": "Laura Leroi"
    }
  ]
}