{
  "@context": "https://w3id.org/ro/crate/1.1/context",
  "@graph": [
    {
      "@id": "ro-crate-metadata.json",
      "@type": "CreativeWork",
      "about": {
        "@id": "./"
      },
      "conformsTo": [
        {
          "@id": "https://w3id.org/ro/crate/1.1"
        },
        {
          "@id": "https://about.workflowhub.eu/Workflow-RO-Crate/"
        }
      ]
    },
    {
      "@id": "./",
      "@type": "Dataset",
      "datePublished": "2024-01-06T00:32:20.241+00:00",
      "mainEntity": {
        "@id": "main_workflow.ga"
      }
    },
    {
      "@id": "main_workflow.ga",
      "@type": [
        "File",
        "SoftwareSourceCode",
        "ComputationalWorkflow"
      ],
      "author": [
        {
          "@id": "#1b5d40e4-3c19-449b-a2ce-bc73d097b33e"
        },
        {
          "@id": "#a515a3bf-6757-4bf9-a33e-12ff39908193"
        },
        {
          "@id": "#76071df9-caee-4ad9-81e7-c998fd4a8fca"
        },
        {
          "@id": "#f7c0882c-a6e3-4dd4-a566-5cb0c15ee943"
        },
        {
          "@id": "#76c0a14c-4b00-4801-9917-d434f9091311"
        }
      ],
      "license": {
        "@id": "https://spdx.org/licenses/GPL-3.0-or-later"
      },
      "name": "Genome Assembly Quality Control",
      "version": 1,
      "programmingLanguage": {
        "@id": "https://w3id.org/workflowhub/workflow-ro-crate#galaxy"
      }
    },
    {
      "@id": "https://spdx.org/licenses/GPL-3.0-or-later",
      "@type": "CreativeWork",
      "name": "GPL-3.0-or-later"
    },
    {
      "@id": "https://w3id.org/workflowhub/workflow-ro-crate#galaxy",
      "@type": "ComputerLanguage",
      "identifier": {
        "@id": "https://galaxyproject.org/"
      },
      "name": "Galaxy",
      "url": {
        "@id": "https://galaxyproject.org/"
      },
      "version": "23.1"
    },
    {
      "@id": "#1b5d40e4-3c19-449b-a2ce-bc73d097b33e",
      "@type": "Person",
      "name": "Erwan Corre"
    },
    {
      "@id": "#a515a3bf-6757-4bf9-a33e-12ff39908193",
      "@type": "Person",
      "name": "Stéphanie Robin"
    },
    {
      "@id": "#76071df9-caee-4ad9-81e7-c998fd4a8fca",
      "@type": "Person",
      "name": "Anthony Bretaudeau"
    },
    {
      "@id": "#f7c0882c-a6e3-4dd4-a566-5cb0c15ee943",
      "@type": "Person",
      "name": "Alexandre Cormier"
    },
    {
      "@id": "#76c0a14c-4b00-4801-9917-d434f9091311",
      "@type": "Person",
      "name": "Laura Leroi"
    }
  ]
}