{
  "@context": "https://w3id.org/ro/crate/1.1/context",
  "@graph": [
    {
      "@id": "ro-crate-metadata.json",
      "@type": "CreativeWork",
      "about": {
        "@id": "./"
      },
      "conformsTo": [
        {
          "@id": "https://w3id.org/ro/crate/1.1"
        },
        {
          "@id": "https://about.workflowhub.eu/Workflow-RO-Crate/"
        }
      ]
    },
    {
      "@id": "./",
      "@type": "Dataset",
      "datePublished": "2024-04-08T00:33:42.855+00:00",
      "mainEntity": {
        "@id": "main_workflow.ga"
      }
    },
    {
      "@id": "main_workflow.ga",
      "@type": [
        "File",
        "SoftwareSourceCode",
        "ComputationalWorkflow"
      ],
      "author": [
        {
          "@id": "#7cb1fe8a-77a4-4830-914b-01f75f0942ae"
        },
        {
          "@id": "#5bef651e-d10d-4018-ac2b-2a2da61c2282"
        },
        {
          "@id": "#12a2bffe-5351-41f9-9923-401a4a62ae52"
        },
        {
          "@id": "#17c38917-d13b-4644-8eeb-953eb19ef3b4"
        },
        {
          "@id": "#35167eeb-c672-43d2-b858-c8e5309e18a6"
        }
      ],
      "license": {
        "@id": "https://spdx.org/licenses/GPL-3.0-or-later"
      },
      "name": "Genome Assembly Quality Control",
      "version": 1,
      "programmingLanguage": {
        "@id": "https://w3id.org/workflowhub/workflow-ro-crate#galaxy"
      }
    },
    {
      "@id": "https://spdx.org/licenses/GPL-3.0-or-later",
      "@type": "CreativeWork",
      "name": "GPL-3.0-or-later"
    },
    {
      "@id": "https://w3id.org/workflowhub/workflow-ro-crate#galaxy",
      "@type": "ComputerLanguage",
      "identifier": {
        "@id": "https://galaxyproject.org/"
      },
      "name": "Galaxy",
      "url": {
        "@id": "https://galaxyproject.org/"
      },
      "version": "23.1"
    },
    {
      "@id": "#7cb1fe8a-77a4-4830-914b-01f75f0942ae",
      "@type": "Person",
      "name": "Erwan Corre"
    },
    {
      "@id": "#5bef651e-d10d-4018-ac2b-2a2da61c2282",
      "@type": "Person",
      "name": "Stéphanie Robin"
    },
    {
      "@id": "#12a2bffe-5351-41f9-9923-401a4a62ae52",
      "@type": "Person",
      "name": "Anthony Bretaudeau"
    },
    {
      "@id": "#17c38917-d13b-4644-8eeb-953eb19ef3b4",
      "@type": "Person",
      "name": "Alexandre Cormier"
    },
    {
      "@id": "#35167eeb-c672-43d2-b858-c8e5309e18a6",
      "@type": "Person",
      "name": "Laura Leroi"
    }
  ]
}