{
  "@context": "https://w3id.org/ro/crate/1.1/context",
  "@graph": [
    {
      "@id": "ro-crate-metadata.json",
      "@type": "CreativeWork",
      "about": {
        "@id": "./"
      },
      "conformsTo": [
        {
          "@id": "https://w3id.org/ro/crate/1.1"
        },
        {
          "@id": "https://about.workflowhub.eu/Workflow-RO-Crate/"
        }
      ]
    },
    {
      "@id": "./",
      "@type": "Dataset",
      "datePublished": "2024-02-24T00:29:45.971+00:00",
      "mainEntity": {
        "@id": "main_workflow.ga"
      }
    },
    {
      "@id": "main_workflow.ga",
      "@type": [
        "File",
        "SoftwareSourceCode",
        "ComputationalWorkflow"
      ],
      "author": [
        {
          "@id": "#2e7a4385-b01a-446f-85e5-493b52ecb5a8"
        },
        {
          "@id": "#b85905e2-5d24-437f-976b-f2c2b6fd8469"
        },
        {
          "@id": "#7c02d55c-a3dd-4d6f-a808-f11538cac332"
        },
        {
          "@id": "#c4a11a29-35d0-462c-9cc3-b0ce3d0a830b"
        },
        {
          "@id": "#c02f06cc-2fb9-4ff1-80f6-65ad64a9334b"
        }
      ],
      "license": {
        "@id": "https://spdx.org/licenses/GPL-3.0-or-later"
      },
      "name": "Genome Assembly Quality Control",
      "version": 1,
      "programmingLanguage": {
        "@id": "https://w3id.org/workflowhub/workflow-ro-crate#galaxy"
      }
    },
    {
      "@id": "https://spdx.org/licenses/GPL-3.0-or-later",
      "@type": "CreativeWork",
      "name": "GPL-3.0-or-later"
    },
    {
      "@id": "https://w3id.org/workflowhub/workflow-ro-crate#galaxy",
      "@type": "ComputerLanguage",
      "identifier": {
        "@id": "https://galaxyproject.org/"
      },
      "name": "Galaxy",
      "url": {
        "@id": "https://galaxyproject.org/"
      },
      "version": "23.1"
    },
    {
      "@id": "#2e7a4385-b01a-446f-85e5-493b52ecb5a8",
      "@type": "Person",
      "name": "Erwan Corre"
    },
    {
      "@id": "#b85905e2-5d24-437f-976b-f2c2b6fd8469",
      "@type": "Person",
      "name": "Stéphanie Robin"
    },
    {
      "@id": "#7c02d55c-a3dd-4d6f-a808-f11538cac332",
      "@type": "Person",
      "name": "Anthony Bretaudeau"
    },
    {
      "@id": "#c4a11a29-35d0-462c-9cc3-b0ce3d0a830b",
      "@type": "Person",
      "name": "Alexandre Cormier"
    },
    {
      "@id": "#c02f06cc-2fb9-4ff1-80f6-65ad64a9334b",
      "@type": "Person",
      "name": "Laura Leroi"
    }
  ]
}