{
  "@context": "https://w3id.org/ro/crate/1.1/context",
  "@graph": [
    {
      "@id": "ro-crate-metadata.json",
      "@type": "CreativeWork",
      "about": {
        "@id": "./"
      },
      "conformsTo": [
        {
          "@id": "https://w3id.org/ro/crate/1.1"
        },
        {
          "@id": "https://about.workflowhub.eu/Workflow-RO-Crate/"
        }
      ]
    },
    {
      "@id": "./",
      "@type": "Dataset",
      "datePublished": "2024-05-11T00:33:07.900+00:00",
      "mainEntity": {
        "@id": "main_workflow.ga"
      }
    },
    {
      "@id": "main_workflow.ga",
      "@type": [
        "File",
        "SoftwareSourceCode",
        "ComputationalWorkflow"
      ],
      "author": [
        {
          "@id": "#13bf0800-5d7e-45d3-8c71-2ff15ba01f8f"
        },
        {
          "@id": "#51937018-03fc-488e-838f-e68a03e8b4a0"
        },
        {
          "@id": "#da02a862-4bff-475b-b983-3bc9eb5d7363"
        },
        {
          "@id": "#cad8bccb-90f8-4ce2-92da-aac112e6c610"
        },
        {
          "@id": "#10e08aa2-7918-4d14-8cb0-9d23ed34790f"
        }
      ],
      "license": {
        "@id": "https://spdx.org/licenses/GPL-3.0-or-later"
      },
      "name": "Genome Assembly Quality Control",
      "version": 1,
      "programmingLanguage": {
        "@id": "https://w3id.org/workflowhub/workflow-ro-crate#galaxy"
      }
    },
    {
      "@id": "https://spdx.org/licenses/GPL-3.0-or-later",
      "@type": "CreativeWork",
      "name": "GPL-3.0-or-later"
    },
    {
      "@id": "https://w3id.org/workflowhub/workflow-ro-crate#galaxy",
      "@type": "ComputerLanguage",
      "identifier": {
        "@id": "https://galaxyproject.org/"
      },
      "name": "Galaxy",
      "url": {
        "@id": "https://galaxyproject.org/"
      },
      "version": "23.1"
    },
    {
      "@id": "#13bf0800-5d7e-45d3-8c71-2ff15ba01f8f",
      "@type": "Person",
      "name": "Erwan Corre"
    },
    {
      "@id": "#51937018-03fc-488e-838f-e68a03e8b4a0",
      "@type": "Person",
      "name": "Stéphanie Robin"
    },
    {
      "@id": "#da02a862-4bff-475b-b983-3bc9eb5d7363",
      "@type": "Person",
      "name": "Anthony Bretaudeau"
    },
    {
      "@id": "#cad8bccb-90f8-4ce2-92da-aac112e6c610",
      "@type": "Person",
      "name": "Alexandre Cormier"
    },
    {
      "@id": "#10e08aa2-7918-4d14-8cb0-9d23ed34790f",
      "@type": "Person",
      "name": "Laura Leroi"
    }
  ]
}