{
  "@context": "https://w3id.org/ro/crate/1.1/context",
  "@graph": [
    {
      "@id": "ro-crate-metadata.json",
      "@type": "CreativeWork",
      "about": {
        "@id": "./"
      },
      "conformsTo": [
        {
          "@id": "https://w3id.org/ro/crate/1.1"
        },
        {
          "@id": "https://about.workflowhub.eu/Workflow-RO-Crate/"
        }
      ]
    },
    {
      "@id": "./",
      "@type": "Dataset",
      "datePublished": "2024-01-21T00:37:05.114+00:00",
      "mainEntity": {
        "@id": "main_workflow.ga"
      }
    },
    {
      "@id": "main_workflow.ga",
      "@type": [
        "File",
        "SoftwareSourceCode",
        "ComputationalWorkflow"
      ],
      "author": [
        {
          "@id": "#293be8ed-8b04-4c59-9f61-dd536a705a15"
        },
        {
          "@id": "#eb190394-b412-4b78-b61b-cd47475ffe62"
        },
        {
          "@id": "#f2faa4d5-990a-4905-9bb9-af2fe9e54318"
        },
        {
          "@id": "#52205c54-d4be-49ff-b40e-9164c9461534"
        },
        {
          "@id": "#c5118e53-a3af-4411-b37f-9658441316cf"
        }
      ],
      "license": {
        "@id": "https://spdx.org/licenses/GPL-3.0-or-later"
      },
      "name": "Genome Assembly Quality Control",
      "version": 1,
      "programmingLanguage": {
        "@id": "https://w3id.org/workflowhub/workflow-ro-crate#galaxy"
      }
    },
    {
      "@id": "https://spdx.org/licenses/GPL-3.0-or-later",
      "@type": "CreativeWork",
      "name": "GPL-3.0-or-later"
    },
    {
      "@id": "https://w3id.org/workflowhub/workflow-ro-crate#galaxy",
      "@type": "ComputerLanguage",
      "identifier": {
        "@id": "https://galaxyproject.org/"
      },
      "name": "Galaxy",
      "url": {
        "@id": "https://galaxyproject.org/"
      },
      "version": "23.1"
    },
    {
      "@id": "#293be8ed-8b04-4c59-9f61-dd536a705a15",
      "@type": "Person",
      "name": "Erwan Corre"
    },
    {
      "@id": "#eb190394-b412-4b78-b61b-cd47475ffe62",
      "@type": "Person",
      "name": "Stéphanie Robin"
    },
    {
      "@id": "#f2faa4d5-990a-4905-9bb9-af2fe9e54318",
      "@type": "Person",
      "name": "Anthony Bretaudeau"
    },
    {
      "@id": "#52205c54-d4be-49ff-b40e-9164c9461534",
      "@type": "Person",
      "name": "Alexandre Cormier"
    },
    {
      "@id": "#c5118e53-a3af-4411-b37f-9658441316cf",
      "@type": "Person",
      "name": "Laura Leroi"
    }
  ]
}