{
  "@context": "https://w3id.org/ro/crate/1.1/context",
  "@graph": [
    {
      "@id": "ro-crate-metadata.json",
      "@type": "CreativeWork",
      "about": {
        "@id": "./"
      },
      "conformsTo": [
        {
          "@id": "https://w3id.org/ro/crate/1.1"
        },
        {
          "@id": "https://about.workflowhub.eu/Workflow-RO-Crate/"
        }
      ]
    },
    {
      "@id": "./",
      "@type": "Dataset",
      "datePublished": "2024-01-08T00:34:20.991+00:00",
      "mainEntity": {
        "@id": "main_workflow.ga"
      }
    },
    {
      "@id": "main_workflow.ga",
      "@type": [
        "File",
        "SoftwareSourceCode",
        "ComputationalWorkflow"
      ],
      "author": [
        {
          "@id": "#8745f6e7-bba9-4165-a7c2-4aaddfc58ba8"
        },
        {
          "@id": "#69755ae9-ea26-4ca7-a9a5-16148e3f9b6c"
        },
        {
          "@id": "#c8f65f0c-9890-4240-8a8b-52bf5e3b9c43"
        },
        {
          "@id": "#a3dc27c7-fa15-41d8-959c-d1841c4ade03"
        },
        {
          "@id": "#637322fd-e7fe-4965-a450-9bfb01c4102d"
        }
      ],
      "license": {
        "@id": "https://spdx.org/licenses/GPL-3.0-or-later"
      },
      "name": "Genome Assembly Quality Control",
      "version": 1,
      "programmingLanguage": {
        "@id": "https://w3id.org/workflowhub/workflow-ro-crate#galaxy"
      }
    },
    {
      "@id": "https://spdx.org/licenses/GPL-3.0-or-later",
      "@type": "CreativeWork",
      "name": "GPL-3.0-or-later"
    },
    {
      "@id": "https://w3id.org/workflowhub/workflow-ro-crate#galaxy",
      "@type": "ComputerLanguage",
      "identifier": {
        "@id": "https://galaxyproject.org/"
      },
      "name": "Galaxy",
      "url": {
        "@id": "https://galaxyproject.org/"
      },
      "version": "23.1"
    },
    {
      "@id": "#8745f6e7-bba9-4165-a7c2-4aaddfc58ba8",
      "@type": "Person",
      "name": "Erwan Corre"
    },
    {
      "@id": "#69755ae9-ea26-4ca7-a9a5-16148e3f9b6c",
      "@type": "Person",
      "name": "Stéphanie Robin"
    },
    {
      "@id": "#c8f65f0c-9890-4240-8a8b-52bf5e3b9c43",
      "@type": "Person",
      "name": "Anthony Bretaudeau"
    },
    {
      "@id": "#a3dc27c7-fa15-41d8-959c-d1841c4ade03",
      "@type": "Person",
      "name": "Alexandre Cormier"
    },
    {
      "@id": "#637322fd-e7fe-4965-a450-9bfb01c4102d",
      "@type": "Person",
      "name": "Laura Leroi"
    }
  ]
}