{
  "@context": "https://w3id.org/ro/crate/1.1/context",
  "@graph": [
    {
      "@id": "ro-crate-metadata.json",
      "@type": "CreativeWork",
      "about": {
        "@id": "./"
      },
      "conformsTo": [
        {
          "@id": "https://w3id.org/ro/crate/1.1"
        },
        {
          "@id": "https://about.workflowhub.eu/Workflow-RO-Crate/"
        }
      ]
    },
    {
      "@id": "./",
      "@type": "Dataset",
      "datePublished": "2023-12-13T00:32:52.157+00:00",
      "mainEntity": {
        "@id": "main_workflow.ga"
      }
    },
    {
      "@id": "main_workflow.ga",
      "@type": [
        "File",
        "SoftwareSourceCode",
        "ComputationalWorkflow"
      ],
      "author": [
        {
          "@id": "#97cad980-48ab-4c79-8790-a5096268b236"
        },
        {
          "@id": "#94805aac-8022-44f5-8117-a6dd3a6bfec7"
        },
        {
          "@id": "#c4712d4b-0510-4046-adcf-2c17ecf3b28a"
        },
        {
          "@id": "#9bbb5e03-e28b-46de-b76a-9453c9af870c"
        },
        {
          "@id": "#f4954526-994f-4998-b61f-2b261a12d299"
        }
      ],
      "license": {
        "@id": "https://spdx.org/licenses/GPL-3.0-or-later"
      },
      "name": "Genome Assembly Quality Control",
      "version": 1,
      "programmingLanguage": {
        "@id": "https://w3id.org/workflowhub/workflow-ro-crate#galaxy"
      }
    },
    {
      "@id": "https://spdx.org/licenses/GPL-3.0-or-later",
      "@type": "CreativeWork",
      "name": "GPL-3.0-or-later"
    },
    {
      "@id": "https://w3id.org/workflowhub/workflow-ro-crate#galaxy",
      "@type": "ComputerLanguage",
      "identifier": {
        "@id": "https://galaxyproject.org/"
      },
      "name": "Galaxy",
      "url": {
        "@id": "https://galaxyproject.org/"
      },
      "version": "23.1"
    },
    {
      "@id": "#97cad980-48ab-4c79-8790-a5096268b236",
      "@type": "Person",
      "name": "Erwan Corre"
    },
    {
      "@id": "#94805aac-8022-44f5-8117-a6dd3a6bfec7",
      "@type": "Person",
      "name": "Stéphanie Robin"
    },
    {
      "@id": "#c4712d4b-0510-4046-adcf-2c17ecf3b28a",
      "@type": "Person",
      "name": "Anthony Bretaudeau"
    },
    {
      "@id": "#9bbb5e03-e28b-46de-b76a-9453c9af870c",
      "@type": "Person",
      "name": "Alexandre Cormier"
    },
    {
      "@id": "#f4954526-994f-4998-b61f-2b261a12d299",
      "@type": "Person",
      "name": "Laura Leroi"
    }
  ]
}