{
  "@context": "https://w3id.org/ro/crate/1.1/context",
  "@graph": [
    {
      "@id": "ro-crate-metadata.json",
      "@type": "CreativeWork",
      "about": {
        "@id": "./"
      },
      "conformsTo": [
        {
          "@id": "https://w3id.org/ro/crate/1.1"
        },
        {
          "@id": "https://about.workflowhub.eu/Workflow-RO-Crate/"
        }
      ]
    },
    {
      "@id": "./",
      "@type": "Dataset",
      "datePublished": "2024-06-01T00:38:36.819+00:00",
      "mainEntity": {
        "@id": "main_workflow.ga"
      }
    },
    {
      "@id": "main_workflow.ga",
      "@type": [
        "File",
        "SoftwareSourceCode",
        "ComputationalWorkflow"
      ],
      "author": [
        {
          "@id": "#570778a1-7eb5-4b8d-92c7-1e09e07e4837"
        },
        {
          "@id": "#6f30e454-7a92-4c3b-8db4-10e7b2522d77"
        },
        {
          "@id": "#4b38a54b-4127-49d1-950e-8ddaee96fbe6"
        },
        {
          "@id": "#50e0e299-cc03-49e5-923f-9538fa6aefc3"
        },
        {
          "@id": "#cd0ba088-507c-4e3e-bce1-b012ebfc691a"
        }
      ],
      "license": {
        "@id": "https://spdx.org/licenses/GPL-3.0-or-later"
      },
      "name": "Genome Assembly Quality Control",
      "version": 1,
      "programmingLanguage": {
        "@id": "https://w3id.org/workflowhub/workflow-ro-crate#galaxy"
      }
    },
    {
      "@id": "https://spdx.org/licenses/GPL-3.0-or-later",
      "@type": "CreativeWork",
      "name": "GPL-3.0-or-later"
    },
    {
      "@id": "https://w3id.org/workflowhub/workflow-ro-crate#galaxy",
      "@type": "ComputerLanguage",
      "identifier": {
        "@id": "https://galaxyproject.org/"
      },
      "name": "Galaxy",
      "url": {
        "@id": "https://galaxyproject.org/"
      },
      "version": "23.1"
    },
    {
      "@id": "#570778a1-7eb5-4b8d-92c7-1e09e07e4837",
      "@type": "Person",
      "name": "Erwan Corre"
    },
    {
      "@id": "#6f30e454-7a92-4c3b-8db4-10e7b2522d77",
      "@type": "Person",
      "name": "Stéphanie Robin"
    },
    {
      "@id": "#4b38a54b-4127-49d1-950e-8ddaee96fbe6",
      "@type": "Person",
      "name": "Anthony Bretaudeau"
    },
    {
      "@id": "#50e0e299-cc03-49e5-923f-9538fa6aefc3",
      "@type": "Person",
      "name": "Alexandre Cormier"
    },
    {
      "@id": "#cd0ba088-507c-4e3e-bce1-b012ebfc691a",
      "@type": "Person",
      "name": "Laura Leroi"
    }
  ]
}