{
  "@context": "https://w3id.org/ro/crate/1.1/context",
  "@graph": [
    {
      "@id": "ro-crate-metadata.json",
      "@type": "CreativeWork",
      "about": {
        "@id": "./"
      },
      "conformsTo": [
        {
          "@id": "https://w3id.org/ro/crate/1.1"
        },
        {
          "@id": "https://about.workflowhub.eu/Workflow-RO-Crate/"
        }
      ]
    },
    {
      "@id": "./",
      "@type": "Dataset",
      "datePublished": "2024-03-02T00:30:36.413+00:00",
      "mainEntity": {
        "@id": "main_workflow.ga"
      }
    },
    {
      "@id": "main_workflow.ga",
      "@type": [
        "File",
        "SoftwareSourceCode",
        "ComputationalWorkflow"
      ],
      "author": [
        {
          "@id": "#ae8c2d9c-09e6-45ba-a5c3-4fcef6f8e00f"
        },
        {
          "@id": "#c5997af7-ec1e-47f4-89dd-a24972afd8c9"
        },
        {
          "@id": "#82b8599e-e5cd-4a38-9175-715215bfa184"
        },
        {
          "@id": "#75d2a4fc-65c9-4414-9150-3e41bccefe8b"
        },
        {
          "@id": "#f2cee0e6-559f-4ee8-b8c1-ccea06e02f82"
        }
      ],
      "license": {
        "@id": "https://spdx.org/licenses/GPL-3.0-or-later"
      },
      "name": "Genome Assembly Quality Control",
      "version": 1,
      "programmingLanguage": {
        "@id": "https://w3id.org/workflowhub/workflow-ro-crate#galaxy"
      }
    },
    {
      "@id": "https://spdx.org/licenses/GPL-3.0-or-later",
      "@type": "CreativeWork",
      "name": "GPL-3.0-or-later"
    },
    {
      "@id": "https://w3id.org/workflowhub/workflow-ro-crate#galaxy",
      "@type": "ComputerLanguage",
      "identifier": {
        "@id": "https://galaxyproject.org/"
      },
      "name": "Galaxy",
      "url": {
        "@id": "https://galaxyproject.org/"
      },
      "version": "23.1"
    },
    {
      "@id": "#ae8c2d9c-09e6-45ba-a5c3-4fcef6f8e00f",
      "@type": "Person",
      "name": "Erwan Corre"
    },
    {
      "@id": "#c5997af7-ec1e-47f4-89dd-a24972afd8c9",
      "@type": "Person",
      "name": "Stéphanie Robin"
    },
    {
      "@id": "#82b8599e-e5cd-4a38-9175-715215bfa184",
      "@type": "Person",
      "name": "Anthony Bretaudeau"
    },
    {
      "@id": "#75d2a4fc-65c9-4414-9150-3e41bccefe8b",
      "@type": "Person",
      "name": "Alexandre Cormier"
    },
    {
      "@id": "#f2cee0e6-559f-4ee8-b8c1-ccea06e02f82",
      "@type": "Person",
      "name": "Laura Leroi"
    }
  ]
}