{
  "@context": "https://w3id.org/ro/crate/1.1/context",
  "@graph": [
    {
      "@id": "ro-crate-metadata.json",
      "@type": "CreativeWork",
      "about": {
        "@id": "./"
      },
      "conformsTo": [
        {
          "@id": "https://w3id.org/ro/crate/1.1"
        },
        {
          "@id": "https://about.workflowhub.eu/Workflow-RO-Crate/"
        }
      ]
    },
    {
      "@id": "./",
      "@type": "Dataset",
      "datePublished": "2024-02-09T00:30:44.243+00:00",
      "mainEntity": {
        "@id": "main_workflow.ga"
      }
    },
    {
      "@id": "main_workflow.ga",
      "@type": [
        "File",
        "SoftwareSourceCode",
        "ComputationalWorkflow"
      ],
      "author": [
        {
          "@id": "#29a51a9a-2a3f-4d3b-9ed7-462e7a1c6f46"
        },
        {
          "@id": "#da67be22-0304-4ce2-a9e2-b5fd5ef7d77d"
        },
        {
          "@id": "#75c8d44f-88d9-4461-8499-e46288f2e481"
        },
        {
          "@id": "#1e3875af-48cf-4b4e-93bc-458ce2bffe0b"
        },
        {
          "@id": "#7f0dc29a-5a2b-47cf-9e5d-253c69330dba"
        }
      ],
      "license": {
        "@id": "https://spdx.org/licenses/GPL-3.0-or-later"
      },
      "name": "Genome Assembly Quality Control",
      "version": 1,
      "programmingLanguage": {
        "@id": "https://w3id.org/workflowhub/workflow-ro-crate#galaxy"
      }
    },
    {
      "@id": "https://spdx.org/licenses/GPL-3.0-or-later",
      "@type": "CreativeWork",
      "name": "GPL-3.0-or-later"
    },
    {
      "@id": "https://w3id.org/workflowhub/workflow-ro-crate#galaxy",
      "@type": "ComputerLanguage",
      "identifier": {
        "@id": "https://galaxyproject.org/"
      },
      "name": "Galaxy",
      "url": {
        "@id": "https://galaxyproject.org/"
      },
      "version": "23.1"
    },
    {
      "@id": "#29a51a9a-2a3f-4d3b-9ed7-462e7a1c6f46",
      "@type": "Person",
      "name": "Erwan Corre"
    },
    {
      "@id": "#da67be22-0304-4ce2-a9e2-b5fd5ef7d77d",
      "@type": "Person",
      "name": "Stéphanie Robin"
    },
    {
      "@id": "#75c8d44f-88d9-4461-8499-e46288f2e481",
      "@type": "Person",
      "name": "Anthony Bretaudeau"
    },
    {
      "@id": "#1e3875af-48cf-4b4e-93bc-458ce2bffe0b",
      "@type": "Person",
      "name": "Alexandre Cormier"
    },
    {
      "@id": "#7f0dc29a-5a2b-47cf-9e5d-253c69330dba",
      "@type": "Person",
      "name": "Laura Leroi"
    }
  ]
}