{
  "@context": "https://w3id.org/ro/crate/1.1/context",
  "@graph": [
    {
      "@id": "ro-crate-metadata.json",
      "@type": "CreativeWork",
      "about": {
        "@id": "./"
      },
      "conformsTo": [
        {
          "@id": "https://w3id.org/ro/crate/1.1"
        },
        {
          "@id": "https://about.workflowhub.eu/Workflow-RO-Crate/"
        }
      ]
    },
    {
      "@id": "./",
      "@type": "Dataset",
      "datePublished": "2024-01-26T00:31:49.859+00:00",
      "mainEntity": {
        "@id": "main_workflow.ga"
      }
    },
    {
      "@id": "main_workflow.ga",
      "@type": [
        "File",
        "SoftwareSourceCode",
        "ComputationalWorkflow"
      ],
      "author": [
        {
          "@id": "#8f742490-f418-4cf1-84d1-a079be5fc8d6"
        },
        {
          "@id": "#4873854f-1073-4f26-8108-e9cce3141644"
        },
        {
          "@id": "#ef77dfc4-8a46-4b70-84bc-0438e7e30489"
        },
        {
          "@id": "#42c987b1-baab-4f57-b710-bf2c7a49e5ac"
        },
        {
          "@id": "#a661fdb5-363d-431d-aa51-261821275853"
        }
      ],
      "license": {
        "@id": "https://spdx.org/licenses/GPL-3.0-or-later"
      },
      "name": "Genome Assembly Quality Control",
      "version": 1,
      "programmingLanguage": {
        "@id": "https://w3id.org/workflowhub/workflow-ro-crate#galaxy"
      }
    },
    {
      "@id": "https://spdx.org/licenses/GPL-3.0-or-later",
      "@type": "CreativeWork",
      "name": "GPL-3.0-or-later"
    },
    {
      "@id": "https://w3id.org/workflowhub/workflow-ro-crate#galaxy",
      "@type": "ComputerLanguage",
      "identifier": {
        "@id": "https://galaxyproject.org/"
      },
      "name": "Galaxy",
      "url": {
        "@id": "https://galaxyproject.org/"
      },
      "version": "23.1"
    },
    {
      "@id": "#8f742490-f418-4cf1-84d1-a079be5fc8d6",
      "@type": "Person",
      "name": "Erwan Corre"
    },
    {
      "@id": "#4873854f-1073-4f26-8108-e9cce3141644",
      "@type": "Person",
      "name": "Stéphanie Robin"
    },
    {
      "@id": "#ef77dfc4-8a46-4b70-84bc-0438e7e30489",
      "@type": "Person",
      "name": "Anthony Bretaudeau"
    },
    {
      "@id": "#42c987b1-baab-4f57-b710-bf2c7a49e5ac",
      "@type": "Person",
      "name": "Alexandre Cormier"
    },
    {
      "@id": "#a661fdb5-363d-431d-aa51-261821275853",
      "@type": "Person",
      "name": "Laura Leroi"
    }
  ]
}