{
  "@context": "https://w3id.org/ro/crate/1.1/context",
  "@graph": [
    {
      "@id": "ro-crate-metadata.json",
      "@type": "CreativeWork",
      "about": {
        "@id": "./"
      },
      "conformsTo": [
        {
          "@id": "https://w3id.org/ro/crate/1.1"
        },
        {
          "@id": "https://about.workflowhub.eu/Workflow-RO-Crate/"
        }
      ]
    },
    {
      "@id": "./",
      "@type": "Dataset",
      "datePublished": "2024-03-12T00:31:23.969+00:00",
      "mainEntity": {
        "@id": "main_workflow.ga"
      }
    },
    {
      "@id": "main_workflow.ga",
      "@type": [
        "File",
        "SoftwareSourceCode",
        "ComputationalWorkflow"
      ],
      "author": [
        {
          "@id": "#157f90fb-6dde-4f04-824a-e50f6ce3e68d"
        },
        {
          "@id": "#7930814f-3ed5-4bdc-a584-5a076aef0a52"
        },
        {
          "@id": "#303cc214-f4de-45c7-b360-93caf490dc2e"
        },
        {
          "@id": "#2466c62f-bee0-414b-9d39-c9858ce19307"
        },
        {
          "@id": "#ce8326e2-5f53-4f65-a34c-04bbe0717d8e"
        }
      ],
      "license": {
        "@id": "https://spdx.org/licenses/GPL-3.0-or-later"
      },
      "name": "Genome Assembly Quality Control",
      "version": 1,
      "programmingLanguage": {
        "@id": "https://w3id.org/workflowhub/workflow-ro-crate#galaxy"
      }
    },
    {
      "@id": "https://spdx.org/licenses/GPL-3.0-or-later",
      "@type": "CreativeWork",
      "name": "GPL-3.0-or-later"
    },
    {
      "@id": "https://w3id.org/workflowhub/workflow-ro-crate#galaxy",
      "@type": "ComputerLanguage",
      "identifier": {
        "@id": "https://galaxyproject.org/"
      },
      "name": "Galaxy",
      "url": {
        "@id": "https://galaxyproject.org/"
      },
      "version": "23.1"
    },
    {
      "@id": "#157f90fb-6dde-4f04-824a-e50f6ce3e68d",
      "@type": "Person",
      "name": "Erwan Corre"
    },
    {
      "@id": "#7930814f-3ed5-4bdc-a584-5a076aef0a52",
      "@type": "Person",
      "name": "Stéphanie Robin"
    },
    {
      "@id": "#303cc214-f4de-45c7-b360-93caf490dc2e",
      "@type": "Person",
      "name": "Anthony Bretaudeau"
    },
    {
      "@id": "#2466c62f-bee0-414b-9d39-c9858ce19307",
      "@type": "Person",
      "name": "Alexandre Cormier"
    },
    {
      "@id": "#ce8326e2-5f53-4f65-a34c-04bbe0717d8e",
      "@type": "Person",
      "name": "Laura Leroi"
    }
  ]
}