{
  "@context": "https://w3id.org/ro/crate/1.1/context",
  "@graph": [
    {
      "@id": "ro-crate-metadata.json",
      "@type": "CreativeWork",
      "about": {
        "@id": "./"
      },
      "conformsTo": [
        {
          "@id": "https://w3id.org/ro/crate/1.1"
        },
        {
          "@id": "https://about.workflowhub.eu/Workflow-RO-Crate/"
        }
      ]
    },
    {
      "@id": "./",
      "@type": "Dataset",
      "datePublished": "2024-04-26T00:32:59.314+00:00",
      "mainEntity": {
        "@id": "main_workflow.ga"
      }
    },
    {
      "@id": "main_workflow.ga",
      "@type": [
        "File",
        "SoftwareSourceCode",
        "ComputationalWorkflow"
      ],
      "author": [
        {
          "@id": "#3b44d585-2d87-4623-9c2d-f87b68cf91bf"
        },
        {
          "@id": "#89785f13-50da-49e3-a974-eaa2b14fd8e4"
        },
        {
          "@id": "#5615fb85-47a0-4247-b0cd-ffbb7dbe821f"
        },
        {
          "@id": "#0e9df2d9-76e3-4fce-95b4-6521aaad0059"
        },
        {
          "@id": "#d0a029c1-565f-4c18-9e47-091687104316"
        }
      ],
      "license": {
        "@id": "https://spdx.org/licenses/GPL-3.0-or-later"
      },
      "name": "Genome Assembly Quality Control",
      "version": 1,
      "programmingLanguage": {
        "@id": "https://w3id.org/workflowhub/workflow-ro-crate#galaxy"
      }
    },
    {
      "@id": "https://spdx.org/licenses/GPL-3.0-or-later",
      "@type": "CreativeWork",
      "name": "GPL-3.0-or-later"
    },
    {
      "@id": "https://w3id.org/workflowhub/workflow-ro-crate#galaxy",
      "@type": "ComputerLanguage",
      "identifier": {
        "@id": "https://galaxyproject.org/"
      },
      "name": "Galaxy",
      "url": {
        "@id": "https://galaxyproject.org/"
      },
      "version": "23.1"
    },
    {
      "@id": "#3b44d585-2d87-4623-9c2d-f87b68cf91bf",
      "@type": "Person",
      "name": "Erwan Corre"
    },
    {
      "@id": "#89785f13-50da-49e3-a974-eaa2b14fd8e4",
      "@type": "Person",
      "name": "Stéphanie Robin"
    },
    {
      "@id": "#5615fb85-47a0-4247-b0cd-ffbb7dbe821f",
      "@type": "Person",
      "name": "Anthony Bretaudeau"
    },
    {
      "@id": "#0e9df2d9-76e3-4fce-95b4-6521aaad0059",
      "@type": "Person",
      "name": "Alexandre Cormier"
    },
    {
      "@id": "#d0a029c1-565f-4c18-9e47-091687104316",
      "@type": "Person",
      "name": "Laura Leroi"
    }
  ]
}