{
  "@context": "https://w3id.org/ro/crate/1.1/context",
  "@graph": [
    {
      "@id": "ro-crate-metadata.json",
      "@type": "CreativeWork",
      "about": {
        "@id": "./"
      },
      "conformsTo": [
        {
          "@id": "https://w3id.org/ro/crate/1.1"
        },
        {
          "@id": "https://about.workflowhub.eu/Workflow-RO-Crate/"
        }
      ]
    },
    {
      "@id": "./",
      "@type": "Dataset",
      "datePublished": "2024-01-15T00:35:54.877+00:00",
      "mainEntity": {
        "@id": "main_workflow.ga"
      }
    },
    {
      "@id": "main_workflow.ga",
      "@type": [
        "File",
        "SoftwareSourceCode",
        "ComputationalWorkflow"
      ],
      "author": [
        {
          "@id": "#ec37aa11-a044-4290-9957-35e6aeb8517f"
        },
        {
          "@id": "#f9a31ca2-0936-427e-93ed-cb28272603e2"
        },
        {
          "@id": "#639723ac-21e8-4808-96ee-da4d983bf60f"
        },
        {
          "@id": "#d02722a4-94ff-493c-b6c7-0af7174cc9ad"
        },
        {
          "@id": "#f98c6f1a-6f94-44e9-a441-1596da56a97c"
        }
      ],
      "license": {
        "@id": "https://spdx.org/licenses/GPL-3.0-or-later"
      },
      "name": "Genome Assembly Quality Control",
      "version": 1,
      "programmingLanguage": {
        "@id": "https://w3id.org/workflowhub/workflow-ro-crate#galaxy"
      }
    },
    {
      "@id": "https://spdx.org/licenses/GPL-3.0-or-later",
      "@type": "CreativeWork",
      "name": "GPL-3.0-or-later"
    },
    {
      "@id": "https://w3id.org/workflowhub/workflow-ro-crate#galaxy",
      "@type": "ComputerLanguage",
      "identifier": {
        "@id": "https://galaxyproject.org/"
      },
      "name": "Galaxy",
      "url": {
        "@id": "https://galaxyproject.org/"
      },
      "version": "23.1"
    },
    {
      "@id": "#ec37aa11-a044-4290-9957-35e6aeb8517f",
      "@type": "Person",
      "name": "Erwan Corre"
    },
    {
      "@id": "#f9a31ca2-0936-427e-93ed-cb28272603e2",
      "@type": "Person",
      "name": "Stéphanie Robin"
    },
    {
      "@id": "#639723ac-21e8-4808-96ee-da4d983bf60f",
      "@type": "Person",
      "name": "Anthony Bretaudeau"
    },
    {
      "@id": "#d02722a4-94ff-493c-b6c7-0af7174cc9ad",
      "@type": "Person",
      "name": "Alexandre Cormier"
    },
    {
      "@id": "#f98c6f1a-6f94-44e9-a441-1596da56a97c",
      "@type": "Person",
      "name": "Laura Leroi"
    }
  ]
}