{
  "@context": "https://w3id.org/ro/crate/1.1/context",
  "@graph": [
    {
      "@id": "ro-crate-metadata.json",
      "@type": "CreativeWork",
      "about": {
        "@id": "./"
      },
      "conformsTo": [
        {
          "@id": "https://w3id.org/ro/crate/1.1"
        },
        {
          "@id": "https://about.workflowhub.eu/Workflow-RO-Crate/"
        }
      ]
    },
    {
      "@id": "./",
      "@type": "Dataset",
      "datePublished": "2024-02-04T00:34:24.242+00:00",
      "mainEntity": {
        "@id": "main_workflow.ga"
      }
    },
    {
      "@id": "main_workflow.ga",
      "@type": [
        "File",
        "SoftwareSourceCode",
        "ComputationalWorkflow"
      ],
      "author": [
        {
          "@id": "#7a139acd-e7cb-44a5-ba0a-85d53afedefe"
        },
        {
          "@id": "#3cb13ba8-c979-4f46-bf18-9b59329bae50"
        },
        {
          "@id": "#c315f4c8-5022-4b6d-aefd-bb3d5a9ab1eb"
        },
        {
          "@id": "#6783eac3-82ae-488e-a0c1-f495d5234bdf"
        },
        {
          "@id": "#a3787f8d-14c5-4005-a79b-4b12c21241d5"
        }
      ],
      "license": {
        "@id": "https://spdx.org/licenses/GPL-3.0-or-later"
      },
      "name": "Genome Assembly Quality Control",
      "version": 1,
      "programmingLanguage": {
        "@id": "https://w3id.org/workflowhub/workflow-ro-crate#galaxy"
      }
    },
    {
      "@id": "https://spdx.org/licenses/GPL-3.0-or-later",
      "@type": "CreativeWork",
      "name": "GPL-3.0-or-later"
    },
    {
      "@id": "https://w3id.org/workflowhub/workflow-ro-crate#galaxy",
      "@type": "ComputerLanguage",
      "identifier": {
        "@id": "https://galaxyproject.org/"
      },
      "name": "Galaxy",
      "url": {
        "@id": "https://galaxyproject.org/"
      },
      "version": "23.1"
    },
    {
      "@id": "#7a139acd-e7cb-44a5-ba0a-85d53afedefe",
      "@type": "Person",
      "name": "Erwan Corre"
    },
    {
      "@id": "#3cb13ba8-c979-4f46-bf18-9b59329bae50",
      "@type": "Person",
      "name": "Stéphanie Robin"
    },
    {
      "@id": "#c315f4c8-5022-4b6d-aefd-bb3d5a9ab1eb",
      "@type": "Person",
      "name": "Anthony Bretaudeau"
    },
    {
      "@id": "#6783eac3-82ae-488e-a0c1-f495d5234bdf",
      "@type": "Person",
      "name": "Alexandre Cormier"
    },
    {
      "@id": "#a3787f8d-14c5-4005-a79b-4b12c21241d5",
      "@type": "Person",
      "name": "Laura Leroi"
    }
  ]
}