{
  "@context": "https://w3id.org/ro/crate/1.1/context",
  "@graph": [
    {
      "@id": "ro-crate-metadata.json",
      "@type": "CreativeWork",
      "about": {
        "@id": "./"
      },
      "conformsTo": [
        {
          "@id": "https://w3id.org/ro/crate/1.1"
        },
        {
          "@id": "https://about.workflowhub.eu/Workflow-RO-Crate/"
        }
      ]
    },
    {
      "@id": "./",
      "@type": "Dataset",
      "datePublished": "2024-02-10T00:30:22.411+00:00",
      "mainEntity": {
        "@id": "main_workflow.ga"
      }
    },
    {
      "@id": "main_workflow.ga",
      "@type": [
        "File",
        "SoftwareSourceCode",
        "ComputationalWorkflow"
      ],
      "author": [
        {
          "@id": "#6cbe945f-a502-4f0c-a9d1-70225e8aabfa"
        },
        {
          "@id": "#02ca2619-c8fd-4db7-a1e8-cc32ce12b514"
        },
        {
          "@id": "#8fb3e609-29af-44e5-b7ed-ed9453bd9452"
        },
        {
          "@id": "#07224b1c-fcee-4d90-93a1-b7529be6d6ab"
        },
        {
          "@id": "#f0abfcf5-20df-482c-895e-e1dda1b10ec4"
        }
      ],
      "license": {
        "@id": "https://spdx.org/licenses/GPL-3.0-or-later"
      },
      "name": "Genome Assembly Quality Control",
      "version": 1,
      "programmingLanguage": {
        "@id": "https://w3id.org/workflowhub/workflow-ro-crate#galaxy"
      }
    },
    {
      "@id": "https://spdx.org/licenses/GPL-3.0-or-later",
      "@type": "CreativeWork",
      "name": "GPL-3.0-or-later"
    },
    {
      "@id": "https://w3id.org/workflowhub/workflow-ro-crate#galaxy",
      "@type": "ComputerLanguage",
      "identifier": {
        "@id": "https://galaxyproject.org/"
      },
      "name": "Galaxy",
      "url": {
        "@id": "https://galaxyproject.org/"
      },
      "version": "23.1"
    },
    {
      "@id": "#6cbe945f-a502-4f0c-a9d1-70225e8aabfa",
      "@type": "Person",
      "name": "Erwan Corre"
    },
    {
      "@id": "#02ca2619-c8fd-4db7-a1e8-cc32ce12b514",
      "@type": "Person",
      "name": "Stéphanie Robin"
    },
    {
      "@id": "#8fb3e609-29af-44e5-b7ed-ed9453bd9452",
      "@type": "Person",
      "name": "Anthony Bretaudeau"
    },
    {
      "@id": "#07224b1c-fcee-4d90-93a1-b7529be6d6ab",
      "@type": "Person",
      "name": "Alexandre Cormier"
    },
    {
      "@id": "#f0abfcf5-20df-482c-895e-e1dda1b10ec4",
      "@type": "Person",
      "name": "Laura Leroi"
    }
  ]
}