{
  "@context": "https://w3id.org/ro/crate/1.1/context",
  "@graph": [
    {
      "@id": "ro-crate-metadata.json",
      "@type": "CreativeWork",
      "about": {
        "@id": "./"
      },
      "conformsTo": [
        {
          "@id": "https://w3id.org/ro/crate/1.1"
        },
        {
          "@id": "https://about.workflowhub.eu/Workflow-RO-Crate/"
        }
      ]
    },
    {
      "@id": "./",
      "@type": "Dataset",
      "datePublished": "2023-11-26T00:35:21.359+00:00",
      "mainEntity": {
        "@id": "main_workflow.ga"
      }
    },
    {
      "@id": "main_workflow.ga",
      "@type": [
        "File",
        "SoftwareSourceCode",
        "ComputationalWorkflow"
      ],
      "author": [
        {
          "@id": "#6bfaf715-3a42-476a-89f4-b8fe4db64197"
        },
        {
          "@id": "#3d68e171-0fd0-4267-898d-afccecdb4193"
        },
        {
          "@id": "#69af6316-dfd3-48c4-b21a-396825bdef19"
        },
        {
          "@id": "#49d31f66-285a-40e6-ab09-9fa860b342d3"
        },
        {
          "@id": "#13fc1300-244b-4bc7-ae6b-b51835dd78a6"
        }
      ],
      "license": {
        "@id": "https://spdx.org/licenses/GPL-3.0-or-later"
      },
      "name": "Genome Assembly Quality Control",
      "version": 1,
      "programmingLanguage": {
        "@id": "https://w3id.org/workflowhub/workflow-ro-crate#galaxy"
      }
    },
    {
      "@id": "https://spdx.org/licenses/GPL-3.0-or-later",
      "@type": "CreativeWork",
      "name": "GPL-3.0-or-later"
    },
    {
      "@id": "https://w3id.org/workflowhub/workflow-ro-crate#galaxy",
      "@type": "ComputerLanguage",
      "identifier": {
        "@id": "https://galaxyproject.org/"
      },
      "name": "Galaxy",
      "url": {
        "@id": "https://galaxyproject.org/"
      },
      "version": "23.1"
    },
    {
      "@id": "#6bfaf715-3a42-476a-89f4-b8fe4db64197",
      "@type": "Person",
      "name": "Erwan Corre"
    },
    {
      "@id": "#3d68e171-0fd0-4267-898d-afccecdb4193",
      "@type": "Person",
      "name": "Stéphanie Robin"
    },
    {
      "@id": "#69af6316-dfd3-48c4-b21a-396825bdef19",
      "@type": "Person",
      "name": "Anthony Bretaudeau"
    },
    {
      "@id": "#49d31f66-285a-40e6-ab09-9fa860b342d3",
      "@type": "Person",
      "name": "Alexandre Cormier"
    },
    {
      "@id": "#13fc1300-244b-4bc7-ae6b-b51835dd78a6",
      "@type": "Person",
      "name": "Laura Leroi"
    }
  ]
}