{
  "@context": "https://w3id.org/ro/crate/1.1/context",
  "@graph": [
    {
      "@id": "ro-crate-metadata.json",
      "@type": "CreativeWork",
      "about": {
        "@id": "./"
      },
      "conformsTo": [
        {
          "@id": "https://w3id.org/ro/crate/1.1"
        },
        {
          "@id": "https://about.workflowhub.eu/Workflow-RO-Crate/"
        }
      ]
    },
    {
      "@id": "./",
      "@type": "Dataset",
      "datePublished": "2024-05-08T00:28:12.206+00:00",
      "mainEntity": {
        "@id": "main_workflow.ga"
      }
    },
    {
      "@id": "main_workflow.ga",
      "@type": [
        "File",
        "SoftwareSourceCode",
        "ComputationalWorkflow"
      ],
      "author": [
        {
          "@id": "#8917ccbf-4fbd-44cf-88fb-2492b740a2fb"
        },
        {
          "@id": "#821fdb45-2f13-450b-a8d7-0e4898657e7e"
        },
        {
          "@id": "#39ae20f1-7576-4bf3-86fb-9487f485a6c9"
        },
        {
          "@id": "#b2a40b1f-c3c3-4f22-9131-2201362d9f12"
        },
        {
          "@id": "#73b87e65-3ca1-4431-87b4-84270c22036f"
        }
      ],
      "license": {
        "@id": "https://spdx.org/licenses/GPL-3.0-or-later"
      },
      "name": "Genome Assembly Quality Control",
      "version": 1,
      "programmingLanguage": {
        "@id": "https://w3id.org/workflowhub/workflow-ro-crate#galaxy"
      }
    },
    {
      "@id": "https://spdx.org/licenses/GPL-3.0-or-later",
      "@type": "CreativeWork",
      "name": "GPL-3.0-or-later"
    },
    {
      "@id": "https://w3id.org/workflowhub/workflow-ro-crate#galaxy",
      "@type": "ComputerLanguage",
      "identifier": {
        "@id": "https://galaxyproject.org/"
      },
      "name": "Galaxy",
      "url": {
        "@id": "https://galaxyproject.org/"
      },
      "version": "23.1"
    },
    {
      "@id": "#8917ccbf-4fbd-44cf-88fb-2492b740a2fb",
      "@type": "Person",
      "name": "Erwan Corre"
    },
    {
      "@id": "#821fdb45-2f13-450b-a8d7-0e4898657e7e",
      "@type": "Person",
      "name": "Stéphanie Robin"
    },
    {
      "@id": "#39ae20f1-7576-4bf3-86fb-9487f485a6c9",
      "@type": "Person",
      "name": "Anthony Bretaudeau"
    },
    {
      "@id": "#b2a40b1f-c3c3-4f22-9131-2201362d9f12",
      "@type": "Person",
      "name": "Alexandre Cormier"
    },
    {
      "@id": "#73b87e65-3ca1-4431-87b4-84270c22036f",
      "@type": "Person",
      "name": "Laura Leroi"
    }
  ]
}