{
  "@context": "https://w3id.org/ro/crate/1.1/context",
  "@graph": [
    {
      "@id": "ro-crate-metadata.json",
      "@type": "CreativeWork",
      "about": {
        "@id": "./"
      },
      "conformsTo": [
        {
          "@id": "https://w3id.org/ro/crate/1.1"
        },
        {
          "@id": "https://about.workflowhub.eu/Workflow-RO-Crate/"
        }
      ]
    },
    {
      "@id": "./",
      "@type": "Dataset",
      "datePublished": "2024-05-03T00:35:43.474+00:00",
      "mainEntity": {
        "@id": "main_workflow.ga"
      }
    },
    {
      "@id": "main_workflow.ga",
      "@type": [
        "File",
        "SoftwareSourceCode",
        "ComputationalWorkflow"
      ],
      "author": [
        {
          "@id": "#cdac2bff-6bd2-440f-bddd-1252384844ca"
        },
        {
          "@id": "#b68b9abc-7655-43f6-8088-78db5389da47"
        },
        {
          "@id": "#faa4b2fd-fc29-49a8-b188-59c2800653c1"
        },
        {
          "@id": "#c0589104-4a42-495e-92e6-4fed60238ef4"
        },
        {
          "@id": "#b5cd4999-bfab-4862-81ba-64aa37fda31d"
        }
      ],
      "license": {
        "@id": "https://spdx.org/licenses/GPL-3.0-or-later"
      },
      "name": "Genome Assembly Quality Control",
      "version": 1,
      "programmingLanguage": {
        "@id": "https://w3id.org/workflowhub/workflow-ro-crate#galaxy"
      }
    },
    {
      "@id": "https://spdx.org/licenses/GPL-3.0-or-later",
      "@type": "CreativeWork",
      "name": "GPL-3.0-or-later"
    },
    {
      "@id": "https://w3id.org/workflowhub/workflow-ro-crate#galaxy",
      "@type": "ComputerLanguage",
      "identifier": {
        "@id": "https://galaxyproject.org/"
      },
      "name": "Galaxy",
      "url": {
        "@id": "https://galaxyproject.org/"
      },
      "version": "23.1"
    },
    {
      "@id": "#cdac2bff-6bd2-440f-bddd-1252384844ca",
      "@type": "Person",
      "name": "Erwan Corre"
    },
    {
      "@id": "#b68b9abc-7655-43f6-8088-78db5389da47",
      "@type": "Person",
      "name": "Stéphanie Robin"
    },
    {
      "@id": "#faa4b2fd-fc29-49a8-b188-59c2800653c1",
      "@type": "Person",
      "name": "Anthony Bretaudeau"
    },
    {
      "@id": "#c0589104-4a42-495e-92e6-4fed60238ef4",
      "@type": "Person",
      "name": "Alexandre Cormier"
    },
    {
      "@id": "#b5cd4999-bfab-4862-81ba-64aa37fda31d",
      "@type": "Person",
      "name": "Laura Leroi"
    }
  ]
}