{
  "@context": "https://w3id.org/ro/crate/1.1/context",
  "@graph": [
    {
      "@id": "ro-crate-metadata.json",
      "@type": "CreativeWork",
      "about": {
        "@id": "./"
      },
      "conformsTo": [
        {
          "@id": "https://w3id.org/ro/crate/1.1"
        },
        {
          "@id": "https://about.workflowhub.eu/Workflow-RO-Crate/"
        }
      ]
    },
    {
      "@id": "./",
      "@type": "Dataset",
      "datePublished": "2023-11-23T00:32:55.008+00:00",
      "mainEntity": {
        "@id": "main_workflow.ga"
      }
    },
    {
      "@id": "main_workflow.ga",
      "@type": [
        "File",
        "SoftwareSourceCode",
        "ComputationalWorkflow"
      ],
      "author": [
        {
          "@id": "#1286d762-1956-4ee2-921c-806c3699b007"
        },
        {
          "@id": "#5e564b19-592a-44ab-af23-bafa360758b3"
        },
        {
          "@id": "#41a1b13e-4617-47b4-8e42-3feacc94b571"
        },
        {
          "@id": "#00e76582-9fe0-47cb-8d8a-8fa076848223"
        },
        {
          "@id": "#b626d784-f0c0-48f2-a6cf-fb83131e94b0"
        }
      ],
      "license": {
        "@id": "https://spdx.org/licenses/GPL-3.0-or-later"
      },
      "name": "Genome Assembly Quality Control",
      "version": 1,
      "programmingLanguage": {
        "@id": "https://w3id.org/workflowhub/workflow-ro-crate#galaxy"
      }
    },
    {
      "@id": "https://spdx.org/licenses/GPL-3.0-or-later",
      "@type": "CreativeWork",
      "name": "GPL-3.0-or-later"
    },
    {
      "@id": "https://w3id.org/workflowhub/workflow-ro-crate#galaxy",
      "@type": "ComputerLanguage",
      "identifier": {
        "@id": "https://galaxyproject.org/"
      },
      "name": "Galaxy",
      "url": {
        "@id": "https://galaxyproject.org/"
      },
      "version": "23.1"
    },
    {
      "@id": "#1286d762-1956-4ee2-921c-806c3699b007",
      "@type": "Person",
      "name": "Erwan Corre"
    },
    {
      "@id": "#5e564b19-592a-44ab-af23-bafa360758b3",
      "@type": "Person",
      "name": "Stéphanie Robin"
    },
    {
      "@id": "#41a1b13e-4617-47b4-8e42-3feacc94b571",
      "@type": "Person",
      "name": "Anthony Bretaudeau"
    },
    {
      "@id": "#00e76582-9fe0-47cb-8d8a-8fa076848223",
      "@type": "Person",
      "name": "Alexandre Cormier"
    },
    {
      "@id": "#b626d784-f0c0-48f2-a6cf-fb83131e94b0",
      "@type": "Person",
      "name": "Laura Leroi"
    }
  ]
}