{
  "@context": "https://w3id.org/ro/crate/1.1/context",
  "@graph": [
    {
      "@id": "ro-crate-metadata.json",
      "@type": "CreativeWork",
      "about": {
        "@id": "./"
      },
      "conformsTo": [
        {
          "@id": "https://w3id.org/ro/crate/1.1"
        },
        {
          "@id": "https://about.workflowhub.eu/Workflow-RO-Crate/"
        }
      ]
    },
    {
      "@id": "./",
      "@type": "Dataset",
      "datePublished": "2024-04-27T00:32:53.118+00:00",
      "mainEntity": {
        "@id": "main_workflow.ga"
      }
    },
    {
      "@id": "main_workflow.ga",
      "@type": [
        "File",
        "SoftwareSourceCode",
        "ComputationalWorkflow"
      ],
      "author": [
        {
          "@id": "#4dc17b00-3c53-4641-87d0-fb55bd8958bf"
        },
        {
          "@id": "#71e3ce68-4752-44f9-bd40-f10cb0666d9e"
        },
        {
          "@id": "#b369461f-112c-4bf2-ba3e-cf65f5bd2da6"
        },
        {
          "@id": "#4f9d4f6f-f008-4464-94e2-274dfb55d0a7"
        },
        {
          "@id": "#eb3e0a67-f5c0-4d46-864b-37a8b825b842"
        }
      ],
      "license": {
        "@id": "https://spdx.org/licenses/GPL-3.0-or-later"
      },
      "name": "Genome Assembly Quality Control",
      "version": 1,
      "programmingLanguage": {
        "@id": "https://w3id.org/workflowhub/workflow-ro-crate#galaxy"
      }
    },
    {
      "@id": "https://spdx.org/licenses/GPL-3.0-or-later",
      "@type": "CreativeWork",
      "name": "GPL-3.0-or-later"
    },
    {
      "@id": "https://w3id.org/workflowhub/workflow-ro-crate#galaxy",
      "@type": "ComputerLanguage",
      "identifier": {
        "@id": "https://galaxyproject.org/"
      },
      "name": "Galaxy",
      "url": {
        "@id": "https://galaxyproject.org/"
      },
      "version": "23.1"
    },
    {
      "@id": "#4dc17b00-3c53-4641-87d0-fb55bd8958bf",
      "@type": "Person",
      "name": "Erwan Corre"
    },
    {
      "@id": "#71e3ce68-4752-44f9-bd40-f10cb0666d9e",
      "@type": "Person",
      "name": "Stéphanie Robin"
    },
    {
      "@id": "#b369461f-112c-4bf2-ba3e-cf65f5bd2da6",
      "@type": "Person",
      "name": "Anthony Bretaudeau"
    },
    {
      "@id": "#4f9d4f6f-f008-4464-94e2-274dfb55d0a7",
      "@type": "Person",
      "name": "Alexandre Cormier"
    },
    {
      "@id": "#eb3e0a67-f5c0-4d46-864b-37a8b825b842",
      "@type": "Person",
      "name": "Laura Leroi"
    }
  ]
}