{
  "@context": "https://w3id.org/ro/crate/1.1/context",
  "@graph": [
    {
      "@id": "ro-crate-metadata.json",
      "@type": "CreativeWork",
      "about": {
        "@id": "./"
      },
      "conformsTo": [
        {
          "@id": "https://w3id.org/ro/crate/1.1"
        },
        {
          "@id": "https://about.workflowhub.eu/Workflow-RO-Crate/"
        }
      ]
    },
    {
      "@id": "./",
      "@type": "Dataset",
      "datePublished": "2023-12-21T00:33:10.502+00:00",
      "mainEntity": {
        "@id": "main_workflow.ga"
      }
    },
    {
      "@id": "main_workflow.ga",
      "@type": [
        "File",
        "SoftwareSourceCode",
        "ComputationalWorkflow"
      ],
      "author": [
        {
          "@id": "#79786f7f-c979-4397-8539-7634a920da9d"
        },
        {
          "@id": "#eec617f6-cc72-4f18-a6d5-80677eb8b313"
        },
        {
          "@id": "#46f84920-28db-49cf-9527-1d5d18a9f0ee"
        },
        {
          "@id": "#fbd131d9-fd1e-4337-a1f0-4060f796395c"
        },
        {
          "@id": "#75a99520-ff71-4ecc-a771-98b30d940a17"
        }
      ],
      "license": {
        "@id": "https://spdx.org/licenses/GPL-3.0-or-later"
      },
      "name": "Genome Assembly Quality Control",
      "version": 1,
      "programmingLanguage": {
        "@id": "https://w3id.org/workflowhub/workflow-ro-crate#galaxy"
      }
    },
    {
      "@id": "https://spdx.org/licenses/GPL-3.0-or-later",
      "@type": "CreativeWork",
      "name": "GPL-3.0-or-later"
    },
    {
      "@id": "https://w3id.org/workflowhub/workflow-ro-crate#galaxy",
      "@type": "ComputerLanguage",
      "identifier": {
        "@id": "https://galaxyproject.org/"
      },
      "name": "Galaxy",
      "url": {
        "@id": "https://galaxyproject.org/"
      },
      "version": "23.1"
    },
    {
      "@id": "#79786f7f-c979-4397-8539-7634a920da9d",
      "@type": "Person",
      "name": "Erwan Corre"
    },
    {
      "@id": "#eec617f6-cc72-4f18-a6d5-80677eb8b313",
      "@type": "Person",
      "name": "Stéphanie Robin"
    },
    {
      "@id": "#46f84920-28db-49cf-9527-1d5d18a9f0ee",
      "@type": "Person",
      "name": "Anthony Bretaudeau"
    },
    {
      "@id": "#fbd131d9-fd1e-4337-a1f0-4060f796395c",
      "@type": "Person",
      "name": "Alexandre Cormier"
    },
    {
      "@id": "#75a99520-ff71-4ecc-a771-98b30d940a17",
      "@type": "Person",
      "name": "Laura Leroi"
    }
  ]
}