{
  "@context": "https://w3id.org/ro/crate/1.1/context",
  "@graph": [
    {
      "@id": "ro-crate-metadata.json",
      "@type": "CreativeWork",
      "about": {
        "@id": "./"
      },
      "conformsTo": [
        {
          "@id": "https://w3id.org/ro/crate/1.1"
        },
        {
          "@id": "https://about.workflowhub.eu/Workflow-RO-Crate/"
        }
      ]
    },
    {
      "@id": "./",
      "@type": "Dataset",
      "datePublished": "2024-02-11T00:34:32.205+00:00",
      "mainEntity": {
        "@id": "main_workflow.ga"
      }
    },
    {
      "@id": "main_workflow.ga",
      "@type": [
        "File",
        "SoftwareSourceCode",
        "ComputationalWorkflow"
      ],
      "author": [
        {
          "@id": "#2159fc21-ea10-44b0-ae34-7ebe933d349a"
        },
        {
          "@id": "#1f1453e5-649f-4697-aed4-cb2bde7bf8a6"
        },
        {
          "@id": "#faa79862-f7c5-402a-b072-d63ee907075d"
        },
        {
          "@id": "#e3699153-e89d-468c-a0a0-fb16656f49cb"
        },
        {
          "@id": "#de32b035-5b62-4a09-9396-95ca03e33dbc"
        }
      ],
      "license": {
        "@id": "https://spdx.org/licenses/GPL-3.0-or-later"
      },
      "name": "Genome Assembly Quality Control",
      "version": 1,
      "programmingLanguage": {
        "@id": "https://w3id.org/workflowhub/workflow-ro-crate#galaxy"
      }
    },
    {
      "@id": "https://spdx.org/licenses/GPL-3.0-or-later",
      "@type": "CreativeWork",
      "name": "GPL-3.0-or-later"
    },
    {
      "@id": "https://w3id.org/workflowhub/workflow-ro-crate#galaxy",
      "@type": "ComputerLanguage",
      "identifier": {
        "@id": "https://galaxyproject.org/"
      },
      "name": "Galaxy",
      "url": {
        "@id": "https://galaxyproject.org/"
      },
      "version": "23.1"
    },
    {
      "@id": "#2159fc21-ea10-44b0-ae34-7ebe933d349a",
      "@type": "Person",
      "name": "Erwan Corre"
    },
    {
      "@id": "#1f1453e5-649f-4697-aed4-cb2bde7bf8a6",
      "@type": "Person",
      "name": "Stéphanie Robin"
    },
    {
      "@id": "#faa79862-f7c5-402a-b072-d63ee907075d",
      "@type": "Person",
      "name": "Anthony Bretaudeau"
    },
    {
      "@id": "#e3699153-e89d-468c-a0a0-fb16656f49cb",
      "@type": "Person",
      "name": "Alexandre Cormier"
    },
    {
      "@id": "#de32b035-5b62-4a09-9396-95ca03e33dbc",
      "@type": "Person",
      "name": "Laura Leroi"
    }
  ]
}