{
  "@context": "https://w3id.org/ro/crate/1.1/context",
  "@graph": [
    {
      "@id": "ro-crate-metadata.json",
      "@type": "CreativeWork",
      "about": {
        "@id": "./"
      },
      "conformsTo": [
        {
          "@id": "https://w3id.org/ro/crate/1.1"
        },
        {
          "@id": "https://about.workflowhub.eu/Workflow-RO-Crate/"
        }
      ]
    },
    {
      "@id": "./",
      "@type": "Dataset",
      "datePublished": "2024-06-02T00:38:28.728+00:00",
      "mainEntity": {
        "@id": "main_workflow.ga"
      }
    },
    {
      "@id": "main_workflow.ga",
      "@type": [
        "File",
        "SoftwareSourceCode",
        "ComputationalWorkflow"
      ],
      "author": [
        {
          "@id": "#ff13cdb5-26c9-4750-8d99-d0109b70e78c"
        },
        {
          "@id": "#d97191c7-133b-4377-84a3-7fb27ec01a80"
        },
        {
          "@id": "#0437157c-0463-49c4-8648-35c58a2c9406"
        },
        {
          "@id": "#b4e7d64e-77d3-4a8a-9809-0e3b06d2c443"
        },
        {
          "@id": "#ff016155-b51c-44cc-bebc-8b4d6f5d1bac"
        }
      ],
      "license": {
        "@id": "https://spdx.org/licenses/GPL-3.0-or-later"
      },
      "name": "Genome Assembly Quality Control",
      "version": 1,
      "programmingLanguage": {
        "@id": "https://w3id.org/workflowhub/workflow-ro-crate#galaxy"
      }
    },
    {
      "@id": "https://spdx.org/licenses/GPL-3.0-or-later",
      "@type": "CreativeWork",
      "name": "GPL-3.0-or-later"
    },
    {
      "@id": "https://w3id.org/workflowhub/workflow-ro-crate#galaxy",
      "@type": "ComputerLanguage",
      "identifier": {
        "@id": "https://galaxyproject.org/"
      },
      "name": "Galaxy",
      "url": {
        "@id": "https://galaxyproject.org/"
      },
      "version": "23.1"
    },
    {
      "@id": "#ff13cdb5-26c9-4750-8d99-d0109b70e78c",
      "@type": "Person",
      "name": "Erwan Corre"
    },
    {
      "@id": "#d97191c7-133b-4377-84a3-7fb27ec01a80",
      "@type": "Person",
      "name": "Stéphanie Robin"
    },
    {
      "@id": "#0437157c-0463-49c4-8648-35c58a2c9406",
      "@type": "Person",
      "name": "Anthony Bretaudeau"
    },
    {
      "@id": "#b4e7d64e-77d3-4a8a-9809-0e3b06d2c443",
      "@type": "Person",
      "name": "Alexandre Cormier"
    },
    {
      "@id": "#ff016155-b51c-44cc-bebc-8b4d6f5d1bac",
      "@type": "Person",
      "name": "Laura Leroi"
    }
  ]
}