{
  "@context": "https://w3id.org/ro/crate/1.1/context",
  "@graph": [
    {
      "@id": "ro-crate-metadata.json",
      "@type": "CreativeWork",
      "about": {
        "@id": "./"
      },
      "conformsTo": [
        {
          "@id": "https://w3id.org/ro/crate/1.1"
        },
        {
          "@id": "https://about.workflowhub.eu/Workflow-RO-Crate/"
        }
      ]
    },
    {
      "@id": "./",
      "@type": "Dataset",
      "datePublished": "2023-11-27T00:32:50.375+00:00",
      "mainEntity": {
        "@id": "main_workflow.ga"
      }
    },
    {
      "@id": "main_workflow.ga",
      "@type": [
        "File",
        "SoftwareSourceCode",
        "ComputationalWorkflow"
      ],
      "author": [
        {
          "@id": "#f1489f1d-cd33-4ca8-9204-dea599972f35"
        },
        {
          "@id": "#4e161146-e5d2-442e-b491-6d2f451b8827"
        },
        {
          "@id": "#3cc9f9dc-72ee-4f3e-88de-bfef9163e77b"
        },
        {
          "@id": "#d275347e-ed8c-4847-87f4-f28f76fd351f"
        },
        {
          "@id": "#8ce0db4d-244d-4a15-b057-15e93562f7ed"
        }
      ],
      "license": {
        "@id": "https://spdx.org/licenses/GPL-3.0-or-later"
      },
      "name": "Genome Assembly Quality Control",
      "version": 1,
      "programmingLanguage": {
        "@id": "https://w3id.org/workflowhub/workflow-ro-crate#galaxy"
      }
    },
    {
      "@id": "https://spdx.org/licenses/GPL-3.0-or-later",
      "@type": "CreativeWork",
      "name": "GPL-3.0-or-later"
    },
    {
      "@id": "https://w3id.org/workflowhub/workflow-ro-crate#galaxy",
      "@type": "ComputerLanguage",
      "identifier": {
        "@id": "https://galaxyproject.org/"
      },
      "name": "Galaxy",
      "url": {
        "@id": "https://galaxyproject.org/"
      },
      "version": "23.1"
    },
    {
      "@id": "#f1489f1d-cd33-4ca8-9204-dea599972f35",
      "@type": "Person",
      "name": "Erwan Corre"
    },
    {
      "@id": "#4e161146-e5d2-442e-b491-6d2f451b8827",
      "@type": "Person",
      "name": "Stéphanie Robin"
    },
    {
      "@id": "#3cc9f9dc-72ee-4f3e-88de-bfef9163e77b",
      "@type": "Person",
      "name": "Anthony Bretaudeau"
    },
    {
      "@id": "#d275347e-ed8c-4847-87f4-f28f76fd351f",
      "@type": "Person",
      "name": "Alexandre Cormier"
    },
    {
      "@id": "#8ce0db4d-244d-4a15-b057-15e93562f7ed",
      "@type": "Person",
      "name": "Laura Leroi"
    }
  ]
}