{
  "@context": "https://w3id.org/ro/crate/1.1/context",
  "@graph": [
    {
      "@id": "ro-crate-metadata.json",
      "@type": "CreativeWork",
      "about": {
        "@id": "./"
      },
      "conformsTo": [
        {
          "@id": "https://w3id.org/ro/crate/1.1"
        },
        {
          "@id": "https://about.workflowhub.eu/Workflow-RO-Crate/"
        }
      ]
    },
    {
      "@id": "./",
      "@type": "Dataset",
      "datePublished": "2024-04-25T00:35:41.175+00:00",
      "mainEntity": {
        "@id": "main_workflow.ga"
      }
    },
    {
      "@id": "main_workflow.ga",
      "@type": [
        "File",
        "SoftwareSourceCode",
        "ComputationalWorkflow"
      ],
      "author": [
        {
          "@id": "#dcad1d85-0e56-4e68-bbe1-bbabd0166bc3"
        },
        {
          "@id": "#ddc4cf86-7909-4973-8e26-de87c6d38e80"
        },
        {
          "@id": "#f98b838f-6678-4087-9718-455aaeb576c6"
        },
        {
          "@id": "#ff33c271-4e44-4f24-a860-f925f29bd66e"
        },
        {
          "@id": "#87cb0994-8252-4710-ab47-db8d158e8769"
        }
      ],
      "license": {
        "@id": "https://spdx.org/licenses/GPL-3.0-or-later"
      },
      "name": "Genome Assembly Quality Control",
      "version": 1,
      "programmingLanguage": {
        "@id": "https://w3id.org/workflowhub/workflow-ro-crate#galaxy"
      }
    },
    {
      "@id": "https://spdx.org/licenses/GPL-3.0-or-later",
      "@type": "CreativeWork",
      "name": "GPL-3.0-or-later"
    },
    {
      "@id": "https://w3id.org/workflowhub/workflow-ro-crate#galaxy",
      "@type": "ComputerLanguage",
      "identifier": {
        "@id": "https://galaxyproject.org/"
      },
      "name": "Galaxy",
      "url": {
        "@id": "https://galaxyproject.org/"
      },
      "version": "23.1"
    },
    {
      "@id": "#dcad1d85-0e56-4e68-bbe1-bbabd0166bc3",
      "@type": "Person",
      "name": "Erwan Corre"
    },
    {
      "@id": "#ddc4cf86-7909-4973-8e26-de87c6d38e80",
      "@type": "Person",
      "name": "Stéphanie Robin"
    },
    {
      "@id": "#f98b838f-6678-4087-9718-455aaeb576c6",
      "@type": "Person",
      "name": "Anthony Bretaudeau"
    },
    {
      "@id": "#ff33c271-4e44-4f24-a860-f925f29bd66e",
      "@type": "Person",
      "name": "Alexandre Cormier"
    },
    {
      "@id": "#87cb0994-8252-4710-ab47-db8d158e8769",
      "@type": "Person",
      "name": "Laura Leroi"
    }
  ]
}