{
  "@context": "https://w3id.org/ro/crate/1.1/context",
  "@graph": [
    {
      "@id": "ro-crate-metadata.json",
      "@type": "CreativeWork",
      "about": {
        "@id": "./"
      },
      "conformsTo": [
        {
          "@id": "https://w3id.org/ro/crate/1.1"
        },
        {
          "@id": "https://about.workflowhub.eu/Workflow-RO-Crate/"
        }
      ]
    },
    {
      "@id": "./",
      "@type": "Dataset",
      "datePublished": "2024-05-05T00:36:10.061+00:00",
      "mainEntity": {
        "@id": "main_workflow.ga"
      }
    },
    {
      "@id": "main_workflow.ga",
      "@type": [
        "File",
        "SoftwareSourceCode",
        "ComputationalWorkflow"
      ],
      "author": [
        {
          "@id": "#d4b46cd6-b68b-4830-892e-e434f1e46112"
        },
        {
          "@id": "#1d5edaf1-7196-4b9a-8ca0-c5fe8608e6ae"
        },
        {
          "@id": "#debf3205-e86d-4474-a280-854d28c0c0c3"
        },
        {
          "@id": "#567e757a-136b-454b-83f9-1a5349af79fd"
        },
        {
          "@id": "#9503da68-852a-40a7-90e6-462baa46e7d7"
        }
      ],
      "license": {
        "@id": "https://spdx.org/licenses/GPL-3.0-or-later"
      },
      "name": "Genome Assembly Quality Control",
      "version": 1,
      "programmingLanguage": {
        "@id": "https://w3id.org/workflowhub/workflow-ro-crate#galaxy"
      }
    },
    {
      "@id": "https://spdx.org/licenses/GPL-3.0-or-later",
      "@type": "CreativeWork",
      "name": "GPL-3.0-or-later"
    },
    {
      "@id": "https://w3id.org/workflowhub/workflow-ro-crate#galaxy",
      "@type": "ComputerLanguage",
      "identifier": {
        "@id": "https://galaxyproject.org/"
      },
      "name": "Galaxy",
      "url": {
        "@id": "https://galaxyproject.org/"
      },
      "version": "23.1"
    },
    {
      "@id": "#d4b46cd6-b68b-4830-892e-e434f1e46112",
      "@type": "Person",
      "name": "Erwan Corre"
    },
    {
      "@id": "#1d5edaf1-7196-4b9a-8ca0-c5fe8608e6ae",
      "@type": "Person",
      "name": "Stéphanie Robin"
    },
    {
      "@id": "#debf3205-e86d-4474-a280-854d28c0c0c3",
      "@type": "Person",
      "name": "Anthony Bretaudeau"
    },
    {
      "@id": "#567e757a-136b-454b-83f9-1a5349af79fd",
      "@type": "Person",
      "name": "Alexandre Cormier"
    },
    {
      "@id": "#9503da68-852a-40a7-90e6-462baa46e7d7",
      "@type": "Person",
      "name": "Laura Leroi"
    }
  ]
}