{
  "@context": "https://w3id.org/ro/crate/1.1/context",
  "@graph": [
    {
      "@id": "ro-crate-metadata.json",
      "@type": "CreativeWork",
      "about": {
        "@id": "./"
      },
      "conformsTo": [
        {
          "@id": "https://w3id.org/ro/crate/1.1"
        },
        {
          "@id": "https://about.workflowhub.eu/Workflow-RO-Crate/"
        }
      ]
    },
    {
      "@id": "./",
      "@type": "Dataset",
      "datePublished": "2023-12-15T00:33:31.736+00:00",
      "mainEntity": {
        "@id": "main_workflow.ga"
      }
    },
    {
      "@id": "main_workflow.ga",
      "@type": [
        "File",
        "SoftwareSourceCode",
        "ComputationalWorkflow"
      ],
      "author": [
        {
          "@id": "#be52a447-ea97-4e1f-a335-1ef50edf2d02"
        },
        {
          "@id": "#3af5e569-1878-484c-aead-870069e704c4"
        },
        {
          "@id": "#8899ce72-a7ef-423d-bd58-d62ebc3cda87"
        },
        {
          "@id": "#20878b22-bfae-4541-b78a-3bb52ce57f87"
        },
        {
          "@id": "#8bf48eb8-f0d6-4f6d-90f6-1237b7130e99"
        }
      ],
      "license": {
        "@id": "https://spdx.org/licenses/GPL-3.0-or-later"
      },
      "name": "Genome Assembly Quality Control",
      "version": 1,
      "programmingLanguage": {
        "@id": "https://w3id.org/workflowhub/workflow-ro-crate#galaxy"
      }
    },
    {
      "@id": "https://spdx.org/licenses/GPL-3.0-or-later",
      "@type": "CreativeWork",
      "name": "GPL-3.0-or-later"
    },
    {
      "@id": "https://w3id.org/workflowhub/workflow-ro-crate#galaxy",
      "@type": "ComputerLanguage",
      "identifier": {
        "@id": "https://galaxyproject.org/"
      },
      "name": "Galaxy",
      "url": {
        "@id": "https://galaxyproject.org/"
      },
      "version": "23.1"
    },
    {
      "@id": "#be52a447-ea97-4e1f-a335-1ef50edf2d02",
      "@type": "Person",
      "name": "Erwan Corre"
    },
    {
      "@id": "#3af5e569-1878-484c-aead-870069e704c4",
      "@type": "Person",
      "name": "Stéphanie Robin"
    },
    {
      "@id": "#8899ce72-a7ef-423d-bd58-d62ebc3cda87",
      "@type": "Person",
      "name": "Anthony Bretaudeau"
    },
    {
      "@id": "#20878b22-bfae-4541-b78a-3bb52ce57f87",
      "@type": "Person",
      "name": "Alexandre Cormier"
    },
    {
      "@id": "#8bf48eb8-f0d6-4f6d-90f6-1237b7130e99",
      "@type": "Person",
      "name": "Laura Leroi"
    }
  ]
}