{
  "@context": "https://w3id.org/ro/crate/1.1/context",
  "@graph": [
    {
      "@id": "ro-crate-metadata.json",
      "@type": "CreativeWork",
      "about": {
        "@id": "./"
      },
      "conformsTo": [
        {
          "@id": "https://w3id.org/ro/crate/1.1"
        },
        {
          "@id": "https://about.workflowhub.eu/Workflow-RO-Crate/"
        }
      ]
    },
    {
      "@id": "./",
      "@type": "Dataset",
      "datePublished": "2024-03-07T00:25:48.460+00:00",
      "mainEntity": {
        "@id": "main_workflow.ga"
      }
    },
    {
      "@id": "main_workflow.ga",
      "@type": [
        "File",
        "SoftwareSourceCode",
        "ComputationalWorkflow"
      ],
      "author": [
        {
          "@id": "#af80cf85-03fa-42bc-b1e7-228aef25b73c"
        },
        {
          "@id": "#ba1f0712-c27e-455d-8a30-1bbc32919830"
        },
        {
          "@id": "#c1ee3ce7-6b35-4a93-8cda-f9e68f71c5eb"
        },
        {
          "@id": "#e76375ce-6071-4751-9d9e-c8c9582fe11c"
        },
        {
          "@id": "#cb8a17bf-f082-4bb3-bb28-6f0ac85653ac"
        }
      ],
      "license": {
        "@id": "https://spdx.org/licenses/GPL-3.0-or-later"
      },
      "name": "Genome Assembly Quality Control",
      "version": 1,
      "programmingLanguage": {
        "@id": "https://w3id.org/workflowhub/workflow-ro-crate#galaxy"
      }
    },
    {
      "@id": "https://spdx.org/licenses/GPL-3.0-or-later",
      "@type": "CreativeWork",
      "name": "GPL-3.0-or-later"
    },
    {
      "@id": "https://w3id.org/workflowhub/workflow-ro-crate#galaxy",
      "@type": "ComputerLanguage",
      "identifier": {
        "@id": "https://galaxyproject.org/"
      },
      "name": "Galaxy",
      "url": {
        "@id": "https://galaxyproject.org/"
      },
      "version": "23.1"
    },
    {
      "@id": "#af80cf85-03fa-42bc-b1e7-228aef25b73c",
      "@type": "Person",
      "name": "Erwan Corre"
    },
    {
      "@id": "#ba1f0712-c27e-455d-8a30-1bbc32919830",
      "@type": "Person",
      "name": "Stéphanie Robin"
    },
    {
      "@id": "#c1ee3ce7-6b35-4a93-8cda-f9e68f71c5eb",
      "@type": "Person",
      "name": "Anthony Bretaudeau"
    },
    {
      "@id": "#e76375ce-6071-4751-9d9e-c8c9582fe11c",
      "@type": "Person",
      "name": "Alexandre Cormier"
    },
    {
      "@id": "#cb8a17bf-f082-4bb3-bb28-6f0ac85653ac",
      "@type": "Person",
      "name": "Laura Leroi"
    }
  ]
}