{
  "@context": "https://w3id.org/ro/crate/1.1/context",
  "@graph": [
    {
      "@id": "ro-crate-metadata.json",
      "@type": "CreativeWork",
      "about": {
        "@id": "./"
      },
      "conformsTo": [
        {
          "@id": "https://w3id.org/ro/crate/1.1"
        },
        {
          "@id": "https://about.workflowhub.eu/Workflow-RO-Crate/"
        }
      ]
    },
    {
      "@id": "./",
      "@type": "Dataset",
      "datePublished": "2024-01-11T00:36:49.887+00:00",
      "mainEntity": {
        "@id": "main_workflow.ga"
      }
    },
    {
      "@id": "main_workflow.ga",
      "@type": [
        "File",
        "SoftwareSourceCode",
        "ComputationalWorkflow"
      ],
      "author": [
        {
          "@id": "#2c6ec7fc-f45f-47b5-9983-d14dc5bd792c"
        },
        {
          "@id": "#15480c0e-a942-4779-a4ea-67bafd5cda01"
        },
        {
          "@id": "#0e0988d1-b7bd-44e4-b299-0f21fa51a19a"
        },
        {
          "@id": "#b5e9e42a-2827-43bf-8e95-dd4753506a5b"
        },
        {
          "@id": "#63adfee7-6a97-470f-b0be-fa7cd76eee88"
        }
      ],
      "license": {
        "@id": "https://spdx.org/licenses/GPL-3.0-or-later"
      },
      "name": "Genome Assembly Quality Control",
      "version": 1,
      "programmingLanguage": {
        "@id": "https://w3id.org/workflowhub/workflow-ro-crate#galaxy"
      }
    },
    {
      "@id": "https://spdx.org/licenses/GPL-3.0-or-later",
      "@type": "CreativeWork",
      "name": "GPL-3.0-or-later"
    },
    {
      "@id": "https://w3id.org/workflowhub/workflow-ro-crate#galaxy",
      "@type": "ComputerLanguage",
      "identifier": {
        "@id": "https://galaxyproject.org/"
      },
      "name": "Galaxy",
      "url": {
        "@id": "https://galaxyproject.org/"
      },
      "version": "23.1"
    },
    {
      "@id": "#2c6ec7fc-f45f-47b5-9983-d14dc5bd792c",
      "@type": "Person",
      "name": "Erwan Corre"
    },
    {
      "@id": "#15480c0e-a942-4779-a4ea-67bafd5cda01",
      "@type": "Person",
      "name": "Stéphanie Robin"
    },
    {
      "@id": "#0e0988d1-b7bd-44e4-b299-0f21fa51a19a",
      "@type": "Person",
      "name": "Anthony Bretaudeau"
    },
    {
      "@id": "#b5e9e42a-2827-43bf-8e95-dd4753506a5b",
      "@type": "Person",
      "name": "Alexandre Cormier"
    },
    {
      "@id": "#63adfee7-6a97-470f-b0be-fa7cd76eee88",
      "@type": "Person",
      "name": "Laura Leroi"
    }
  ]
}