{
  "@context": "https://w3id.org/ro/crate/1.1/context",
  "@graph": [
    {
      "@id": "ro-crate-metadata.json",
      "@type": "CreativeWork",
      "about": {
        "@id": "./"
      },
      "conformsTo": [
        {
          "@id": "https://w3id.org/ro/crate/1.1"
        },
        {
          "@id": "https://about.workflowhub.eu/Workflow-RO-Crate/"
        }
      ]
    },
    {
      "@id": "./",
      "@type": "Dataset",
      "datePublished": "2023-11-21T00:32:50.165+00:00",
      "mainEntity": {
        "@id": "main_workflow.ga"
      }
    },
    {
      "@id": "main_workflow.ga",
      "@type": [
        "File",
        "SoftwareSourceCode",
        "ComputationalWorkflow"
      ],
      "author": [
        {
          "@id": "#3926e84d-c1cd-4274-8c9d-696f4a3d94c5"
        },
        {
          "@id": "#2b221305-b203-4c8b-8f59-0ccc0de56752"
        },
        {
          "@id": "#80dc0418-93d3-47ea-ad23-0e7a0f2ccebc"
        },
        {
          "@id": "#9a88268b-37f2-4d53-a55e-9dcf5b300434"
        },
        {
          "@id": "#58001d3d-3122-464f-adcf-d7dfab012edd"
        }
      ],
      "license": {
        "@id": "https://spdx.org/licenses/GPL-3.0-or-later"
      },
      "name": "Genome Assembly Quality Control",
      "version": 1,
      "programmingLanguage": {
        "@id": "https://w3id.org/workflowhub/workflow-ro-crate#galaxy"
      }
    },
    {
      "@id": "https://spdx.org/licenses/GPL-3.0-or-later",
      "@type": "CreativeWork",
      "name": "GPL-3.0-or-later"
    },
    {
      "@id": "https://w3id.org/workflowhub/workflow-ro-crate#galaxy",
      "@type": "ComputerLanguage",
      "identifier": {
        "@id": "https://galaxyproject.org/"
      },
      "name": "Galaxy",
      "url": {
        "@id": "https://galaxyproject.org/"
      },
      "version": "23.1"
    },
    {
      "@id": "#3926e84d-c1cd-4274-8c9d-696f4a3d94c5",
      "@type": "Person",
      "name": "Erwan Corre"
    },
    {
      "@id": "#2b221305-b203-4c8b-8f59-0ccc0de56752",
      "@type": "Person",
      "name": "Stéphanie Robin"
    },
    {
      "@id": "#80dc0418-93d3-47ea-ad23-0e7a0f2ccebc",
      "@type": "Person",
      "name": "Anthony Bretaudeau"
    },
    {
      "@id": "#9a88268b-37f2-4d53-a55e-9dcf5b300434",
      "@type": "Person",
      "name": "Alexandre Cormier"
    },
    {
      "@id": "#58001d3d-3122-464f-adcf-d7dfab012edd",
      "@type": "Person",
      "name": "Laura Leroi"
    }
  ]
}