{
  "@context": "https://w3id.org/ro/crate/1.1/context",
  "@graph": [
    {
      "@id": "ro-crate-metadata.json",
      "@type": "CreativeWork",
      "about": {
        "@id": "./"
      },
      "conformsTo": [
        {
          "@id": "https://w3id.org/ro/crate/1.1"
        },
        {
          "@id": "https://about.workflowhub.eu/Workflow-RO-Crate/"
        }
      ]
    },
    {
      "@id": "./",
      "@type": "Dataset",
      "datePublished": "2024-04-18T00:32:17.635+00:00",
      "mainEntity": {
        "@id": "main_workflow.ga"
      }
    },
    {
      "@id": "main_workflow.ga",
      "@type": [
        "File",
        "SoftwareSourceCode",
        "ComputationalWorkflow"
      ],
      "author": [
        {
          "@id": "#d1b189b2-a7b5-43d5-a22d-c9617ebff976"
        },
        {
          "@id": "#4fa52f9a-7bf2-4122-9359-de072d9dec8d"
        },
        {
          "@id": "#2000120a-3456-4a95-9d80-d2f931df66b5"
        },
        {
          "@id": "#543fbf7c-7e69-4028-b887-b3f3d4a1f432"
        },
        {
          "@id": "#2a559cb6-0504-4489-8a5a-71f77a24ba4e"
        }
      ],
      "license": {
        "@id": "https://spdx.org/licenses/GPL-3.0-or-later"
      },
      "name": "Genome Assembly Quality Control",
      "version": 1,
      "programmingLanguage": {
        "@id": "https://w3id.org/workflowhub/workflow-ro-crate#galaxy"
      }
    },
    {
      "@id": "https://spdx.org/licenses/GPL-3.0-or-later",
      "@type": "CreativeWork",
      "name": "GPL-3.0-or-later"
    },
    {
      "@id": "https://w3id.org/workflowhub/workflow-ro-crate#galaxy",
      "@type": "ComputerLanguage",
      "identifier": {
        "@id": "https://galaxyproject.org/"
      },
      "name": "Galaxy",
      "url": {
        "@id": "https://galaxyproject.org/"
      },
      "version": "23.1"
    },
    {
      "@id": "#d1b189b2-a7b5-43d5-a22d-c9617ebff976",
      "@type": "Person",
      "name": "Erwan Corre"
    },
    {
      "@id": "#4fa52f9a-7bf2-4122-9359-de072d9dec8d",
      "@type": "Person",
      "name": "Stéphanie Robin"
    },
    {
      "@id": "#2000120a-3456-4a95-9d80-d2f931df66b5",
      "@type": "Person",
      "name": "Anthony Bretaudeau"
    },
    {
      "@id": "#543fbf7c-7e69-4028-b887-b3f3d4a1f432",
      "@type": "Person",
      "name": "Alexandre Cormier"
    },
    {
      "@id": "#2a559cb6-0504-4489-8a5a-71f77a24ba4e",
      "@type": "Person",
      "name": "Laura Leroi"
    }
  ]
}