{
  "@context": "https://w3id.org/ro/crate/1.1/context",
  "@graph": [
    {
      "@id": "ro-crate-metadata.json",
      "@type": "CreativeWork",
      "about": {
        "@id": "./"
      },
      "conformsTo": [
        {
          "@id": "https://w3id.org/ro/crate/1.1"
        },
        {
          "@id": "https://about.workflowhub.eu/Workflow-RO-Crate/"
        }
      ]
    },
    {
      "@id": "./",
      "@type": "Dataset",
      "datePublished": "2024-01-07T00:36:46.677+00:00",
      "mainEntity": {
        "@id": "main_workflow.ga"
      }
    },
    {
      "@id": "main_workflow.ga",
      "@type": [
        "File",
        "SoftwareSourceCode",
        "ComputationalWorkflow"
      ],
      "author": [
        {
          "@id": "#4570d6f2-5192-41df-965d-79fb3bdd3590"
        },
        {
          "@id": "#6796b508-3db9-4e7b-8df2-52fbd094f177"
        },
        {
          "@id": "#ba5d00c0-1a39-44ac-a3c8-ab2f96661f43"
        },
        {
          "@id": "#a660cfd1-87a1-47ce-882d-d062d0b95d85"
        },
        {
          "@id": "#bccd1227-6775-4a87-9709-7ac4fe9d5e22"
        }
      ],
      "license": {
        "@id": "https://spdx.org/licenses/GPL-3.0-or-later"
      },
      "name": "Genome Assembly Quality Control",
      "version": 1,
      "programmingLanguage": {
        "@id": "https://w3id.org/workflowhub/workflow-ro-crate#galaxy"
      }
    },
    {
      "@id": "https://spdx.org/licenses/GPL-3.0-or-later",
      "@type": "CreativeWork",
      "name": "GPL-3.0-or-later"
    },
    {
      "@id": "https://w3id.org/workflowhub/workflow-ro-crate#galaxy",
      "@type": "ComputerLanguage",
      "identifier": {
        "@id": "https://galaxyproject.org/"
      },
      "name": "Galaxy",
      "url": {
        "@id": "https://galaxyproject.org/"
      },
      "version": "23.1"
    },
    {
      "@id": "#4570d6f2-5192-41df-965d-79fb3bdd3590",
      "@type": "Person",
      "name": "Erwan Corre"
    },
    {
      "@id": "#6796b508-3db9-4e7b-8df2-52fbd094f177",
      "@type": "Person",
      "name": "Stéphanie Robin"
    },
    {
      "@id": "#ba5d00c0-1a39-44ac-a3c8-ab2f96661f43",
      "@type": "Person",
      "name": "Anthony Bretaudeau"
    },
    {
      "@id": "#a660cfd1-87a1-47ce-882d-d062d0b95d85",
      "@type": "Person",
      "name": "Alexandre Cormier"
    },
    {
      "@id": "#bccd1227-6775-4a87-9709-7ac4fe9d5e22",
      "@type": "Person",
      "name": "Laura Leroi"
    }
  ]
}