{
  "@context": "https://w3id.org/ro/crate/1.1/context",
  "@graph": [
    {
      "@id": "ro-crate-metadata.json",
      "@type": "CreativeWork",
      "about": {
        "@id": "./"
      },
      "conformsTo": [
        {
          "@id": "https://w3id.org/ro/crate/1.1"
        },
        {
          "@id": "https://about.workflowhub.eu/Workflow-RO-Crate/"
        }
      ]
    },
    {
      "@id": "./",
      "@type": "Dataset",
      "datePublished": "2024-03-11T00:33:10.882+00:00",
      "mainEntity": {
        "@id": "main_workflow.ga"
      }
    },
    {
      "@id": "main_workflow.ga",
      "@type": [
        "File",
        "SoftwareSourceCode",
        "ComputationalWorkflow"
      ],
      "author": [
        {
          "@id": "#7e8e8086-c557-4ddc-a351-939a6df99659"
        },
        {
          "@id": "#3976a308-e553-4370-87f3-2eafda22efb6"
        },
        {
          "@id": "#a5a2d7db-dc6f-46ed-b892-3e3665ebfd1f"
        },
        {
          "@id": "#7b781dbe-467f-4ff4-8dc4-1a017277bf27"
        },
        {
          "@id": "#aa6a33f4-47a3-4758-b4c6-cb5f24baee2c"
        }
      ],
      "license": {
        "@id": "https://spdx.org/licenses/GPL-3.0-or-later"
      },
      "name": "Genome Assembly Quality Control",
      "version": 1,
      "programmingLanguage": {
        "@id": "https://w3id.org/workflowhub/workflow-ro-crate#galaxy"
      }
    },
    {
      "@id": "https://spdx.org/licenses/GPL-3.0-or-later",
      "@type": "CreativeWork",
      "name": "GPL-3.0-or-later"
    },
    {
      "@id": "https://w3id.org/workflowhub/workflow-ro-crate#galaxy",
      "@type": "ComputerLanguage",
      "identifier": {
        "@id": "https://galaxyproject.org/"
      },
      "name": "Galaxy",
      "url": {
        "@id": "https://galaxyproject.org/"
      },
      "version": "23.1"
    },
    {
      "@id": "#7e8e8086-c557-4ddc-a351-939a6df99659",
      "@type": "Person",
      "name": "Erwan Corre"
    },
    {
      "@id": "#3976a308-e553-4370-87f3-2eafda22efb6",
      "@type": "Person",
      "name": "Stéphanie Robin"
    },
    {
      "@id": "#a5a2d7db-dc6f-46ed-b892-3e3665ebfd1f",
      "@type": "Person",
      "name": "Anthony Bretaudeau"
    },
    {
      "@id": "#7b781dbe-467f-4ff4-8dc4-1a017277bf27",
      "@type": "Person",
      "name": "Alexandre Cormier"
    },
    {
      "@id": "#aa6a33f4-47a3-4758-b4c6-cb5f24baee2c",
      "@type": "Person",
      "name": "Laura Leroi"
    }
  ]
}