{
  "@context": "https://w3id.org/ro/crate/1.1/context",
  "@graph": [
    {
      "@id": "ro-crate-metadata.json",
      "@type": "CreativeWork",
      "about": {
        "@id": "./"
      },
      "conformsTo": [
        {
          "@id": "https://w3id.org/ro/crate/1.1"
        },
        {
          "@id": "https://about.workflowhub.eu/Workflow-RO-Crate/"
        }
      ]
    },
    {
      "@id": "./",
      "@type": "Dataset",
      "datePublished": "2023-12-24T00:35:03.298+00:00",
      "mainEntity": {
        "@id": "main_workflow.ga"
      }
    },
    {
      "@id": "main_workflow.ga",
      "@type": [
        "File",
        "SoftwareSourceCode",
        "ComputationalWorkflow"
      ],
      "author": [
        {
          "@id": "#f541b222-cddd-4d14-ba86-a0a32139822a"
        },
        {
          "@id": "#27e7ab5c-7bc0-4618-adf2-e3138f960644"
        },
        {
          "@id": "#0f67d7bb-b9a5-4586-a74c-a4b1612fdf42"
        },
        {
          "@id": "#e3b7b06c-f1b0-46aa-82a2-a500b9841f1b"
        },
        {
          "@id": "#8da59885-658d-46af-9cde-7e043f9cfa6d"
        }
      ],
      "license": {
        "@id": "https://spdx.org/licenses/GPL-3.0-or-later"
      },
      "name": "Genome Assembly Quality Control",
      "version": 1,
      "programmingLanguage": {
        "@id": "https://w3id.org/workflowhub/workflow-ro-crate#galaxy"
      }
    },
    {
      "@id": "https://spdx.org/licenses/GPL-3.0-or-later",
      "@type": "CreativeWork",
      "name": "GPL-3.0-or-later"
    },
    {
      "@id": "https://w3id.org/workflowhub/workflow-ro-crate#galaxy",
      "@type": "ComputerLanguage",
      "identifier": {
        "@id": "https://galaxyproject.org/"
      },
      "name": "Galaxy",
      "url": {
        "@id": "https://galaxyproject.org/"
      },
      "version": "23.1"
    },
    {
      "@id": "#f541b222-cddd-4d14-ba86-a0a32139822a",
      "@type": "Person",
      "name": "Erwan Corre"
    },
    {
      "@id": "#27e7ab5c-7bc0-4618-adf2-e3138f960644",
      "@type": "Person",
      "name": "Stéphanie Robin"
    },
    {
      "@id": "#0f67d7bb-b9a5-4586-a74c-a4b1612fdf42",
      "@type": "Person",
      "name": "Anthony Bretaudeau"
    },
    {
      "@id": "#e3b7b06c-f1b0-46aa-82a2-a500b9841f1b",
      "@type": "Person",
      "name": "Alexandre Cormier"
    },
    {
      "@id": "#8da59885-658d-46af-9cde-7e043f9cfa6d",
      "@type": "Person",
      "name": "Laura Leroi"
    }
  ]
}