{
  "@context": "https://w3id.org/ro/crate/1.1/context",
  "@graph": [
    {
      "@id": "ro-crate-metadata.json",
      "@type": "CreativeWork",
      "about": {
        "@id": "./"
      },
      "conformsTo": [
        {
          "@id": "https://w3id.org/ro/crate/1.1"
        },
        {
          "@id": "https://about.workflowhub.eu/Workflow-RO-Crate/"
        }
      ]
    },
    {
      "@id": "./",
      "@type": "Dataset",
      "datePublished": "2024-05-10T00:33:45.346+00:00",
      "mainEntity": {
        "@id": "main_workflow.ga"
      }
    },
    {
      "@id": "main_workflow.ga",
      "@type": [
        "File",
        "SoftwareSourceCode",
        "ComputationalWorkflow"
      ],
      "author": [
        {
          "@id": "#87b06c5f-0330-4389-a5a4-6fe60ffc33d4"
        },
        {
          "@id": "#36fc90cf-cdc8-42d0-a433-307628788075"
        },
        {
          "@id": "#dda061c8-5d92-4f9b-9e46-014a72e2eaf8"
        },
        {
          "@id": "#6900b186-ffc3-4590-811a-4bbccf446ffb"
        },
        {
          "@id": "#270a878c-7c39-4979-a299-07156db81925"
        }
      ],
      "license": {
        "@id": "https://spdx.org/licenses/GPL-3.0-or-later"
      },
      "name": "Genome Assembly Quality Control",
      "version": 1,
      "programmingLanguage": {
        "@id": "https://w3id.org/workflowhub/workflow-ro-crate#galaxy"
      }
    },
    {
      "@id": "https://spdx.org/licenses/GPL-3.0-or-later",
      "@type": "CreativeWork",
      "name": "GPL-3.0-or-later"
    },
    {
      "@id": "https://w3id.org/workflowhub/workflow-ro-crate#galaxy",
      "@type": "ComputerLanguage",
      "identifier": {
        "@id": "https://galaxyproject.org/"
      },
      "name": "Galaxy",
      "url": {
        "@id": "https://galaxyproject.org/"
      },
      "version": "23.1"
    },
    {
      "@id": "#87b06c5f-0330-4389-a5a4-6fe60ffc33d4",
      "@type": "Person",
      "name": "Erwan Corre"
    },
    {
      "@id": "#36fc90cf-cdc8-42d0-a433-307628788075",
      "@type": "Person",
      "name": "Stéphanie Robin"
    },
    {
      "@id": "#dda061c8-5d92-4f9b-9e46-014a72e2eaf8",
      "@type": "Person",
      "name": "Anthony Bretaudeau"
    },
    {
      "@id": "#6900b186-ffc3-4590-811a-4bbccf446ffb",
      "@type": "Person",
      "name": "Alexandre Cormier"
    },
    {
      "@id": "#270a878c-7c39-4979-a299-07156db81925",
      "@type": "Person",
      "name": "Laura Leroi"
    }
  ]
}