{
  "@context": "https://w3id.org/ro/crate/1.1/context",
  "@graph": [
    {
      "@id": "ro-crate-metadata.json",
      "@type": "CreativeWork",
      "about": {
        "@id": "./"
      },
      "conformsTo": [
        {
          "@id": "https://w3id.org/ro/crate/1.1"
        },
        {
          "@id": "https://about.workflowhub.eu/Workflow-RO-Crate/"
        }
      ]
    },
    {
      "@id": "./",
      "@type": "Dataset",
      "datePublished": "2024-03-30T00:31:15.223+00:00",
      "mainEntity": {
        "@id": "main_workflow.ga"
      }
    },
    {
      "@id": "main_workflow.ga",
      "@type": [
        "File",
        "SoftwareSourceCode",
        "ComputationalWorkflow"
      ],
      "author": [
        {
          "@id": "#636493fb-89c3-4939-be2e-ee18dcc78f4f"
        },
        {
          "@id": "#20dc5480-512e-4184-826d-46ff6c819700"
        },
        {
          "@id": "#b4feb519-a1e0-4fad-942d-aab04e1b710a"
        },
        {
          "@id": "#24933ef5-8803-4643-ba32-b5fb415bc0b8"
        },
        {
          "@id": "#2dd99690-2258-4c86-9dcd-aa08eb5c761e"
        }
      ],
      "license": {
        "@id": "https://spdx.org/licenses/GPL-3.0-or-later"
      },
      "name": "Genome Assembly Quality Control",
      "version": 1,
      "programmingLanguage": {
        "@id": "https://w3id.org/workflowhub/workflow-ro-crate#galaxy"
      }
    },
    {
      "@id": "https://spdx.org/licenses/GPL-3.0-or-later",
      "@type": "CreativeWork",
      "name": "GPL-3.0-or-later"
    },
    {
      "@id": "https://w3id.org/workflowhub/workflow-ro-crate#galaxy",
      "@type": "ComputerLanguage",
      "identifier": {
        "@id": "https://galaxyproject.org/"
      },
      "name": "Galaxy",
      "url": {
        "@id": "https://galaxyproject.org/"
      },
      "version": "23.1"
    },
    {
      "@id": "#636493fb-89c3-4939-be2e-ee18dcc78f4f",
      "@type": "Person",
      "name": "Erwan Corre"
    },
    {
      "@id": "#20dc5480-512e-4184-826d-46ff6c819700",
      "@type": "Person",
      "name": "Stéphanie Robin"
    },
    {
      "@id": "#b4feb519-a1e0-4fad-942d-aab04e1b710a",
      "@type": "Person",
      "name": "Anthony Bretaudeau"
    },
    {
      "@id": "#24933ef5-8803-4643-ba32-b5fb415bc0b8",
      "@type": "Person",
      "name": "Alexandre Cormier"
    },
    {
      "@id": "#2dd99690-2258-4c86-9dcd-aa08eb5c761e",
      "@type": "Person",
      "name": "Laura Leroi"
    }
  ]
}