{
  "@context": "https://w3id.org/ro/crate/1.1/context",
  "@graph": [
    {
      "@id": "ro-crate-metadata.json",
      "@type": "CreativeWork",
      "about": {
        "@id": "./"
      },
      "conformsTo": [
        {
          "@id": "https://w3id.org/ro/crate/1.1"
        },
        {
          "@id": "https://about.workflowhub.eu/Workflow-RO-Crate/"
        }
      ]
    },
    {
      "@id": "./",
      "@type": "Dataset",
      "datePublished": "2024-05-13T00:35:38.777+00:00",
      "mainEntity": {
        "@id": "main_workflow.ga"
      }
    },
    {
      "@id": "main_workflow.ga",
      "@type": [
        "File",
        "SoftwareSourceCode",
        "ComputationalWorkflow"
      ],
      "author": [
        {
          "@id": "#54c6f54e-519e-407f-b7e4-223d8f356b2b"
        },
        {
          "@id": "#c67d96e8-3ef6-4660-9875-aafed7a447d5"
        },
        {
          "@id": "#0437a072-6e58-4749-b7a2-94685a07b2a4"
        },
        {
          "@id": "#b4965d3c-5768-4b45-a5cf-b4821664ddd6"
        },
        {
          "@id": "#46e7f36c-7203-474f-952b-0441a1a57c9a"
        }
      ],
      "license": {
        "@id": "https://spdx.org/licenses/GPL-3.0-or-later"
      },
      "name": "Genome Assembly Quality Control",
      "version": 1,
      "programmingLanguage": {
        "@id": "https://w3id.org/workflowhub/workflow-ro-crate#galaxy"
      }
    },
    {
      "@id": "https://spdx.org/licenses/GPL-3.0-or-later",
      "@type": "CreativeWork",
      "name": "GPL-3.0-or-later"
    },
    {
      "@id": "https://w3id.org/workflowhub/workflow-ro-crate#galaxy",
      "@type": "ComputerLanguage",
      "identifier": {
        "@id": "https://galaxyproject.org/"
      },
      "name": "Galaxy",
      "url": {
        "@id": "https://galaxyproject.org/"
      },
      "version": "23.1"
    },
    {
      "@id": "#54c6f54e-519e-407f-b7e4-223d8f356b2b",
      "@type": "Person",
      "name": "Erwan Corre"
    },
    {
      "@id": "#c67d96e8-3ef6-4660-9875-aafed7a447d5",
      "@type": "Person",
      "name": "Stéphanie Robin"
    },
    {
      "@id": "#0437a072-6e58-4749-b7a2-94685a07b2a4",
      "@type": "Person",
      "name": "Anthony Bretaudeau"
    },
    {
      "@id": "#b4965d3c-5768-4b45-a5cf-b4821664ddd6",
      "@type": "Person",
      "name": "Alexandre Cormier"
    },
    {
      "@id": "#46e7f36c-7203-474f-952b-0441a1a57c9a",
      "@type": "Person",
      "name": "Laura Leroi"
    }
  ]
}