{
  "@context": "https://w3id.org/ro/crate/1.1/context",
  "@graph": [
    {
      "@id": "ro-crate-metadata.json",
      "@type": "CreativeWork",
      "about": {
        "@id": "./"
      },
      "conformsTo": [
        {
          "@id": "https://w3id.org/ro/crate/1.1"
        },
        {
          "@id": "https://about.workflowhub.eu/Workflow-RO-Crate/"
        }
      ]
    },
    {
      "@id": "./",
      "@type": "Dataset",
      "datePublished": "2024-04-06T00:31:40.936+00:00",
      "mainEntity": {
        "@id": "main_workflow.ga"
      }
    },
    {
      "@id": "main_workflow.ga",
      "@type": [
        "File",
        "SoftwareSourceCode",
        "ComputationalWorkflow"
      ],
      "author": [
        {
          "@id": "#03cead83-9646-4eb1-8ca8-d151ba1e9b22"
        },
        {
          "@id": "#d074a55f-1654-495d-a40f-516d7724cecb"
        },
        {
          "@id": "#db68d52b-d884-4846-ab2b-a49690237397"
        },
        {
          "@id": "#7c337e38-7284-4010-9f54-39c3220cb18d"
        },
        {
          "@id": "#238eeba5-cffc-466b-a3ff-615137d65e95"
        }
      ],
      "license": {
        "@id": "https://spdx.org/licenses/GPL-3.0-or-later"
      },
      "name": "Genome Assembly Quality Control",
      "version": 1,
      "programmingLanguage": {
        "@id": "https://w3id.org/workflowhub/workflow-ro-crate#galaxy"
      }
    },
    {
      "@id": "https://spdx.org/licenses/GPL-3.0-or-later",
      "@type": "CreativeWork",
      "name": "GPL-3.0-or-later"
    },
    {
      "@id": "https://w3id.org/workflowhub/workflow-ro-crate#galaxy",
      "@type": "ComputerLanguage",
      "identifier": {
        "@id": "https://galaxyproject.org/"
      },
      "name": "Galaxy",
      "url": {
        "@id": "https://galaxyproject.org/"
      },
      "version": "23.1"
    },
    {
      "@id": "#03cead83-9646-4eb1-8ca8-d151ba1e9b22",
      "@type": "Person",
      "name": "Erwan Corre"
    },
    {
      "@id": "#d074a55f-1654-495d-a40f-516d7724cecb",
      "@type": "Person",
      "name": "Stéphanie Robin"
    },
    {
      "@id": "#db68d52b-d884-4846-ab2b-a49690237397",
      "@type": "Person",
      "name": "Anthony Bretaudeau"
    },
    {
      "@id": "#7c337e38-7284-4010-9f54-39c3220cb18d",
      "@type": "Person",
      "name": "Alexandre Cormier"
    },
    {
      "@id": "#238eeba5-cffc-466b-a3ff-615137d65e95",
      "@type": "Person",
      "name": "Laura Leroi"
    }
  ]
}