{
  "@context": "https://w3id.org/ro/crate/1.1/context",
  "@graph": [
    {
      "@id": "ro-crate-metadata.json",
      "@type": "CreativeWork",
      "about": {
        "@id": "./"
      },
      "conformsTo": [
        {
          "@id": "https://w3id.org/ro/crate/1.1"
        },
        {
          "@id": "https://about.workflowhub.eu/Workflow-RO-Crate/"
        }
      ]
    },
    {
      "@id": "./",
      "@type": "Dataset",
      "datePublished": "2024-01-10T00:33:51.291+00:00",
      "mainEntity": {
        "@id": "main_workflow.ga"
      }
    },
    {
      "@id": "main_workflow.ga",
      "@type": [
        "File",
        "SoftwareSourceCode",
        "ComputationalWorkflow"
      ],
      "author": [
        {
          "@id": "#98837047-3529-4091-a609-98ab5ae02d95"
        },
        {
          "@id": "#a8711066-5d07-4aea-97a0-052282e6f02e"
        },
        {
          "@id": "#4627ca7d-b15a-4ef7-a019-293e45346f86"
        },
        {
          "@id": "#aa2ab453-ce68-46ca-bd58-fe284550801f"
        },
        {
          "@id": "#d14acd39-fff9-4d2e-90f4-473faf260aff"
        }
      ],
      "license": {
        "@id": "https://spdx.org/licenses/GPL-3.0-or-later"
      },
      "name": "Genome Assembly Quality Control",
      "version": 1,
      "programmingLanguage": {
        "@id": "https://w3id.org/workflowhub/workflow-ro-crate#galaxy"
      }
    },
    {
      "@id": "https://spdx.org/licenses/GPL-3.0-or-later",
      "@type": "CreativeWork",
      "name": "GPL-3.0-or-later"
    },
    {
      "@id": "https://w3id.org/workflowhub/workflow-ro-crate#galaxy",
      "@type": "ComputerLanguage",
      "identifier": {
        "@id": "https://galaxyproject.org/"
      },
      "name": "Galaxy",
      "url": {
        "@id": "https://galaxyproject.org/"
      },
      "version": "23.1"
    },
    {
      "@id": "#98837047-3529-4091-a609-98ab5ae02d95",
      "@type": "Person",
      "name": "Erwan Corre"
    },
    {
      "@id": "#a8711066-5d07-4aea-97a0-052282e6f02e",
      "@type": "Person",
      "name": "Stéphanie Robin"
    },
    {
      "@id": "#4627ca7d-b15a-4ef7-a019-293e45346f86",
      "@type": "Person",
      "name": "Anthony Bretaudeau"
    },
    {
      "@id": "#aa2ab453-ce68-46ca-bd58-fe284550801f",
      "@type": "Person",
      "name": "Alexandre Cormier"
    },
    {
      "@id": "#d14acd39-fff9-4d2e-90f4-473faf260aff",
      "@type": "Person",
      "name": "Laura Leroi"
    }
  ]
}