{
  "@context": "https://w3id.org/ro/crate/1.1/context",
  "@graph": [
    {
      "@id": "ro-crate-metadata.json",
      "@type": "CreativeWork",
      "about": {
        "@id": "./"
      },
      "conformsTo": [
        {
          "@id": "https://w3id.org/ro/crate/1.1"
        },
        {
          "@id": "https://about.workflowhub.eu/Workflow-RO-Crate/"
        }
      ]
    },
    {
      "@id": "./",
      "@type": "Dataset",
      "datePublished": "2023-12-06T00:36:55.345+00:00",
      "mainEntity": {
        "@id": "main_workflow.ga"
      }
    },
    {
      "@id": "main_workflow.ga",
      "@type": [
        "File",
        "SoftwareSourceCode",
        "ComputationalWorkflow"
      ],
      "author": [
        {
          "@id": "#b944b802-703d-48de-8619-410aeba98afb"
        },
        {
          "@id": "#dd7f6e3a-0d3e-49db-b578-238c890114f6"
        },
        {
          "@id": "#3a1c2498-61b9-4fc1-8c85-4540edf5283e"
        },
        {
          "@id": "#5470a748-baab-4026-9259-8330fddb2124"
        },
        {
          "@id": "#85a08d11-a3fe-431f-97b2-fd7489e64a92"
        }
      ],
      "license": {
        "@id": "https://spdx.org/licenses/GPL-3.0-or-later"
      },
      "name": "Genome Assembly Quality Control",
      "version": 1,
      "programmingLanguage": {
        "@id": "https://w3id.org/workflowhub/workflow-ro-crate#galaxy"
      }
    },
    {
      "@id": "https://spdx.org/licenses/GPL-3.0-or-later",
      "@type": "CreativeWork",
      "name": "GPL-3.0-or-later"
    },
    {
      "@id": "https://w3id.org/workflowhub/workflow-ro-crate#galaxy",
      "@type": "ComputerLanguage",
      "identifier": {
        "@id": "https://galaxyproject.org/"
      },
      "name": "Galaxy",
      "url": {
        "@id": "https://galaxyproject.org/"
      },
      "version": "23.1"
    },
    {
      "@id": "#b944b802-703d-48de-8619-410aeba98afb",
      "@type": "Person",
      "name": "Erwan Corre"
    },
    {
      "@id": "#dd7f6e3a-0d3e-49db-b578-238c890114f6",
      "@type": "Person",
      "name": "Stéphanie Robin"
    },
    {
      "@id": "#3a1c2498-61b9-4fc1-8c85-4540edf5283e",
      "@type": "Person",
      "name": "Anthony Bretaudeau"
    },
    {
      "@id": "#5470a748-baab-4026-9259-8330fddb2124",
      "@type": "Person",
      "name": "Alexandre Cormier"
    },
    {
      "@id": "#85a08d11-a3fe-431f-97b2-fd7489e64a92",
      "@type": "Person",
      "name": "Laura Leroi"
    }
  ]
}