{
  "@context": "https://w3id.org/ro/crate/1.1/context",
  "@graph": [
    {
      "@id": "ro-crate-metadata.json",
      "@type": "CreativeWork",
      "about": {
        "@id": "./"
      },
      "conformsTo": [
        {
          "@id": "https://w3id.org/ro/crate/1.1"
        },
        {
          "@id": "https://about.workflowhub.eu/Workflow-RO-Crate/"
        }
      ]
    },
    {
      "@id": "./",
      "@type": "Dataset",
      "datePublished": "2024-04-30T00:32:27.118+00:00",
      "mainEntity": {
        "@id": "main_workflow.ga"
      }
    },
    {
      "@id": "main_workflow.ga",
      "@type": [
        "File",
        "SoftwareSourceCode",
        "ComputationalWorkflow"
      ],
      "author": [
        {
          "@id": "#073512df-8da0-4ec9-8446-de4150df5af6"
        },
        {
          "@id": "#bc1c702d-34d0-43cc-9447-f7610f1d3ff2"
        },
        {
          "@id": "#cddb3088-e8ff-4fed-b414-44016adc4f15"
        },
        {
          "@id": "#46ed8b3f-36e1-4896-b287-9e55d7b425a7"
        },
        {
          "@id": "#03f64764-42e4-4df0-b46f-caf297486638"
        }
      ],
      "license": {
        "@id": "https://spdx.org/licenses/GPL-3.0-or-later"
      },
      "name": "Genome Assembly Quality Control",
      "version": 1,
      "programmingLanguage": {
        "@id": "https://w3id.org/workflowhub/workflow-ro-crate#galaxy"
      }
    },
    {
      "@id": "https://spdx.org/licenses/GPL-3.0-or-later",
      "@type": "CreativeWork",
      "name": "GPL-3.0-or-later"
    },
    {
      "@id": "https://w3id.org/workflowhub/workflow-ro-crate#galaxy",
      "@type": "ComputerLanguage",
      "identifier": {
        "@id": "https://galaxyproject.org/"
      },
      "name": "Galaxy",
      "url": {
        "@id": "https://galaxyproject.org/"
      },
      "version": "23.1"
    },
    {
      "@id": "#073512df-8da0-4ec9-8446-de4150df5af6",
      "@type": "Person",
      "name": "Erwan Corre"
    },
    {
      "@id": "#bc1c702d-34d0-43cc-9447-f7610f1d3ff2",
      "@type": "Person",
      "name": "Stéphanie Robin"
    },
    {
      "@id": "#cddb3088-e8ff-4fed-b414-44016adc4f15",
      "@type": "Person",
      "name": "Anthony Bretaudeau"
    },
    {
      "@id": "#46ed8b3f-36e1-4896-b287-9e55d7b425a7",
      "@type": "Person",
      "name": "Alexandre Cormier"
    },
    {
      "@id": "#03f64764-42e4-4df0-b46f-caf297486638",
      "@type": "Person",
      "name": "Laura Leroi"
    }
  ]
}