{
  "@context": "https://w3id.org/ro/crate/1.1/context",
  "@graph": [
    {
      "@id": "ro-crate-metadata.json",
      "@type": "CreativeWork",
      "about": {
        "@id": "./"
      },
      "conformsTo": [
        {
          "@id": "https://w3id.org/ro/crate/1.1"
        },
        {
          "@id": "https://about.workflowhub.eu/Workflow-RO-Crate/"
        }
      ]
    },
    {
      "@id": "./",
      "@type": "Dataset",
      "datePublished": "2024-03-01T00:35:35.438+00:00",
      "mainEntity": {
        "@id": "main_workflow.ga"
      }
    },
    {
      "@id": "main_workflow.ga",
      "@type": [
        "File",
        "SoftwareSourceCode",
        "ComputationalWorkflow"
      ],
      "author": [
        {
          "@id": "#8ae9b31b-a43e-4582-af03-915a84d6c090"
        },
        {
          "@id": "#5419d415-964d-4a73-9fb9-4ab4909d771f"
        },
        {
          "@id": "#90489349-1975-49f2-87cf-2b593baa8a1d"
        },
        {
          "@id": "#31f77b40-dd1b-4bf4-a6f7-bf361ab20d5e"
        },
        {
          "@id": "#becf072b-684a-4171-aa7c-5c68365554e5"
        }
      ],
      "license": {
        "@id": "https://spdx.org/licenses/GPL-3.0-or-later"
      },
      "name": "Genome Assembly Quality Control",
      "version": 1,
      "programmingLanguage": {
        "@id": "https://w3id.org/workflowhub/workflow-ro-crate#galaxy"
      }
    },
    {
      "@id": "https://spdx.org/licenses/GPL-3.0-or-later",
      "@type": "CreativeWork",
      "name": "GPL-3.0-or-later"
    },
    {
      "@id": "https://w3id.org/workflowhub/workflow-ro-crate#galaxy",
      "@type": "ComputerLanguage",
      "identifier": {
        "@id": "https://galaxyproject.org/"
      },
      "name": "Galaxy",
      "url": {
        "@id": "https://galaxyproject.org/"
      },
      "version": "23.1"
    },
    {
      "@id": "#8ae9b31b-a43e-4582-af03-915a84d6c090",
      "@type": "Person",
      "name": "Erwan Corre"
    },
    {
      "@id": "#5419d415-964d-4a73-9fb9-4ab4909d771f",
      "@type": "Person",
      "name": "Stéphanie Robin"
    },
    {
      "@id": "#90489349-1975-49f2-87cf-2b593baa8a1d",
      "@type": "Person",
      "name": "Anthony Bretaudeau"
    },
    {
      "@id": "#31f77b40-dd1b-4bf4-a6f7-bf361ab20d5e",
      "@type": "Person",
      "name": "Alexandre Cormier"
    },
    {
      "@id": "#becf072b-684a-4171-aa7c-5c68365554e5",
      "@type": "Person",
      "name": "Laura Leroi"
    }
  ]
}