{
  "@context": "https://w3id.org/ro/crate/1.1/context",
  "@graph": [
    {
      "@id": "ro-crate-metadata.json",
      "@type": "CreativeWork",
      "about": {
        "@id": "./"
      },
      "conformsTo": [
        {
          "@id": "https://w3id.org/ro/crate/1.1"
        },
        {
          "@id": "https://about.workflowhub.eu/Workflow-RO-Crate/"
        }
      ]
    },
    {
      "@id": "./",
      "@type": "Dataset",
      "datePublished": "2024-04-16T00:32:19.316+00:00",
      "mainEntity": {
        "@id": "main_workflow.ga"
      }
    },
    {
      "@id": "main_workflow.ga",
      "@type": [
        "File",
        "SoftwareSourceCode",
        "ComputationalWorkflow"
      ],
      "author": [
        {
          "@id": "#410f1588-d2e5-48ba-983b-6c0315b41ec0"
        },
        {
          "@id": "#bb0f806f-c13e-495f-ab3c-5a5fc8aa8672"
        },
        {
          "@id": "#a4819784-000c-4361-84ae-174d6c1e987d"
        },
        {
          "@id": "#5af60a55-6f7a-4f2d-8273-deaf685321c1"
        },
        {
          "@id": "#038f675f-c576-451a-b4ef-d3ac0567e897"
        }
      ],
      "license": {
        "@id": "https://spdx.org/licenses/GPL-3.0-or-later"
      },
      "name": "Genome Assembly Quality Control",
      "version": 1,
      "programmingLanguage": {
        "@id": "https://w3id.org/workflowhub/workflow-ro-crate#galaxy"
      }
    },
    {
      "@id": "https://spdx.org/licenses/GPL-3.0-or-later",
      "@type": "CreativeWork",
      "name": "GPL-3.0-or-later"
    },
    {
      "@id": "https://w3id.org/workflowhub/workflow-ro-crate#galaxy",
      "@type": "ComputerLanguage",
      "identifier": {
        "@id": "https://galaxyproject.org/"
      },
      "name": "Galaxy",
      "url": {
        "@id": "https://galaxyproject.org/"
      },
      "version": "23.1"
    },
    {
      "@id": "#410f1588-d2e5-48ba-983b-6c0315b41ec0",
      "@type": "Person",
      "name": "Erwan Corre"
    },
    {
      "@id": "#bb0f806f-c13e-495f-ab3c-5a5fc8aa8672",
      "@type": "Person",
      "name": "Stéphanie Robin"
    },
    {
      "@id": "#a4819784-000c-4361-84ae-174d6c1e987d",
      "@type": "Person",
      "name": "Anthony Bretaudeau"
    },
    {
      "@id": "#5af60a55-6f7a-4f2d-8273-deaf685321c1",
      "@type": "Person",
      "name": "Alexandre Cormier"
    },
    {
      "@id": "#038f675f-c576-451a-b4ef-d3ac0567e897",
      "@type": "Person",
      "name": "Laura Leroi"
    }
  ]
}