{
  "@context": "https://w3id.org/ro/crate/1.1/context",
  "@graph": [
    {
      "@id": "ro-crate-metadata.json",
      "@type": "CreativeWork",
      "about": {
        "@id": "./"
      },
      "conformsTo": [
        {
          "@id": "https://w3id.org/ro/crate/1.1"
        },
        {
          "@id": "https://about.workflowhub.eu/Workflow-RO-Crate/"
        }
      ]
    },
    {
      "@id": "./",
      "@type": "Dataset",
      "datePublished": "2024-01-03T00:32:34.979+00:00",
      "mainEntity": {
        "@id": "main_workflow.ga"
      }
    },
    {
      "@id": "main_workflow.ga",
      "@type": [
        "File",
        "SoftwareSourceCode",
        "ComputationalWorkflow"
      ],
      "author": [
        {
          "@id": "#eaebca46-7439-4542-9894-a91b0c58c11e"
        },
        {
          "@id": "#55134057-674c-4cd1-8940-7e2fdacecb0e"
        },
        {
          "@id": "#fcb5a911-1103-4b87-bdd8-611228a296d7"
        },
        {
          "@id": "#a91a0de2-e0ba-4bf8-b949-52979d2e3fef"
        },
        {
          "@id": "#67ffdd53-8478-480d-8fcc-8bed0e469b14"
        }
      ],
      "license": {
        "@id": "https://spdx.org/licenses/GPL-3.0-or-later"
      },
      "name": "Genome Assembly Quality Control",
      "version": 1,
      "programmingLanguage": {
        "@id": "https://w3id.org/workflowhub/workflow-ro-crate#galaxy"
      }
    },
    {
      "@id": "https://spdx.org/licenses/GPL-3.0-or-later",
      "@type": "CreativeWork",
      "name": "GPL-3.0-or-later"
    },
    {
      "@id": "https://w3id.org/workflowhub/workflow-ro-crate#galaxy",
      "@type": "ComputerLanguage",
      "identifier": {
        "@id": "https://galaxyproject.org/"
      },
      "name": "Galaxy",
      "url": {
        "@id": "https://galaxyproject.org/"
      },
      "version": "23.1"
    },
    {
      "@id": "#eaebca46-7439-4542-9894-a91b0c58c11e",
      "@type": "Person",
      "name": "Erwan Corre"
    },
    {
      "@id": "#55134057-674c-4cd1-8940-7e2fdacecb0e",
      "@type": "Person",
      "name": "Stéphanie Robin"
    },
    {
      "@id": "#fcb5a911-1103-4b87-bdd8-611228a296d7",
      "@type": "Person",
      "name": "Anthony Bretaudeau"
    },
    {
      "@id": "#a91a0de2-e0ba-4bf8-b949-52979d2e3fef",
      "@type": "Person",
      "name": "Alexandre Cormier"
    },
    {
      "@id": "#67ffdd53-8478-480d-8fcc-8bed0e469b14",
      "@type": "Person",
      "name": "Laura Leroi"
    }
  ]
}