{
  "@context": "https://w3id.org/ro/crate/1.1/context",
  "@graph": [
    {
      "@id": "ro-crate-metadata.json",
      "@type": "CreativeWork",
      "about": {
        "@id": "./"
      },
      "conformsTo": [
        {
          "@id": "https://w3id.org/ro/crate/1.1"
        },
        {
          "@id": "https://about.workflowhub.eu/Workflow-RO-Crate/"
        }
      ]
    },
    {
      "@id": "./",
      "@type": "Dataset",
      "datePublished": "2024-03-04T00:32:25.408+00:00",
      "mainEntity": {
        "@id": "main_workflow.ga"
      }
    },
    {
      "@id": "main_workflow.ga",
      "@type": [
        "File",
        "SoftwareSourceCode",
        "ComputationalWorkflow"
      ],
      "author": [
        {
          "@id": "#b7e9f8af-7622-438b-804a-315ce252da31"
        },
        {
          "@id": "#e6ff9839-bb56-4801-9399-4cac72dcb7c0"
        },
        {
          "@id": "#493cc406-ad93-4e8d-ba5f-584460615bc8"
        },
        {
          "@id": "#b571a6ec-fb16-4231-80c7-42b4ea4fb14f"
        },
        {
          "@id": "#be4d81bd-c2f8-4881-8d59-c92679275592"
        }
      ],
      "license": {
        "@id": "https://spdx.org/licenses/GPL-3.0-or-later"
      },
      "name": "Genome Assembly Quality Control",
      "version": 1,
      "programmingLanguage": {
        "@id": "https://w3id.org/workflowhub/workflow-ro-crate#galaxy"
      }
    },
    {
      "@id": "https://spdx.org/licenses/GPL-3.0-or-later",
      "@type": "CreativeWork",
      "name": "GPL-3.0-or-later"
    },
    {
      "@id": "https://w3id.org/workflowhub/workflow-ro-crate#galaxy",
      "@type": "ComputerLanguage",
      "identifier": {
        "@id": "https://galaxyproject.org/"
      },
      "name": "Galaxy",
      "url": {
        "@id": "https://galaxyproject.org/"
      },
      "version": "23.1"
    },
    {
      "@id": "#b7e9f8af-7622-438b-804a-315ce252da31",
      "@type": "Person",
      "name": "Erwan Corre"
    },
    {
      "@id": "#e6ff9839-bb56-4801-9399-4cac72dcb7c0",
      "@type": "Person",
      "name": "Stéphanie Robin"
    },
    {
      "@id": "#493cc406-ad93-4e8d-ba5f-584460615bc8",
      "@type": "Person",
      "name": "Anthony Bretaudeau"
    },
    {
      "@id": "#b571a6ec-fb16-4231-80c7-42b4ea4fb14f",
      "@type": "Person",
      "name": "Alexandre Cormier"
    },
    {
      "@id": "#be4d81bd-c2f8-4881-8d59-c92679275592",
      "@type": "Person",
      "name": "Laura Leroi"
    }
  ]
}