{
  "@context": "https://w3id.org/ro/crate/1.1/context",
  "@graph": [
    {
      "@id": "ro-crate-metadata.json",
      "@type": "CreativeWork",
      "about": {
        "@id": "./"
      },
      "conformsTo": [
        {
          "@id": "https://w3id.org/ro/crate/1.1"
        },
        {
          "@id": "https://about.workflowhub.eu/Workflow-RO-Crate/"
        }
      ]
    },
    {
      "@id": "./",
      "@type": "Dataset",
      "datePublished": "2024-02-03T00:31:48.384+00:00",
      "mainEntity": {
        "@id": "main_workflow.ga"
      }
    },
    {
      "@id": "main_workflow.ga",
      "@type": [
        "File",
        "SoftwareSourceCode",
        "ComputationalWorkflow"
      ],
      "author": [
        {
          "@id": "#c5e929b3-f212-4444-92ca-bc281c569f3e"
        },
        {
          "@id": "#a16c39f0-f553-4d2e-88cc-07cbd6ff727d"
        },
        {
          "@id": "#053662ca-1d20-4edc-8672-33d0bc8bb0c3"
        },
        {
          "@id": "#525baedc-8612-425f-a124-76e714242fc5"
        },
        {
          "@id": "#ce895077-5cdc-49ea-9af7-ca8dfd54e57c"
        }
      ],
      "license": {
        "@id": "https://spdx.org/licenses/GPL-3.0-or-later"
      },
      "name": "Genome Assembly Quality Control",
      "version": 1,
      "programmingLanguage": {
        "@id": "https://w3id.org/workflowhub/workflow-ro-crate#galaxy"
      }
    },
    {
      "@id": "https://spdx.org/licenses/GPL-3.0-or-later",
      "@type": "CreativeWork",
      "name": "GPL-3.0-or-later"
    },
    {
      "@id": "https://w3id.org/workflowhub/workflow-ro-crate#galaxy",
      "@type": "ComputerLanguage",
      "identifier": {
        "@id": "https://galaxyproject.org/"
      },
      "name": "Galaxy",
      "url": {
        "@id": "https://galaxyproject.org/"
      },
      "version": "23.1"
    },
    {
      "@id": "#c5e929b3-f212-4444-92ca-bc281c569f3e",
      "@type": "Person",
      "name": "Erwan Corre"
    },
    {
      "@id": "#a16c39f0-f553-4d2e-88cc-07cbd6ff727d",
      "@type": "Person",
      "name": "Stéphanie Robin"
    },
    {
      "@id": "#053662ca-1d20-4edc-8672-33d0bc8bb0c3",
      "@type": "Person",
      "name": "Anthony Bretaudeau"
    },
    {
      "@id": "#525baedc-8612-425f-a124-76e714242fc5",
      "@type": "Person",
      "name": "Alexandre Cormier"
    },
    {
      "@id": "#ce895077-5cdc-49ea-9af7-ca8dfd54e57c",
      "@type": "Person",
      "name": "Laura Leroi"
    }
  ]
}