{
  "@context": "https://w3id.org/ro/crate/1.1/context",
  "@graph": [
    {
      "@id": "ro-crate-metadata.json",
      "@type": "CreativeWork",
      "about": {
        "@id": "./"
      },
      "conformsTo": [
        {
          "@id": "https://w3id.org/ro/crate/1.1"
        },
        {
          "@id": "https://about.workflowhub.eu/Workflow-RO-Crate/"
        }
      ]
    },
    {
      "@id": "./",
      "@type": "Dataset",
      "datePublished": "2024-06-03T00:36:26.308+00:00",
      "mainEntity": {
        "@id": "main_workflow.ga"
      }
    },
    {
      "@id": "main_workflow.ga",
      "@type": [
        "File",
        "SoftwareSourceCode",
        "ComputationalWorkflow"
      ],
      "author": [
        {
          "@id": "#eeb4a19f-5756-445d-b9db-d33bdf504268"
        },
        {
          "@id": "#23189714-4901-4e27-bd41-83bdf3232371"
        },
        {
          "@id": "#f21809db-2c13-4d2c-9cf1-ff7db81f7162"
        },
        {
          "@id": "#e3de70eb-de71-46ed-b703-c14829248a33"
        },
        {
          "@id": "#5ec2a655-9004-4537-92fa-be3537dc7c0c"
        }
      ],
      "license": {
        "@id": "https://spdx.org/licenses/GPL-3.0-or-later"
      },
      "name": "Genome Assembly Quality Control",
      "version": 1,
      "programmingLanguage": {
        "@id": "https://w3id.org/workflowhub/workflow-ro-crate#galaxy"
      }
    },
    {
      "@id": "https://spdx.org/licenses/GPL-3.0-or-later",
      "@type": "CreativeWork",
      "name": "GPL-3.0-or-later"
    },
    {
      "@id": "https://w3id.org/workflowhub/workflow-ro-crate#galaxy",
      "@type": "ComputerLanguage",
      "identifier": {
        "@id": "https://galaxyproject.org/"
      },
      "name": "Galaxy",
      "url": {
        "@id": "https://galaxyproject.org/"
      },
      "version": "23.1"
    },
    {
      "@id": "#eeb4a19f-5756-445d-b9db-d33bdf504268",
      "@type": "Person",
      "name": "Erwan Corre"
    },
    {
      "@id": "#23189714-4901-4e27-bd41-83bdf3232371",
      "@type": "Person",
      "name": "Stéphanie Robin"
    },
    {
      "@id": "#f21809db-2c13-4d2c-9cf1-ff7db81f7162",
      "@type": "Person",
      "name": "Anthony Bretaudeau"
    },
    {
      "@id": "#e3de70eb-de71-46ed-b703-c14829248a33",
      "@type": "Person",
      "name": "Alexandre Cormier"
    },
    {
      "@id": "#5ec2a655-9004-4537-92fa-be3537dc7c0c",
      "@type": "Person",
      "name": "Laura Leroi"
    }
  ]
}