{
  "@context": "https://w3id.org/ro/crate/1.1/context",
  "@graph": [
    {
      "@id": "ro-crate-metadata.json",
      "@type": "CreativeWork",
      "about": {
        "@id": "./"
      },
      "conformsTo": [
        {
          "@id": "https://w3id.org/ro/crate/1.1"
        },
        {
          "@id": "https://about.workflowhub.eu/Workflow-RO-Crate/"
        }
      ]
    },
    {
      "@id": "./",
      "@type": "Dataset",
      "datePublished": "2024-03-21T00:35:38.858+00:00",
      "mainEntity": {
        "@id": "main_workflow.ga"
      }
    },
    {
      "@id": "main_workflow.ga",
      "@type": [
        "File",
        "SoftwareSourceCode",
        "ComputationalWorkflow"
      ],
      "author": [
        {
          "@id": "#68010be7-3eaa-47bc-9ab9-37c0de46d440"
        },
        {
          "@id": "#90885ea1-d047-4609-a2ab-36f5667c1d7f"
        },
        {
          "@id": "#25a939be-8492-45f0-9152-58326a8bdca4"
        },
        {
          "@id": "#860f0e7d-8eb3-4392-8abc-a07c74476483"
        },
        {
          "@id": "#50f64f00-b2d8-49a4-8d45-ee3e8505ccfd"
        }
      ],
      "license": {
        "@id": "https://spdx.org/licenses/GPL-3.0-or-later"
      },
      "name": "Genome Assembly Quality Control",
      "version": 1,
      "programmingLanguage": {
        "@id": "https://w3id.org/workflowhub/workflow-ro-crate#galaxy"
      }
    },
    {
      "@id": "https://spdx.org/licenses/GPL-3.0-or-later",
      "@type": "CreativeWork",
      "name": "GPL-3.0-or-later"
    },
    {
      "@id": "https://w3id.org/workflowhub/workflow-ro-crate#galaxy",
      "@type": "ComputerLanguage",
      "identifier": {
        "@id": "https://galaxyproject.org/"
      },
      "name": "Galaxy",
      "url": {
        "@id": "https://galaxyproject.org/"
      },
      "version": "23.1"
    },
    {
      "@id": "#68010be7-3eaa-47bc-9ab9-37c0de46d440",
      "@type": "Person",
      "name": "Erwan Corre"
    },
    {
      "@id": "#90885ea1-d047-4609-a2ab-36f5667c1d7f",
      "@type": "Person",
      "name": "Stéphanie Robin"
    },
    {
      "@id": "#25a939be-8492-45f0-9152-58326a8bdca4",
      "@type": "Person",
      "name": "Anthony Bretaudeau"
    },
    {
      "@id": "#860f0e7d-8eb3-4392-8abc-a07c74476483",
      "@type": "Person",
      "name": "Alexandre Cormier"
    },
    {
      "@id": "#50f64f00-b2d8-49a4-8d45-ee3e8505ccfd",
      "@type": "Person",
      "name": "Laura Leroi"
    }
  ]
}