{
  "@context": "https://w3id.org/ro/crate/1.1/context",
  "@graph": [
    {
      "@id": "ro-crate-metadata.json",
      "@type": "CreativeWork",
      "about": {
        "@id": "./"
      },
      "conformsTo": [
        {
          "@id": "https://w3id.org/ro/crate/1.1"
        },
        {
          "@id": "https://about.workflowhub.eu/Workflow-RO-Crate/"
        }
      ]
    },
    {
      "@id": "./",
      "@type": "Dataset",
      "datePublished": "2024-01-04T00:34:07.030+00:00",
      "mainEntity": {
        "@id": "main_workflow.ga"
      }
    },
    {
      "@id": "main_workflow.ga",
      "@type": [
        "File",
        "SoftwareSourceCode",
        "ComputationalWorkflow"
      ],
      "author": [
        {
          "@id": "#09eecec2-bb76-4677-889c-25efff9f14d1"
        },
        {
          "@id": "#03b9d2d9-e97a-4cd0-9122-3f47f6a6ba50"
        },
        {
          "@id": "#76e67d0e-9c3e-4e7a-b37f-301bdcde8441"
        },
        {
          "@id": "#93e30241-333a-449c-bf4f-1d4aa25ef219"
        },
        {
          "@id": "#86663195-49da-4c16-b57d-2f4902092907"
        }
      ],
      "license": {
        "@id": "https://spdx.org/licenses/GPL-3.0-or-later"
      },
      "name": "Genome Assembly Quality Control",
      "version": 1,
      "programmingLanguage": {
        "@id": "https://w3id.org/workflowhub/workflow-ro-crate#galaxy"
      }
    },
    {
      "@id": "https://spdx.org/licenses/GPL-3.0-or-later",
      "@type": "CreativeWork",
      "name": "GPL-3.0-or-later"
    },
    {
      "@id": "https://w3id.org/workflowhub/workflow-ro-crate#galaxy",
      "@type": "ComputerLanguage",
      "identifier": {
        "@id": "https://galaxyproject.org/"
      },
      "name": "Galaxy",
      "url": {
        "@id": "https://galaxyproject.org/"
      },
      "version": "23.1"
    },
    {
      "@id": "#09eecec2-bb76-4677-889c-25efff9f14d1",
      "@type": "Person",
      "name": "Erwan Corre"
    },
    {
      "@id": "#03b9d2d9-e97a-4cd0-9122-3f47f6a6ba50",
      "@type": "Person",
      "name": "Stéphanie Robin"
    },
    {
      "@id": "#76e67d0e-9c3e-4e7a-b37f-301bdcde8441",
      "@type": "Person",
      "name": "Anthony Bretaudeau"
    },
    {
      "@id": "#93e30241-333a-449c-bf4f-1d4aa25ef219",
      "@type": "Person",
      "name": "Alexandre Cormier"
    },
    {
      "@id": "#86663195-49da-4c16-b57d-2f4902092907",
      "@type": "Person",
      "name": "Laura Leroi"
    }
  ]
}