{
  "@context": "https://w3id.org/ro/crate/1.1/context",
  "@graph": [
    {
      "@id": "ro-crate-metadata.json",
      "@type": "CreativeWork",
      "about": {
        "@id": "./"
      },
      "conformsTo": [
        {
          "@id": "https://w3id.org/ro/crate/1.1"
        },
        {
          "@id": "https://about.workflowhub.eu/Workflow-RO-Crate/"
        }
      ]
    },
    {
      "@id": "./",
      "@type": "Dataset",
      "datePublished": "2024-05-15T00:34:10.431+00:00",
      "mainEntity": {
        "@id": "main_workflow.ga"
      }
    },
    {
      "@id": "main_workflow.ga",
      "@type": [
        "File",
        "SoftwareSourceCode",
        "ComputationalWorkflow"
      ],
      "author": [
        {
          "@id": "#6e78c03a-759f-4912-8b14-d4bf3641ed1b"
        },
        {
          "@id": "#463e4541-17ba-47e5-a4aa-9048bcda651c"
        },
        {
          "@id": "#67bde6d2-e28c-4fbf-9139-a6bfcd607721"
        },
        {
          "@id": "#413457d6-baae-4599-a5ee-0b760dcd290c"
        },
        {
          "@id": "#190f6c10-cd55-440a-9d39-5ae3467bb5e6"
        }
      ],
      "license": {
        "@id": "https://spdx.org/licenses/GPL-3.0-or-later"
      },
      "name": "Genome Assembly Quality Control",
      "version": 1,
      "programmingLanguage": {
        "@id": "https://w3id.org/workflowhub/workflow-ro-crate#galaxy"
      }
    },
    {
      "@id": "https://spdx.org/licenses/GPL-3.0-or-later",
      "@type": "CreativeWork",
      "name": "GPL-3.0-or-later"
    },
    {
      "@id": "https://w3id.org/workflowhub/workflow-ro-crate#galaxy",
      "@type": "ComputerLanguage",
      "identifier": {
        "@id": "https://galaxyproject.org/"
      },
      "name": "Galaxy",
      "url": {
        "@id": "https://galaxyproject.org/"
      },
      "version": "23.1"
    },
    {
      "@id": "#6e78c03a-759f-4912-8b14-d4bf3641ed1b",
      "@type": "Person",
      "name": "Erwan Corre"
    },
    {
      "@id": "#463e4541-17ba-47e5-a4aa-9048bcda651c",
      "@type": "Person",
      "name": "Stéphanie Robin"
    },
    {
      "@id": "#67bde6d2-e28c-4fbf-9139-a6bfcd607721",
      "@type": "Person",
      "name": "Anthony Bretaudeau"
    },
    {
      "@id": "#413457d6-baae-4599-a5ee-0b760dcd290c",
      "@type": "Person",
      "name": "Alexandre Cormier"
    },
    {
      "@id": "#190f6c10-cd55-440a-9d39-5ae3467bb5e6",
      "@type": "Person",
      "name": "Laura Leroi"
    }
  ]
}