{
  "@context": "https://w3id.org/ro/crate/1.1/context",
  "@graph": [
    {
      "@id": "ro-crate-metadata.json",
      "@type": "CreativeWork",
      "about": {
        "@id": "./"
      },
      "conformsTo": [
        {
          "@id": "https://w3id.org/ro/crate/1.1"
        },
        {
          "@id": "https://about.workflowhub.eu/Workflow-RO-Crate/"
        }
      ]
    },
    {
      "@id": "./",
      "@type": "Dataset",
      "datePublished": "2024-03-27T00:31:30.771+00:00",
      "mainEntity": {
        "@id": "main_workflow.ga"
      }
    },
    {
      "@id": "main_workflow.ga",
      "@type": [
        "File",
        "SoftwareSourceCode",
        "ComputationalWorkflow"
      ],
      "author": [
        {
          "@id": "#65ed4d66-dcf1-49c1-b622-c52bf7c9b3e0"
        },
        {
          "@id": "#89323fe6-26a2-4f03-82b7-1ade7b1975c6"
        },
        {
          "@id": "#e3354e4f-cb79-40c4-8c4b-b3aedbd7f7d2"
        },
        {
          "@id": "#e5fef928-d65a-4f43-ac3f-443f712c6cc1"
        },
        {
          "@id": "#0683816d-fd57-400c-bcd5-23a0f4f11324"
        }
      ],
      "license": {
        "@id": "https://spdx.org/licenses/GPL-3.0-or-later"
      },
      "name": "Genome Assembly Quality Control",
      "version": 1,
      "programmingLanguage": {
        "@id": "https://w3id.org/workflowhub/workflow-ro-crate#galaxy"
      }
    },
    {
      "@id": "https://spdx.org/licenses/GPL-3.0-or-later",
      "@type": "CreativeWork",
      "name": "GPL-3.0-or-later"
    },
    {
      "@id": "https://w3id.org/workflowhub/workflow-ro-crate#galaxy",
      "@type": "ComputerLanguage",
      "identifier": {
        "@id": "https://galaxyproject.org/"
      },
      "name": "Galaxy",
      "url": {
        "@id": "https://galaxyproject.org/"
      },
      "version": "23.1"
    },
    {
      "@id": "#65ed4d66-dcf1-49c1-b622-c52bf7c9b3e0",
      "@type": "Person",
      "name": "Erwan Corre"
    },
    {
      "@id": "#89323fe6-26a2-4f03-82b7-1ade7b1975c6",
      "@type": "Person",
      "name": "Stéphanie Robin"
    },
    {
      "@id": "#e3354e4f-cb79-40c4-8c4b-b3aedbd7f7d2",
      "@type": "Person",
      "name": "Anthony Bretaudeau"
    },
    {
      "@id": "#e5fef928-d65a-4f43-ac3f-443f712c6cc1",
      "@type": "Person",
      "name": "Alexandre Cormier"
    },
    {
      "@id": "#0683816d-fd57-400c-bcd5-23a0f4f11324",
      "@type": "Person",
      "name": "Laura Leroi"
    }
  ]
}