{
  "@context": "https://w3id.org/ro/crate/1.1/context",
  "@graph": [
    {
      "@id": "ro-crate-metadata.json",
      "@type": "CreativeWork",
      "about": {
        "@id": "./"
      },
      "conformsTo": [
        {
          "@id": "https://w3id.org/ro/crate/1.1"
        },
        {
          "@id": "https://about.workflowhub.eu/Workflow-RO-Crate/"
        }
      ]
    },
    {
      "@id": "./",
      "@type": "Dataset",
      "datePublished": "2024-02-16T00:30:55.473+00:00",
      "mainEntity": {
        "@id": "main_workflow.ga"
      }
    },
    {
      "@id": "main_workflow.ga",
      "@type": [
        "File",
        "SoftwareSourceCode",
        "ComputationalWorkflow"
      ],
      "author": [
        {
          "@id": "#2a2be1be-4bda-4570-b124-7583e8ee7dd2"
        },
        {
          "@id": "#1e37b6f1-0d8f-4426-b0e0-2b0c566e71a9"
        },
        {
          "@id": "#960ea2aa-6485-410f-b1b1-60befbf43ae1"
        },
        {
          "@id": "#5af4bd3c-4a5d-4743-bd75-3276c37a68e5"
        },
        {
          "@id": "#e883b381-560a-40a9-b4ea-de9acaf3480c"
        }
      ],
      "license": {
        "@id": "https://spdx.org/licenses/GPL-3.0-or-later"
      },
      "name": "Genome Assembly Quality Control",
      "version": 1,
      "programmingLanguage": {
        "@id": "https://w3id.org/workflowhub/workflow-ro-crate#galaxy"
      }
    },
    {
      "@id": "https://spdx.org/licenses/GPL-3.0-or-later",
      "@type": "CreativeWork",
      "name": "GPL-3.0-or-later"
    },
    {
      "@id": "https://w3id.org/workflowhub/workflow-ro-crate#galaxy",
      "@type": "ComputerLanguage",
      "identifier": {
        "@id": "https://galaxyproject.org/"
      },
      "name": "Galaxy",
      "url": {
        "@id": "https://galaxyproject.org/"
      },
      "version": "23.1"
    },
    {
      "@id": "#2a2be1be-4bda-4570-b124-7583e8ee7dd2",
      "@type": "Person",
      "name": "Erwan Corre"
    },
    {
      "@id": "#1e37b6f1-0d8f-4426-b0e0-2b0c566e71a9",
      "@type": "Person",
      "name": "Stéphanie Robin"
    },
    {
      "@id": "#960ea2aa-6485-410f-b1b1-60befbf43ae1",
      "@type": "Person",
      "name": "Anthony Bretaudeau"
    },
    {
      "@id": "#5af4bd3c-4a5d-4743-bd75-3276c37a68e5",
      "@type": "Person",
      "name": "Alexandre Cormier"
    },
    {
      "@id": "#e883b381-560a-40a9-b4ea-de9acaf3480c",
      "@type": "Person",
      "name": "Laura Leroi"
    }
  ]
}