{
  "@context": "https://w3id.org/ro/crate/1.1/context",
  "@graph": [
    {
      "@id": "ro-crate-metadata.json",
      "@type": "CreativeWork",
      "about": {
        "@id": "./"
      },
      "conformsTo": [
        {
          "@id": "https://w3id.org/ro/crate/1.1"
        },
        {
          "@id": "https://about.workflowhub.eu/Workflow-RO-Crate/"
        }
      ]
    },
    {
      "@id": "./",
      "@type": "Dataset",
      "datePublished": "2024-02-27T00:31:05.678+00:00",
      "mainEntity": {
        "@id": "main_workflow.ga"
      }
    },
    {
      "@id": "main_workflow.ga",
      "@type": [
        "File",
        "SoftwareSourceCode",
        "ComputationalWorkflow"
      ],
      "author": [
        {
          "@id": "#147400bc-b895-4c1f-9cb7-5cf9e38886dc"
        },
        {
          "@id": "#2ac4e0fa-2fd6-408e-9eda-774bc1b40628"
        },
        {
          "@id": "#b31dc891-507a-476e-a7e3-86042c147482"
        },
        {
          "@id": "#cdf3fe17-172f-48a8-9c62-d7bb16d623d4"
        },
        {
          "@id": "#6cfd240c-9455-48d9-9436-736a74004eb4"
        }
      ],
      "license": {
        "@id": "https://spdx.org/licenses/GPL-3.0-or-later"
      },
      "name": "Genome Assembly Quality Control",
      "version": 1,
      "programmingLanguage": {
        "@id": "https://w3id.org/workflowhub/workflow-ro-crate#galaxy"
      }
    },
    {
      "@id": "https://spdx.org/licenses/GPL-3.0-or-later",
      "@type": "CreativeWork",
      "name": "GPL-3.0-or-later"
    },
    {
      "@id": "https://w3id.org/workflowhub/workflow-ro-crate#galaxy",
      "@type": "ComputerLanguage",
      "identifier": {
        "@id": "https://galaxyproject.org/"
      },
      "name": "Galaxy",
      "url": {
        "@id": "https://galaxyproject.org/"
      },
      "version": "23.1"
    },
    {
      "@id": "#147400bc-b895-4c1f-9cb7-5cf9e38886dc",
      "@type": "Person",
      "name": "Erwan Corre"
    },
    {
      "@id": "#2ac4e0fa-2fd6-408e-9eda-774bc1b40628",
      "@type": "Person",
      "name": "Stéphanie Robin"
    },
    {
      "@id": "#b31dc891-507a-476e-a7e3-86042c147482",
      "@type": "Person",
      "name": "Anthony Bretaudeau"
    },
    {
      "@id": "#cdf3fe17-172f-48a8-9c62-d7bb16d623d4",
      "@type": "Person",
      "name": "Alexandre Cormier"
    },
    {
      "@id": "#6cfd240c-9455-48d9-9436-736a74004eb4",
      "@type": "Person",
      "name": "Laura Leroi"
    }
  ]
}