{
  "@context": "https://w3id.org/ro/crate/1.1/context",
  "@graph": [
    {
      "@id": "ro-crate-metadata.json",
      "@type": "CreativeWork",
      "about": {
        "@id": "./"
      },
      "conformsTo": [
        {
          "@id": "https://w3id.org/ro/crate/1.1"
        },
        {
          "@id": "https://about.workflowhub.eu/Workflow-RO-Crate/"
        }
      ]
    },
    {
      "@id": "./",
      "@type": "Dataset",
      "datePublished": "2024-01-22T00:35:26.268+00:00",
      "mainEntity": {
        "@id": "main_workflow.ga"
      }
    },
    {
      "@id": "main_workflow.ga",
      "@type": [
        "File",
        "SoftwareSourceCode",
        "ComputationalWorkflow"
      ],
      "author": [
        {
          "@id": "#40d95f36-8827-421f-b9f4-db0331f712ac"
        },
        {
          "@id": "#e34a7ecd-0d5d-4b48-91c4-89449dc1ceb2"
        },
        {
          "@id": "#bd89a396-75a7-40f6-acd0-1db967925235"
        },
        {
          "@id": "#d71db45b-daff-4a64-a1d4-18627482500e"
        },
        {
          "@id": "#fa45be54-4279-41e8-ad20-3c9062227065"
        }
      ],
      "license": {
        "@id": "https://spdx.org/licenses/GPL-3.0-or-later"
      },
      "name": "Genome Assembly Quality Control",
      "version": 1,
      "programmingLanguage": {
        "@id": "https://w3id.org/workflowhub/workflow-ro-crate#galaxy"
      }
    },
    {
      "@id": "https://spdx.org/licenses/GPL-3.0-or-later",
      "@type": "CreativeWork",
      "name": "GPL-3.0-or-later"
    },
    {
      "@id": "https://w3id.org/workflowhub/workflow-ro-crate#galaxy",
      "@type": "ComputerLanguage",
      "identifier": {
        "@id": "https://galaxyproject.org/"
      },
      "name": "Galaxy",
      "url": {
        "@id": "https://galaxyproject.org/"
      },
      "version": "23.1"
    },
    {
      "@id": "#40d95f36-8827-421f-b9f4-db0331f712ac",
      "@type": "Person",
      "name": "Erwan Corre"
    },
    {
      "@id": "#e34a7ecd-0d5d-4b48-91c4-89449dc1ceb2",
      "@type": "Person",
      "name": "Stéphanie Robin"
    },
    {
      "@id": "#bd89a396-75a7-40f6-acd0-1db967925235",
      "@type": "Person",
      "name": "Anthony Bretaudeau"
    },
    {
      "@id": "#d71db45b-daff-4a64-a1d4-18627482500e",
      "@type": "Person",
      "name": "Alexandre Cormier"
    },
    {
      "@id": "#fa45be54-4279-41e8-ad20-3c9062227065",
      "@type": "Person",
      "name": "Laura Leroi"
    }
  ]
}