{
  "@context": "https://w3id.org/ro/crate/1.1/context",
  "@graph": [
    {
      "@id": "ro-crate-metadata.json",
      "@type": "CreativeWork",
      "about": {
        "@id": "./"
      },
      "conformsTo": [
        {
          "@id": "https://w3id.org/ro/crate/1.1"
        },
        {
          "@id": "https://about.workflowhub.eu/Workflow-RO-Crate/"
        }
      ]
    },
    {
      "@id": "./",
      "@type": "Dataset",
      "datePublished": "2024-03-19T00:31:39.422+00:00",
      "mainEntity": {
        "@id": "main_workflow.ga"
      }
    },
    {
      "@id": "main_workflow.ga",
      "@type": [
        "File",
        "SoftwareSourceCode",
        "ComputationalWorkflow"
      ],
      "author": [
        {
          "@id": "#d5aca05d-5cee-4d06-aef8-2b85651da990"
        },
        {
          "@id": "#4bae46c8-1e44-4a06-804c-59165d4f4d86"
        },
        {
          "@id": "#90e6742f-f183-40c9-9806-5f411f309e33"
        },
        {
          "@id": "#dda90ffe-33cc-4680-ab31-f701ba218713"
        },
        {
          "@id": "#789c4122-6e9a-4623-a8ab-c34b96bde4ac"
        }
      ],
      "license": {
        "@id": "https://spdx.org/licenses/GPL-3.0-or-later"
      },
      "name": "Genome Assembly Quality Control",
      "version": 1,
      "programmingLanguage": {
        "@id": "https://w3id.org/workflowhub/workflow-ro-crate#galaxy"
      }
    },
    {
      "@id": "https://spdx.org/licenses/GPL-3.0-or-later",
      "@type": "CreativeWork",
      "name": "GPL-3.0-or-later"
    },
    {
      "@id": "https://w3id.org/workflowhub/workflow-ro-crate#galaxy",
      "@type": "ComputerLanguage",
      "identifier": {
        "@id": "https://galaxyproject.org/"
      },
      "name": "Galaxy",
      "url": {
        "@id": "https://galaxyproject.org/"
      },
      "version": "23.1"
    },
    {
      "@id": "#d5aca05d-5cee-4d06-aef8-2b85651da990",
      "@type": "Person",
      "name": "Erwan Corre"
    },
    {
      "@id": "#4bae46c8-1e44-4a06-804c-59165d4f4d86",
      "@type": "Person",
      "name": "Stéphanie Robin"
    },
    {
      "@id": "#90e6742f-f183-40c9-9806-5f411f309e33",
      "@type": "Person",
      "name": "Anthony Bretaudeau"
    },
    {
      "@id": "#dda90ffe-33cc-4680-ab31-f701ba218713",
      "@type": "Person",
      "name": "Alexandre Cormier"
    },
    {
      "@id": "#789c4122-6e9a-4623-a8ab-c34b96bde4ac",
      "@type": "Person",
      "name": "Laura Leroi"
    }
  ]
}