{
  "@context": "https://w3id.org/ro/crate/1.1/context",
  "@graph": [
    {
      "@id": "ro-crate-metadata.json",
      "@type": "CreativeWork",
      "about": {
        "@id": "./"
      },
      "conformsTo": [
        {
          "@id": "https://w3id.org/ro/crate/1.1"
        },
        {
          "@id": "https://about.workflowhub.eu/Workflow-RO-Crate/"
        }
      ]
    },
    {
      "@id": "./",
      "@type": "Dataset",
      "datePublished": "2024-05-06T00:34:33.225+00:00",
      "mainEntity": {
        "@id": "main_workflow.ga"
      }
    },
    {
      "@id": "main_workflow.ga",
      "@type": [
        "File",
        "SoftwareSourceCode",
        "ComputationalWorkflow"
      ],
      "author": [
        {
          "@id": "#ad0ba85d-934a-429b-a3cd-4807ac390d50"
        },
        {
          "@id": "#bd91a650-32c2-490c-ae93-8b59f0372815"
        },
        {
          "@id": "#1d26360d-172a-4574-9321-8ca9fefabd8e"
        },
        {
          "@id": "#c8814aca-6c4d-43b1-aa7f-b05c47649cf8"
        },
        {
          "@id": "#70990829-43a5-4f33-9035-7ce5dc80c27a"
        }
      ],
      "license": {
        "@id": "https://spdx.org/licenses/GPL-3.0-or-later"
      },
      "name": "Genome Assembly Quality Control",
      "version": 1,
      "programmingLanguage": {
        "@id": "https://w3id.org/workflowhub/workflow-ro-crate#galaxy"
      }
    },
    {
      "@id": "https://spdx.org/licenses/GPL-3.0-or-later",
      "@type": "CreativeWork",
      "name": "GPL-3.0-or-later"
    },
    {
      "@id": "https://w3id.org/workflowhub/workflow-ro-crate#galaxy",
      "@type": "ComputerLanguage",
      "identifier": {
        "@id": "https://galaxyproject.org/"
      },
      "name": "Galaxy",
      "url": {
        "@id": "https://galaxyproject.org/"
      },
      "version": "23.1"
    },
    {
      "@id": "#ad0ba85d-934a-429b-a3cd-4807ac390d50",
      "@type": "Person",
      "name": "Erwan Corre"
    },
    {
      "@id": "#bd91a650-32c2-490c-ae93-8b59f0372815",
      "@type": "Person",
      "name": "Stéphanie Robin"
    },
    {
      "@id": "#1d26360d-172a-4574-9321-8ca9fefabd8e",
      "@type": "Person",
      "name": "Anthony Bretaudeau"
    },
    {
      "@id": "#c8814aca-6c4d-43b1-aa7f-b05c47649cf8",
      "@type": "Person",
      "name": "Alexandre Cormier"
    },
    {
      "@id": "#70990829-43a5-4f33-9035-7ce5dc80c27a",
      "@type": "Person",
      "name": "Laura Leroi"
    }
  ]
}