{
  "@context": "https://w3id.org/ro/crate/1.1/context",
  "@graph": [
    {
      "@id": "ro-crate-metadata.json",
      "@type": "CreativeWork",
      "about": {
        "@id": "./"
      },
      "conformsTo": [
        {
          "@id": "https://w3id.org/ro/crate/1.1"
        },
        {
          "@id": "https://about.workflowhub.eu/Workflow-RO-Crate/"
        }
      ]
    },
    {
      "@id": "./",
      "@type": "Dataset",
      "datePublished": "2024-01-17T00:33:55.169+00:00",
      "mainEntity": {
        "@id": "main_workflow.ga"
      }
    },
    {
      "@id": "main_workflow.ga",
      "@type": [
        "File",
        "SoftwareSourceCode",
        "ComputationalWorkflow"
      ],
      "author": [
        {
          "@id": "#751baa84-d7c9-43c5-85cd-483e8419fd2b"
        },
        {
          "@id": "#bc382ca8-ff30-4c21-b618-18bccee72285"
        },
        {
          "@id": "#3efb821d-d969-41e6-a7df-e2c642eab99f"
        },
        {
          "@id": "#fa98d1b8-f14b-4893-a3c0-3afb939cafe7"
        },
        {
          "@id": "#19e5de54-b291-4a68-b1cf-68387c13d5eb"
        }
      ],
      "license": {
        "@id": "https://spdx.org/licenses/GPL-3.0-or-later"
      },
      "name": "Genome Assembly Quality Control",
      "version": 1,
      "programmingLanguage": {
        "@id": "https://w3id.org/workflowhub/workflow-ro-crate#galaxy"
      }
    },
    {
      "@id": "https://spdx.org/licenses/GPL-3.0-or-later",
      "@type": "CreativeWork",
      "name": "GPL-3.0-or-later"
    },
    {
      "@id": "https://w3id.org/workflowhub/workflow-ro-crate#galaxy",
      "@type": "ComputerLanguage",
      "identifier": {
        "@id": "https://galaxyproject.org/"
      },
      "name": "Galaxy",
      "url": {
        "@id": "https://galaxyproject.org/"
      },
      "version": "23.1"
    },
    {
      "@id": "#751baa84-d7c9-43c5-85cd-483e8419fd2b",
      "@type": "Person",
      "name": "Erwan Corre"
    },
    {
      "@id": "#bc382ca8-ff30-4c21-b618-18bccee72285",
      "@type": "Person",
      "name": "Stéphanie Robin"
    },
    {
      "@id": "#3efb821d-d969-41e6-a7df-e2c642eab99f",
      "@type": "Person",
      "name": "Anthony Bretaudeau"
    },
    {
      "@id": "#fa98d1b8-f14b-4893-a3c0-3afb939cafe7",
      "@type": "Person",
      "name": "Alexandre Cormier"
    },
    {
      "@id": "#19e5de54-b291-4a68-b1cf-68387c13d5eb",
      "@type": "Person",
      "name": "Laura Leroi"
    }
  ]
}