{
  "@context": "https://w3id.org/ro/crate/1.1/context",
  "@graph": [
    {
      "@id": "ro-crate-metadata.json",
      "@type": "CreativeWork",
      "about": {
        "@id": "./"
      },
      "conformsTo": [
        {
          "@id": "https://w3id.org/ro/crate/1.1"
        },
        {
          "@id": "https://about.workflowhub.eu/Workflow-RO-Crate/"
        }
      ]
    },
    {
      "@id": "./",
      "@type": "Dataset",
      "datePublished": "2023-12-26T00:32:35.286+00:00",
      "mainEntity": {
        "@id": "main_workflow.ga"
      }
    },
    {
      "@id": "main_workflow.ga",
      "@type": [
        "File",
        "SoftwareSourceCode",
        "ComputationalWorkflow"
      ],
      "author": [
        {
          "@id": "#9cb5fc2e-f0af-433e-9d3a-e92c309a3074"
        },
        {
          "@id": "#f27fd769-81d5-4758-9552-ee56eed24a38"
        },
        {
          "@id": "#fc5cee5b-b0f9-4e4b-9f30-7e5378fc3452"
        },
        {
          "@id": "#ebc7bb03-c7c5-4b8f-8f2a-4ef24bcaeb80"
        },
        {
          "@id": "#e88e9738-ea96-405e-9db6-ad3266a6ded6"
        }
      ],
      "license": {
        "@id": "https://spdx.org/licenses/GPL-3.0-or-later"
      },
      "name": "Genome Assembly Quality Control",
      "version": 1,
      "programmingLanguage": {
        "@id": "https://w3id.org/workflowhub/workflow-ro-crate#galaxy"
      }
    },
    {
      "@id": "https://spdx.org/licenses/GPL-3.0-or-later",
      "@type": "CreativeWork",
      "name": "GPL-3.0-or-later"
    },
    {
      "@id": "https://w3id.org/workflowhub/workflow-ro-crate#galaxy",
      "@type": "ComputerLanguage",
      "identifier": {
        "@id": "https://galaxyproject.org/"
      },
      "name": "Galaxy",
      "url": {
        "@id": "https://galaxyproject.org/"
      },
      "version": "23.1"
    },
    {
      "@id": "#9cb5fc2e-f0af-433e-9d3a-e92c309a3074",
      "@type": "Person",
      "name": "Erwan Corre"
    },
    {
      "@id": "#f27fd769-81d5-4758-9552-ee56eed24a38",
      "@type": "Person",
      "name": "Stéphanie Robin"
    },
    {
      "@id": "#fc5cee5b-b0f9-4e4b-9f30-7e5378fc3452",
      "@type": "Person",
      "name": "Anthony Bretaudeau"
    },
    {
      "@id": "#ebc7bb03-c7c5-4b8f-8f2a-4ef24bcaeb80",
      "@type": "Person",
      "name": "Alexandre Cormier"
    },
    {
      "@id": "#e88e9738-ea96-405e-9db6-ad3266a6ded6",
      "@type": "Person",
      "name": "Laura Leroi"
    }
  ]
}