{
  "@context": "https://w3id.org/ro/crate/1.1/context",
  "@graph": [
    {
      "@id": "ro-crate-metadata.json",
      "@type": "CreativeWork",
      "about": {
        "@id": "./"
      },
      "conformsTo": [
        {
          "@id": "https://w3id.org/ro/crate/1.1"
        },
        {
          "@id": "https://about.workflowhub.eu/Workflow-RO-Crate/"
        }
      ]
    },
    {
      "@id": "./",
      "@type": "Dataset",
      "datePublished": "2024-03-09T00:32:42.648+00:00",
      "mainEntity": {
        "@id": "main_workflow.ga"
      }
    },
    {
      "@id": "main_workflow.ga",
      "@type": [
        "File",
        "SoftwareSourceCode",
        "ComputationalWorkflow"
      ],
      "author": [
        {
          "@id": "#2117bdaf-0e6e-4e6b-adbe-a3e655407d56"
        },
        {
          "@id": "#e7913854-1baa-4e99-a669-7dc332b448d1"
        },
        {
          "@id": "#4cd25da8-8c15-473b-8a66-c133e9b66e78"
        },
        {
          "@id": "#45c056a6-f738-4463-acaf-83cbd147a55c"
        },
        {
          "@id": "#3e0f9651-3065-4cde-acb6-bf0e20f10779"
        }
      ],
      "license": {
        "@id": "https://spdx.org/licenses/GPL-3.0-or-later"
      },
      "name": "Genome Assembly Quality Control",
      "version": 1,
      "programmingLanguage": {
        "@id": "https://w3id.org/workflowhub/workflow-ro-crate#galaxy"
      }
    },
    {
      "@id": "https://spdx.org/licenses/GPL-3.0-or-later",
      "@type": "CreativeWork",
      "name": "GPL-3.0-or-later"
    },
    {
      "@id": "https://w3id.org/workflowhub/workflow-ro-crate#galaxy",
      "@type": "ComputerLanguage",
      "identifier": {
        "@id": "https://galaxyproject.org/"
      },
      "name": "Galaxy",
      "url": {
        "@id": "https://galaxyproject.org/"
      },
      "version": "23.1"
    },
    {
      "@id": "#2117bdaf-0e6e-4e6b-adbe-a3e655407d56",
      "@type": "Person",
      "name": "Erwan Corre"
    },
    {
      "@id": "#e7913854-1baa-4e99-a669-7dc332b448d1",
      "@type": "Person",
      "name": "Stéphanie Robin"
    },
    {
      "@id": "#4cd25da8-8c15-473b-8a66-c133e9b66e78",
      "@type": "Person",
      "name": "Anthony Bretaudeau"
    },
    {
      "@id": "#45c056a6-f738-4463-acaf-83cbd147a55c",
      "@type": "Person",
      "name": "Alexandre Cormier"
    },
    {
      "@id": "#3e0f9651-3065-4cde-acb6-bf0e20f10779",
      "@type": "Person",
      "name": "Laura Leroi"
    }
  ]
}