{
  "@context": "https://w3id.org/ro/crate/1.1/context",
  "@graph": [
    {
      "@id": "ro-crate-metadata.json",
      "@type": "CreativeWork",
      "about": {
        "@id": "./"
      },
      "conformsTo": [
        {
          "@id": "https://w3id.org/ro/crate/1.1"
        },
        {
          "@id": "https://about.workflowhub.eu/Workflow-RO-Crate/"
        }
      ]
    },
    {
      "@id": "./",
      "@type": "Dataset",
      "datePublished": "2024-05-01T00:36:09.323+00:00",
      "mainEntity": {
        "@id": "main_workflow.ga"
      }
    },
    {
      "@id": "main_workflow.ga",
      "@type": [
        "File",
        "SoftwareSourceCode",
        "ComputationalWorkflow"
      ],
      "author": [
        {
          "@id": "#08f46d1e-36d1-4807-b639-80e95886443c"
        },
        {
          "@id": "#7d6730fb-21fc-452c-b44b-ae1d8976f7f7"
        },
        {
          "@id": "#85af3b0f-1e49-459b-9d12-05424f118fb6"
        },
        {
          "@id": "#2b79a0aa-5572-415f-b747-ee1c0b27c541"
        },
        {
          "@id": "#8735c6b5-133d-43ad-b03e-d31f0aff3461"
        }
      ],
      "license": {
        "@id": "https://spdx.org/licenses/GPL-3.0-or-later"
      },
      "name": "Genome Assembly Quality Control",
      "version": 1,
      "programmingLanguage": {
        "@id": "https://w3id.org/workflowhub/workflow-ro-crate#galaxy"
      }
    },
    {
      "@id": "https://spdx.org/licenses/GPL-3.0-or-later",
      "@type": "CreativeWork",
      "name": "GPL-3.0-or-later"
    },
    {
      "@id": "https://w3id.org/workflowhub/workflow-ro-crate#galaxy",
      "@type": "ComputerLanguage",
      "identifier": {
        "@id": "https://galaxyproject.org/"
      },
      "name": "Galaxy",
      "url": {
        "@id": "https://galaxyproject.org/"
      },
      "version": "23.1"
    },
    {
      "@id": "#08f46d1e-36d1-4807-b639-80e95886443c",
      "@type": "Person",
      "name": "Erwan Corre"
    },
    {
      "@id": "#7d6730fb-21fc-452c-b44b-ae1d8976f7f7",
      "@type": "Person",
      "name": "Stéphanie Robin"
    },
    {
      "@id": "#85af3b0f-1e49-459b-9d12-05424f118fb6",
      "@type": "Person",
      "name": "Anthony Bretaudeau"
    },
    {
      "@id": "#2b79a0aa-5572-415f-b747-ee1c0b27c541",
      "@type": "Person",
      "name": "Alexandre Cormier"
    },
    {
      "@id": "#8735c6b5-133d-43ad-b03e-d31f0aff3461",
      "@type": "Person",
      "name": "Laura Leroi"
    }
  ]
}