{
  "@context": "https://w3id.org/ro/crate/1.1/context",
  "@graph": [
    {
      "@id": "ro-crate-metadata.json",
      "@type": "CreativeWork",
      "about": {
        "@id": "./"
      },
      "conformsTo": [
        {
          "@id": "https://w3id.org/ro/crate/1.1"
        },
        {
          "@id": "https://about.workflowhub.eu/Workflow-RO-Crate/"
        }
      ]
    },
    {
      "@id": "./",
      "@type": "Dataset",
      "datePublished": "2024-04-02T00:32:38.339+00:00",
      "mainEntity": {
        "@id": "main_workflow.ga"
      }
    },
    {
      "@id": "main_workflow.ga",
      "@type": [
        "File",
        "SoftwareSourceCode",
        "ComputationalWorkflow"
      ],
      "author": [
        {
          "@id": "#c51b8458-4c26-4c8b-b144-b38e9f2e394b"
        },
        {
          "@id": "#487fb6cd-5602-4351-ba9b-4b45a3dbb20a"
        },
        {
          "@id": "#d385ae2a-be96-4086-b06f-8ec8b3d34a73"
        },
        {
          "@id": "#d04037a3-ee71-4f64-b859-24d6d514c833"
        },
        {
          "@id": "#b09ef669-d9fa-44e7-bf13-dead39d82b43"
        }
      ],
      "license": {
        "@id": "https://spdx.org/licenses/GPL-3.0-or-later"
      },
      "name": "Genome Assembly Quality Control",
      "version": 1,
      "programmingLanguage": {
        "@id": "https://w3id.org/workflowhub/workflow-ro-crate#galaxy"
      }
    },
    {
      "@id": "https://spdx.org/licenses/GPL-3.0-or-later",
      "@type": "CreativeWork",
      "name": "GPL-3.0-or-later"
    },
    {
      "@id": "https://w3id.org/workflowhub/workflow-ro-crate#galaxy",
      "@type": "ComputerLanguage",
      "identifier": {
        "@id": "https://galaxyproject.org/"
      },
      "name": "Galaxy",
      "url": {
        "@id": "https://galaxyproject.org/"
      },
      "version": "23.1"
    },
    {
      "@id": "#c51b8458-4c26-4c8b-b144-b38e9f2e394b",
      "@type": "Person",
      "name": "Erwan Corre"
    },
    {
      "@id": "#487fb6cd-5602-4351-ba9b-4b45a3dbb20a",
      "@type": "Person",
      "name": "Stéphanie Robin"
    },
    {
      "@id": "#d385ae2a-be96-4086-b06f-8ec8b3d34a73",
      "@type": "Person",
      "name": "Anthony Bretaudeau"
    },
    {
      "@id": "#d04037a3-ee71-4f64-b859-24d6d514c833",
      "@type": "Person",
      "name": "Alexandre Cormier"
    },
    {
      "@id": "#b09ef669-d9fa-44e7-bf13-dead39d82b43",
      "@type": "Person",
      "name": "Laura Leroi"
    }
  ]
}