{
  "@context": "https://w3id.org/ro/crate/1.1/context",
  "@graph": [
    {
      "@id": "ro-crate-metadata.json",
      "@type": "CreativeWork",
      "about": {
        "@id": "./"
      },
      "conformsTo": [
        {
          "@id": "https://w3id.org/ro/crate/1.1"
        },
        {
          "@id": "https://about.workflowhub.eu/Workflow-RO-Crate/"
        }
      ]
    },
    {
      "@id": "./",
      "@type": "Dataset",
      "datePublished": "2024-05-21T00:34:43.942+00:00",
      "mainEntity": {
        "@id": "main_workflow.ga"
      }
    },
    {
      "@id": "main_workflow.ga",
      "@type": [
        "File",
        "SoftwareSourceCode",
        "ComputationalWorkflow"
      ],
      "author": [
        {
          "@id": "#2ed8da69-0f5d-4486-92dd-943a64316555"
        },
        {
          "@id": "#a7d4fcbc-b15f-460a-9fe2-8ea9b2cbe1b3"
        },
        {
          "@id": "#9d29483d-aee2-451e-afda-4cc5902c40c9"
        },
        {
          "@id": "#cdc367c1-2328-46fa-bfed-9287b7f640f9"
        },
        {
          "@id": "#e87bc241-02cc-40a1-a18f-e80a0d1a75c3"
        }
      ],
      "license": {
        "@id": "https://spdx.org/licenses/GPL-3.0-or-later"
      },
      "name": "Genome Assembly Quality Control",
      "version": 1,
      "programmingLanguage": {
        "@id": "https://w3id.org/workflowhub/workflow-ro-crate#galaxy"
      }
    },
    {
      "@id": "https://spdx.org/licenses/GPL-3.0-or-later",
      "@type": "CreativeWork",
      "name": "GPL-3.0-or-later"
    },
    {
      "@id": "https://w3id.org/workflowhub/workflow-ro-crate#galaxy",
      "@type": "ComputerLanguage",
      "identifier": {
        "@id": "https://galaxyproject.org/"
      },
      "name": "Galaxy",
      "url": {
        "@id": "https://galaxyproject.org/"
      },
      "version": "23.1"
    },
    {
      "@id": "#2ed8da69-0f5d-4486-92dd-943a64316555",
      "@type": "Person",
      "name": "Erwan Corre"
    },
    {
      "@id": "#a7d4fcbc-b15f-460a-9fe2-8ea9b2cbe1b3",
      "@type": "Person",
      "name": "Stéphanie Robin"
    },
    {
      "@id": "#9d29483d-aee2-451e-afda-4cc5902c40c9",
      "@type": "Person",
      "name": "Anthony Bretaudeau"
    },
    {
      "@id": "#cdc367c1-2328-46fa-bfed-9287b7f640f9",
      "@type": "Person",
      "name": "Alexandre Cormier"
    },
    {
      "@id": "#e87bc241-02cc-40a1-a18f-e80a0d1a75c3",
      "@type": "Person",
      "name": "Laura Leroi"
    }
  ]
}