{
  "@context": "https://w3id.org/ro/crate/1.1/context",
  "@graph": [
    {
      "@id": "ro-crate-metadata.json",
      "@type": "CreativeWork",
      "about": {
        "@id": "./"
      },
      "conformsTo": [
        {
          "@id": "https://w3id.org/ro/crate/1.1"
        },
        {
          "@id": "https://about.workflowhub.eu/Workflow-RO-Crate/"
        }
      ]
    },
    {
      "@id": "./",
      "@type": "Dataset",
      "datePublished": "2024-02-01T00:32:56.990+00:00",
      "mainEntity": {
        "@id": "scanpy-parameter-iterator-workflow-full.ga"
      }
    },
    {
      "@id": "scanpy-parameter-iterator-workflow-full.ga",
      "@type": [
        "File",
        "SoftwareSourceCode",
        "ComputationalWorkflow"
      ],
      "author": [
        {
          "@id": "https://orcid.org/0009-0001-2017-8805"
        }
      ],
      "license": {
        "@id": "https://spdx.org/licenses/CC-BY-4.0"
      },
      "name": "Scanpy Parameter Iterator workflow full (imported from URL)",
      "version": 2,
      "programmingLanguage": {
        "@id": "https://w3id.org/workflowhub/workflow-ro-crate#galaxy"
      }
    },
    {
      "@id": "https://spdx.org/licenses/CC-BY-4.0",
      "@type": "CreativeWork",
      "name": "CC-BY-4.0"
    },
    {
      "@id": "https://w3id.org/workflowhub/workflow-ro-crate#galaxy",
      "@type": "ComputerLanguage",
      "identifier": {
        "@id": "https://galaxyproject.org/"
      },
      "name": "Galaxy",
      "url": {
        "@id": "https://galaxyproject.org/"
      },
      "version": "23.1"
    },
    {
      "@id": "https://orcid.org/0009-0001-2017-8805",
      "@type": "Person",
      "name": "Julia Jakiela"
    }
  ]
}